version 1
nodes
0 "Dummy002" -1
1 "Dummy003" 0
2 "Dummy006" 1
3 "Dummy017" 2
4 "Dummy026" 3
5 "Dummy027" 3
6 "Dummy028" 3
7 "Dummy029" 3
8 "Dummy032" 7
9 "Dummy030" 3
10 "Dummy031" 9
11 "Dummy018" 2
12 "Dummy023" 11
13 "Dummy024" 12
14 "Dummy025" 13
15 "Dummy019" 2
16 "Dummy020" 15
17 "Dummy021" 16
18 "Dummy022" 17
19 "Dummy007" 1
20 "Dummy014" 19
21 "Dummy015" 20
22 "Dummy016" 21
23 "Dummy008" 1
24 "Dummy011" 23
25 "Dummy012" 24
26 "Dummy013" 25
27 "Dummy009" 1
28 "Dummy010" 27
29 "Dummy004" 0
30 "Dummy005" 0
end
skeleton
time 0
0 0.000000 -0.011830 0.001362 1.570796 -0.000000 0.000000
1 0.000000 5.374835 1.047542 -0.000000 -0.000000 0.000000
2 0.000000 4.421129 -0.770442 -0.000000 -0.000000 0.000000
3 0.000000 4.968050 -0.338579 -0.000000 -0.000000 0.000000
4 0.000000 -0.041321 2.256719 -0.000000 -0.000000 0.000000
5 0.377254 2.043627 1.871712 -0.000000 -0.000000 0.000000
6 -0.371243 2.037910 1.871712 -0.000000 -0.000000 0.000000
7 0.637266 2.483393 0.041078 -0.000000 -0.000000 0.000000
8 0.000000 3.023198 0.141963 -0.000000 -0.000000 0.000000
9 -0.667612 2.505623 0.031530 -0.000000 -0.000000 0.000000
10 0.000000 3.017833 0.162528 -0.000000 -0.000000 0.000000
11 4.048278 3.459082 -0.143201 -0.000000 -0.000000 0.000000
12 4.241898 0.013691 -0.000000 -0.000000 -0.000000 0.000000
13 3.472365 -0.041068 0.000000 -0.000000 0.000000 0.000000
14 0.927999 -1.640539 0.000000 0.000000 -0.000000 0.000000
15 -4.163734 3.450102 -0.183745 -0.000000 -0.000000 0.000000
16 -4.142495 0.000000 -0.000000 -0.000000 -0.000000 0.000000
17 -3.425852 -0.027377 -0.000000 -0.000000 -0.000000 0.000000
18 -0.841549 -1.666121 0.000000 0.000000 0.000000 -0.000000
19 1.623928 -2.502659 -0.129577 -0.000000 0.000000 -0.000000
20 -0.000000 -1.693713 0.244139 -0.000000 0.000000 -0.000000
21 0.000000 -0.888567 -0.289915 -0.432089 -0.432089 1.570796
22 0.000000 -0.145116 0.314681 -0.000000 -0.000000 0.000000
23 -1.654276 -2.502659 -0.129577 -0.000000 -0.000000 0.000000
24 0.000000 -1.693713 0.244139 -0.000000 -0.000000 0.000000
25 0.000000 -0.888567 -0.289915 -0.432089 -0.432089 1.570796
26 -0.000000 -0.145116 0.314681 -0.000000 0.000000 -0.000000
27 0.000000 -1.997642 -2.924505 -0.000000 -0.000000 0.000000
28 0.000000 0.477135 -3.141090 -0.000000 -0.000000 0.000000
29 0.978972 0.325992 0.864349 -0.000000 -0.000000 0.000000
30 -0.934474 0.287289 0.883701 -0.000000 -0.000000 0.000000
end
triangles
larry.png
11 8.052299 -0.356402 13.348800 -0.107315 -0.917003 0.384172 -0.865700 -2.301700
11 6.634800 -0.304202 13.316400 0.011137 -0.875632 0.482850 -0.870100 -2.301700
11 6.634800 -0.304202 13.100400 -0.006654 -0.875119 -0.483861 -0.870100 -2.296900
larry.png
11 8.052299 -0.127802 13.490101 -0.140727 -0.089307 0.986012 -0.865700 -2.304200
11 6.634800 -0.127802 13.428900 0.020557 0.089726 0.995754 -0.870100 -2.304200
11 6.634800 -0.304202 13.316400 0.011137 -0.875632 0.482850 -0.870100 -2.301700
larry.png
12 9.315900 -1.062002 13.433400 -0.419607 -0.740137 0.525478 -0.813900 -2.303700
12 8.489700 -0.428402 13.392900 -0.483852 -0.775318 0.405919 -0.829500 -2.303000
12 9.143100 -1.026002 13.246200 -0.839065 -0.541578 0.051601 -0.817000 -2.300100
larry.png
11 8.288100 -0.398702 13.374000 -0.204128 -0.819191 0.535964 -0.861400 -2.301900
12 8.489700 -0.428402 13.392900 -0.483852 -0.775318 0.405919 -0.829500 -2.303000
12 8.489700 -0.127802 13.599900 -0.467210 0.003064 0.884141 -0.829500 -2.307200
larry.png
11 8.052299 -0.127802 12.926701 -0.128717 0.000909 -0.991681 -0.865700 -2.294500
11 6.634800 -0.304202 13.100400 -0.006654 -0.875119 -0.483861 -0.870100 -2.296900
11 6.634800 -0.127802 12.988800 0.031684 0.000986 -0.999497 -0.870100 -2.294500
larry.png
12 10.219500 -1.131302 12.205800 -0.604614 -0.569317 -0.557064 -0.797600 -2.279700
12 10.556100 -0.812702 11.937600 -0.252492 -0.211650 -0.944167 -0.791500 -2.274400
12 10.410300 -1.521002 11.820601 -0.626084 -0.202324 -0.753050 -0.793200 -2.273600
larry.png
12 10.556100 -0.812702 11.937600 -0.252492 -0.211650 -0.944167 -0.791500 -2.274400
12 10.219500 -1.131302 12.205800 -0.604614 -0.569317 -0.557064 -0.797600 -2.279700
12 9.315900 -0.298802 12.251700 -0.439666 -0.549588 -0.710385 -0.813900 -2.280600
larry.png
12 8.489700 -0.127802 13.599900 -0.467210 0.003064 0.884141 -0.829500 -2.307200
12 8.489700 -0.428402 13.392900 -0.483852 -0.775318 0.405919 -0.829500 -2.303000
12 9.303300 -0.387002 14.143499 -0.465357 -0.538440 0.702513 -0.814100 -2.317600
larry.png
12 10.412101 -1.558802 14.605200 -0.642428 -0.111825 0.758144 -0.793200 -2.325100
12 10.557899 -0.920702 14.477400 -0.251357 -0.217522 0.943135 -0.791500 -2.324200
12 10.248301 -1.094402 14.229900 -0.606206 -0.575909 0.548491 -0.797100 -2.319300
larry.png
12 9.135900 -1.408502 13.208400 -0.335364 -0.371563 -0.865721 -0.816500 -2.299300
12 9.315900 -1.065602 12.991501 -0.456891 -0.738021 -0.496565 -0.813900 -2.295100
12 9.472500 -1.233002 13.208400 -0.251427 -0.955535 -0.154070 -0.811100 -2.299300
larry.png
12 10.248301 -1.094402 14.229900 -0.606206 -0.575909 0.548491 -0.797100 -2.319300
12 10.567801 -1.346402 13.946400 -0.256739 -0.945538 0.200108 -0.791300 -2.313800
12 10.412101 -1.558802 14.605200 -0.659894 -0.747119 0.079701 -0.793200 -2.325100
larry.png
12 10.410300 -1.521002 11.820601 -0.198527 0.199376 -0.959602 -0.793200 -2.273600
12 10.556100 -0.812702 11.937600 -0.252492 -0.211650 -0.944167 -0.791500 -2.274400
12 10.856700 -1.296002 12.044700 -0.039485 -0.582377 -0.811960 -0.786100 -2.276500
larry.png
12 10.556100 -1.376101 12.457800 -0.250866 -0.948394 -0.193946 -0.791500 -2.284600
12 10.410300 -1.521002 11.820601 -0.182402 -0.948902 0.257518 -0.793200 -2.273600
12 10.856700 -1.296002 12.044700 -0.045071 -0.822849 -0.566469 -0.786100 -2.276500
larry.png
12 10.412101 -1.558802 14.605200 -0.204631 -0.916463 -0.343834 -0.793200 -2.325100
12 10.567801 -1.346402 13.946400 -0.256739 -0.945538 0.200108 -0.791300 -2.313800
12 10.890000 -1.273502 14.355901 -0.020655 -0.835698 0.548801 -0.785500 -2.321800
larry.png
13 13.255200 -1.413902 15.777901 -0.331211 -0.711852 0.619328 -0.741300 -2.350800
13 12.440701 -1.285202 15.297300 -0.626237 -0.482991 0.612003 -0.756400 -2.341200
13 12.950100 -2.005202 14.277600 -0.281657 -0.948596 0.144339 -0.747000 -2.320800
larry.png
13 13.530600 -1.117802 12.212100 0.200893 -0.489014 -0.848827 -0.736200 -2.279400
13 13.050000 -1.152902 11.810699 0.658819 -0.704151 -0.264818 -0.745100 -2.271300
13 13.427099 -0.127802 11.946600 0.917465 0.000185 -0.397817 -0.738100 -2.274000
larry.png
13 13.795199 -0.127802 12.023100 -0.249941 0.000171 -0.968261 -0.731300 -2.275600
13 13.530600 -1.117802 12.212100 0.200893 -0.489014 -0.848827 -0.736200 -2.279400
13 13.427099 -0.127802 11.946600 0.621885 -0.086116 -0.778359 -0.738100 -2.274000
larry.png
14 13.573800 -0.127802 11.713500 0.339888 0.000235 0.940466 -0.735400 -2.269400
14 13.205701 -0.929702 11.432700 0.457313 -0.708289 0.537766 -0.742200 -2.263700
14 13.645800 -0.773102 11.501100 0.396722 -0.446425 0.802070 -0.734100 -2.265100
larry.png
14 13.573800 -0.127802 11.713500 0.339888 0.000235 0.940466 -0.735400 -2.269400
14 13.645800 -0.773102 11.501100 0.396722 -0.446425 0.802070 -0.734100 -2.265100
14 13.909500 -0.127802 11.659500 0.618581 0.000267 0.785721 -0.730100 -2.267600
larry.png
14 13.645800 -0.773102 11.501100 0.396722 -0.446425 0.802070 -0.734100 -2.265100
14 14.239800 -1.016101 10.978200 0.293856 -0.522470 0.800421 -0.723100 -2.254600
14 14.036400 -0.127802 11.327400 0.561602 0.000206 0.827407 -0.726900 -2.261600
larry.png
14 13.909500 -0.127802 11.659500 0.618581 0.000267 0.785721 -0.730100 -2.267600
14 13.645800 -0.773102 11.501100 0.396722 -0.446425 0.802070 -0.734100 -2.265100
14 14.036400 -0.127802 11.327400 0.561602 0.000206 0.827407 -0.726900 -2.261600
larry.png
14 14.036400 -0.127802 11.327400 0.561602 0.000206 0.827407 -0.726900 -2.261600
14 14.239800 -1.016101 10.978200 0.293856 -0.522470 0.800421 -0.723100 -2.254600
14 14.400001 -0.127802 11.363400 0.392860 0.000204 0.919598 -0.721000 -2.261600
larry.png
14 14.400001 -0.127802 11.363400 0.392860 0.000204 0.919598 -0.721000 -2.261600
14 14.239800 -1.016101 10.978200 0.293856 -0.522470 0.800421 -0.723100 -2.254600
14 14.577299 -0.127801 11.137500 0.241447 0.000273 0.970414 -0.716900 -2.257800
larry.png
14 14.239800 -1.016101 10.978200 0.293856 -0.522470 0.800421 -0.723100 -2.254600
14 13.645800 -0.773102 11.501100 0.396722 -0.446425 0.802070 -0.734100 -2.265100
14 13.205701 -0.929702 11.432700 0.457313 -0.708289 0.537766 -0.742200 -2.263700
larry.png
14 14.577299 -0.127801 11.137500 0.241447 0.000273 0.970414 -0.716900 -2.257800
14 14.239800 -1.016101 10.978200 0.293856 -0.522470 0.800421 -0.723100 -2.254600
14 15.071400 -0.542701 11.024100 0.340870 -0.491853 0.801179 -0.707700 -2.255600
larry.png
14 14.577299 -0.127801 11.137500 0.241447 0.000273 0.970414 -0.716900 -2.257800
14 15.071400 -0.542701 11.024100 0.340870 -0.491853 0.801179 -0.707700 -2.255600
14 15.107400 -0.127802 11.250000 0.292230 0.000481 0.956348 -0.707100 -2.260100
larry.png
14 15.107400 -0.127802 11.250000 0.292230 0.000481 0.956348 -0.707100 -2.260100
14 15.071400 -0.542701 11.024100 0.340870 -0.491853 0.801179 -0.707700 -2.255600
14 15.312600 -0.127801 11.043900 0.960995 0.000295 0.276565 -0.703200 -2.255900
larry.png
14 15.312600 -0.127801 11.043900 0.960995 0.000295 0.276565 -0.703200 -2.255900
14 15.071400 -0.542701 11.024100 0.340870 -0.491853 0.801179 -0.707700 -2.255600
14 15.010200 -0.984601 10.686600 0.793372 -0.554466 -0.251253 -0.708800 -2.248800
larry.png
14 14.254200 -0.944101 10.283401 0.209960 -0.370274 -0.904884 -0.722800 -2.240700
14 14.148900 -0.127801 10.060200 0.195184 0.000127 -0.980767 -0.724800 -2.236200
14 15.014700 -0.127801 10.465199 0.620559 0.000099 -0.784160 -0.708800 -2.244300
larry.png
14 15.014700 -0.127801 10.465199 0.620559 0.000099 -0.784160 -0.708800 -2.244300
14 15.010200 -0.984601 10.686600 0.761815 -0.413445 -0.498699 -0.708800 -2.248800
14 14.254200 -0.944101 10.283401 0.209960 -0.370274 -0.904884 -0.722800 -2.240700
larry.png
14 14.254200 -0.944101 10.283401 0.209960 -0.370274 -0.904884 -0.722800 -2.240700
14 13.539600 -1.017901 10.318500 -0.201194 -0.591047 -0.781143 -0.736100 -2.241400
14 13.530600 -0.127801 10.090799 -0.146326 0.000128 -0.989236 -0.736200 -2.236800
larry.png
14 14.148900 -0.127801 10.060200 0.195184 0.000127 -0.980767 -0.724800 -2.236200
14 14.254200 -0.944101 10.283401 0.209960 -0.370274 -0.904884 -0.722800 -2.240700
14 13.530600 -0.127801 10.090799 -0.146326 0.000128 -0.989236 -0.736200 -2.236800
larry.png
14 13.530600 -0.127801 10.090799 -0.146326 0.000128 -0.989236 -0.736200 -2.236800
14 13.539600 -1.017901 10.318500 -0.201194 -0.591047 -0.781143 -0.736100 -2.241400
14 12.360600 -0.127801 10.542600 -0.686466 0.000155 -0.727162 -0.757900 -2.245900
larry.png
14 13.539600 -1.017901 10.318500 -0.201194 -0.591047 -0.781143 -0.736100 -2.241400
14 12.762000 -1.244702 10.985400 -0.091406 -0.873145 -0.478814 -0.750400 -2.254800
14 12.360600 -0.127801 10.542600 -0.686466 0.000155 -0.727162 -0.757900 -2.245900
larry.png
13 11.757600 -0.127802 14.908500 -0.495142 -0.003046 0.868807 -0.769000 -2.333400
12 10.557899 -0.920702 14.477400 -0.251357 -0.217522 0.943135 -0.791500 -2.324200
12 10.890000 -1.273502 14.355901 0.071937 -0.726667 0.683213 -0.785500 -2.321800
larry.png
13 12.440701 -1.285202 15.297300 -0.626237 -0.482991 0.612003 -0.756400 -2.341200
13 12.066300 -1.212302 14.853601 -0.565135 -0.628593 0.534316 -0.763300 -2.332300
13 12.950100 -2.005202 14.277600 -0.281657 -0.948596 0.144339 -0.747000 -2.320800
larry.png
13 11.757600 -0.127802 14.908500 -0.495142 -0.003046 0.868807 -0.769000 -2.333400
13 12.066300 -1.212302 14.853601 -0.565135 -0.628593 0.534316 -0.763300 -2.332300
13 12.440701 -1.285202 15.297300 -0.626237 -0.482991 0.612003 -0.756400 -2.341200
larry.png
13 12.440701 -1.285202 15.297300 -0.626237 -0.482991 0.612003 -0.756400 -2.341200
13 13.255200 -1.413902 15.777901 -0.331211 -0.711852 0.619328 -0.741300 -2.350800
13 13.089600 -0.127802 16.174799 -0.430697 0.000099 0.902497 -0.744400 -2.358800
larry.png
13 12.184200 -0.127802 15.491700 -0.712187 0.000100 0.701990 -0.761100 -2.345100
13 12.440701 -1.285202 15.297300 -0.626237 -0.482991 0.612003 -0.756400 -2.341200
13 13.089600 -0.127802 16.174799 -0.430697 0.000099 0.902497 -0.744400 -2.358800
larry.png
13 13.089600 -0.127802 16.174799 -0.430697 0.000099 0.902497 -0.744400 -2.358800
13 13.255200 -1.413902 15.777901 -0.331211 -0.711852 0.619328 -0.741300 -2.350800
13 14.373900 -1.537202 16.085699 -0.071696 -0.549084 0.832686 -0.720600 -2.357000
larry.png
13 14.373900 -1.537202 16.085699 -0.071696 -0.549084 0.832686 -0.720600 -2.357000
13 14.384700 -0.127802 16.507801 -0.035931 0.000088 0.999354 -0.720400 -2.365500
13 13.089600 -0.127802 16.174799 -0.430697 0.000099 0.902497 -0.744400 -2.358800
larry.png
13 15.752701 -0.127802 16.258499 0.350209 0.000077 0.936672 -0.695100 -2.360500
13 14.373900 -1.537202 16.085699 -0.071696 -0.549084 0.832686 -0.720600 -2.357000
13 15.664499 -1.505702 15.950700 0.260777 -0.727444 0.634681 -0.696700 -2.354300
larry.png
13 15.752701 -0.127802 16.258499 0.350209 0.000077 0.936672 -0.695100 -2.360500
13 14.384700 -0.127802 16.507801 -0.035931 0.000088 0.999354 -0.720400 -2.365500
13 14.373900 -1.537202 16.085699 -0.071696 -0.549084 0.832686 -0.720600 -2.357000
larry.png
13 15.752701 -0.127802 16.258499 0.350209 0.000077 0.936672 -0.695100 -2.360500
13 15.664499 -1.505702 15.950700 0.260777 -0.727444 0.634681 -0.696700 -2.354300
13 16.637400 -1.298702 15.402600 0.645609 -0.463431 0.606976 -0.678700 -2.343300
larry.png
13 15.752701 -0.127802 16.258499 0.350209 0.000077 0.936672 -0.695100 -2.360500
13 16.637400 -1.298702 15.402600 0.645609 -0.463431 0.606976 -0.678700 -2.343300
13 16.803900 -0.127802 15.567300 0.731187 0.000074 0.682178 -0.675700 -2.346600
larry.png
13 17.532000 -0.127802 14.273100 0.957687 0.000062 0.287812 -0.662200 -2.320700
13 16.803900 -0.127802 15.567300 0.731187 0.000074 0.682178 -0.675700 -2.346600
13 16.637400 -1.298702 15.402600 0.645609 -0.463431 0.606976 -0.678700 -2.343300
larry.png
13 17.532000 -0.127802 14.273100 0.957687 0.000062 0.287812 -0.662200 -2.320700
13 16.637400 -1.298702 15.402600 0.645609 -0.463431 0.606976 -0.678700 -2.343300
13 17.343000 -1.412102 14.235300 0.716969 -0.672270 0.184414 -0.665700 -2.319900
larry.png
13 17.532000 -0.127802 14.273100 0.957687 0.000062 0.287812 -0.662200 -2.320700
13 17.343000 -1.412102 14.235300 0.716969 -0.672270 0.184414 -0.665700 -2.319900
13 17.424000 -1.270802 12.628800 0.848798 -0.476864 -0.228349 -0.664200 -2.287700
larry.png
13 17.532000 -0.127802 14.273100 0.957687 0.000062 0.287812 -0.662200 -2.320700
13 17.424000 -1.270802 12.628800 0.848798 -0.476864 -0.228349 -0.664200 -2.287700
13 17.640900 -0.127802 12.537000 0.986568 0.000076 -0.163352 -0.660200 -2.285900
larry.png
13 17.108101 -0.127802 11.247299 0.701585 0.000148 -0.712585 -0.670000 -2.260000
13 17.640900 -0.127802 12.537000 0.986568 0.000076 -0.163352 -0.660200 -2.285900
13 17.424000 -1.270802 12.628800 0.848798 -0.476864 -0.228349 -0.664200 -2.287700
larry.png
13 17.108101 -0.127802 11.247299 0.701585 0.000148 -0.712585 -0.670000 -2.260000
13 17.424000 -1.270802 12.628800 0.848798 -0.476864 -0.228349 -0.664200 -2.287700
13 16.841700 -0.928802 11.415600 0.134689 -0.636671 -0.759282 -0.675000 -2.263400
larry.png
13 17.108101 -0.127802 11.247299 0.701585 0.000148 -0.712585 -0.670000 -2.260000
13 16.841700 -0.928802 11.415600 0.134689 -0.636671 -0.759282 -0.675000 -2.263400
13 16.626600 -0.127802 11.198700 -0.309817 0.000175 -0.950796 -0.679000 -2.259100
larry.png
13 16.626600 -0.127802 11.198700 -0.309817 0.000175 -0.950796 -0.679000 -2.259100
13 16.841700 -0.928802 11.415600 0.134689 -0.636671 -0.759282 -0.675000 -2.263400
13 16.181099 -0.977402 11.850300 -0.128929 -0.625086 -0.769835 -0.687200 -2.272100
larry.png
13 16.626600 -0.127802 11.198700 -0.309817 0.000175 -0.950796 -0.679000 -2.259100
13 16.181099 -0.977402 11.850300 -0.128929 -0.625086 -0.769835 -0.687200 -2.272100
13 16.049700 -0.127802 11.511001 -0.006715 0.000185 -0.999977 -0.689600 -2.265300
larry.png
13 16.049700 -0.127802 11.511001 -0.006715 0.000185 -0.999977 -0.689600 -2.265300
13 16.181099 -0.977402 11.850300 -0.128929 -0.625086 -0.769835 -0.687200 -2.272100
13 15.651899 -0.921602 11.692801 -0.256819 -0.515550 -0.817467 -0.697000 -2.268900
larry.png
13 16.049700 -0.127802 11.511001 -0.006715 0.000185 -0.999977 -0.689600 -2.265300
13 15.651899 -0.921602 11.692801 -0.256819 -0.515550 -0.817467 -0.697000 -2.268900
13 15.548400 -0.127802 11.412900 -0.336040 0.000193 -0.941848 -0.698900 -2.264800
larry.png
13 15.548400 -0.127802 11.412900 -0.336040 0.000193 -0.941848 -0.698900 -2.264800
13 15.651899 -0.921602 11.692801 -0.256819 -0.515550 -0.817467 -0.697000 -2.268900
13 15.219900 -0.127802 11.809799 -0.338330 0.000263 -0.941028 -0.705600 -2.271000
larry.png
13 14.796000 -0.127802 11.618100 0.003409 -0.181118 -0.983456 -0.712900 -2.270300
13 15.219900 -0.127802 11.809799 -0.200709 -0.084303 -0.976017 -0.705600 -2.271000
13 14.879701 -0.760502 11.978100 -0.153635 -0.474566 -0.866708 -0.711300 -2.274700
larry.png
13 14.796000 -0.127802 11.618100 -0.493629 -0.187649 -0.849187 -0.712900 -2.270300
13 14.879701 -0.760502 11.978100 -0.153635 -0.474566 -0.866708 -0.711300 -2.274700
13 14.503500 -0.127802 12.020400 -0.323169 -0.196284 -0.925761 -0.718200 -2.275500
larry.png
13 13.795199 -0.127802 12.023100 -0.249941 0.000171 -0.968261 -0.731300 -2.275600
13 14.114700 -0.640802 12.011400 0.112110 -0.447235 -0.887363 -0.725400 -2.275300
13 13.530600 -1.117802 12.212100 0.200893 -0.489014 -0.848827 -0.736200 -2.279400
larry.png
13 14.112000 -0.127802 11.724300 0.211385 -0.171293 -0.962276 -0.725500 -2.271000
13 14.503500 -0.127802 12.020400 0.099926 -0.081856 -0.991622 -0.718200 -2.275500
13 14.114700 -0.640802 12.011400 0.112110 -0.447235 -0.887363 -0.725400 -2.275300
larry.png
13 14.112000 -0.127802 11.724300 -0.321495 -0.181239 -0.929405 -0.725500 -2.271000
13 14.114700 -0.640802 12.011400 0.112110 -0.447235 -0.887363 -0.725400 -2.275300
13 13.795199 -0.127802 12.023100 -0.249941 0.000171 -0.968261 -0.731300 -2.275600
larry.png
14 13.775399 -1.340101 10.786500 0.031469 -0.972573 0.230458 -0.731700 -2.250800
14 14.239800 -1.016101 10.978200 0.293856 -0.522470 0.800421 -0.723100 -2.254600
14 13.205701 -0.929702 11.432700 0.457313 -0.708289 0.537766 -0.742200 -2.263700
larry.png
14 13.775399 -1.340101 10.786500 0.031469 -0.972573 0.230458 -0.731700 -2.250800
14 13.205701 -0.929702 11.432700 0.457313 -0.708289 0.537766 -0.742200 -2.263700
14 12.762000 -1.244702 10.985400 0.043817 -0.987495 -0.151436 -0.750400 -2.254800
larry.png
14 15.071400 -0.542701 11.024100 0.340870 -0.491853 0.801179 -0.707700 -2.255600
14 14.424300 -1.341001 10.643400 0.201380 -0.831454 0.517813 -0.719700 -2.247900
14 15.010200 -0.984601 10.686600 0.554069 -0.552392 0.622793 -0.708800 -2.248800
larry.png
14 14.424300 -1.341001 10.643400 0.201380 -0.831454 0.517813 -0.719700 -2.247900
14 14.239800 -1.016101 10.978200 0.293856 -0.522470 0.800421 -0.723100 -2.254600
14 13.775399 -1.340101 10.786500 0.031469 -0.972573 0.230458 -0.731700 -2.250800
larry.png
14 15.071400 -0.542701 11.024100 0.340870 -0.491853 0.801179 -0.707700 -2.255600
14 14.239800 -1.016101 10.978200 0.293856 -0.522470 0.800421 -0.723100 -2.254600
14 14.424300 -1.341001 10.643400 0.201380 -0.831454 0.517813 -0.719700 -2.247900
larry.png
14 12.360600 -0.127801 10.542600 -0.686466 0.000155 -0.727162 -0.757900 -2.245900
14 12.762000 -1.244702 10.985400 -0.260201 -0.916870 -0.302729 -0.750400 -2.254800
13 12.555900 -1.365301 11.475900 -0.245867 -0.827748 -0.504363 -0.754300 -2.264600
larry.png
13 12.555900 -1.365301 11.475900 -0.245867 -0.827748 -0.504363 -0.754300 -2.264600
14 12.762000 -1.244702 10.985400 -0.073253 -0.952682 -0.295010 -0.750400 -2.254800
13 13.050000 -1.152902 11.810699 0.658819 -0.704151 -0.264818 -0.745100 -2.271300
larry.png
14 12.762000 -1.244702 10.985400 0.115475 -0.967826 -0.223557 -0.750400 -2.254800
14 13.205701 -0.929702 11.432700 0.457313 -0.708289 0.537766 -0.742200 -2.263700
13 13.050000 -1.152902 11.810699 0.658819 -0.704151 -0.264818 -0.745100 -2.271300
larry.png
13 13.427099 -0.127802 11.946600 0.968469 -0.047331 -0.244598 -0.738100 -2.274000
13 13.050000 -1.152902 11.810699 0.658819 -0.704151 -0.264818 -0.745100 -2.271300
14 13.205701 -0.929702 11.432700 0.457313 -0.708289 0.537766 -0.742200 -2.263700
larry.png
14 13.573800 -0.127802 11.713500 0.339888 0.000235 0.940466 -0.735400 -2.269400
13 13.427099 -0.127802 11.946600 0.998442 0.000175 -0.055804 -0.738100 -2.274000
14 13.205701 -0.929702 11.432700 0.457313 -0.708289 0.537766 -0.742200 -2.263700
larry.png
14 13.539600 -1.017901 10.318500 -0.201194 -0.591047 -0.781143 -0.736100 -2.241400
14 13.775399 -1.340101 10.786500 0.031469 -0.972573 0.230458 -0.731700 -2.250800
14 12.762000 -1.244702 10.985400 -0.073253 -0.952682 -0.295010 -0.750400 -2.254800
larry.png
14 14.254200 -0.944101 10.283401 0.209960 -0.370274 -0.904884 -0.722800 -2.240700
14 15.010200 -0.984601 10.686600 0.761815 -0.413445 -0.498699 -0.708800 -2.248800
14 14.424300 -1.341001 10.643400 0.101292 -0.704541 -0.702398 -0.719700 -2.247900
larry.png
14 13.539600 -1.017901 10.318500 -0.201194 -0.591047 -0.781143 -0.736100 -2.241400
14 14.254200 -0.944101 10.283401 0.209960 -0.370274 -0.904884 -0.722800 -2.240700
14 14.424300 -1.341001 10.643400 0.101292 -0.704541 -0.702398 -0.719700 -2.247900
larry.png
14 13.539600 -1.017901 10.318500 -0.201194 -0.591047 -0.781143 -0.736100 -2.241400
14 14.424300 -1.341001 10.643400 0.263198 -0.963731 0.044158 -0.719700 -2.247900
14 13.775399 -1.340101 10.786500 0.031469 -0.972573 0.230458 -0.731700 -2.250800
larry.png
13 14.114700 -0.640802 12.011400 0.112110 -0.447235 -0.887363 -0.725400 -2.275300
13 14.130899 -1.854902 12.870900 -0.009802 -0.804010 -0.594536 -0.725100 -2.292600
13 13.530600 -1.117802 12.212100 0.200893 -0.489014 -0.848827 -0.736200 -2.279400
larry.png
13 14.503500 -0.127802 12.020400 -0.045716 0.000297 -0.998954 -0.718200 -2.275500
13 14.879701 -0.760502 11.978100 -0.153635 -0.474566 -0.866708 -0.711300 -2.274700
13 14.130899 -1.854902 12.870900 -0.009802 -0.804010 -0.594536 -0.725100 -2.292600
larry.png
13 14.503500 -0.127802 12.020400 0.099926 -0.081856 -0.991622 -0.718200 -2.275500
13 14.130899 -1.854902 12.870900 -0.009802 -0.804010 -0.594536 -0.725100 -2.292600
13 14.114700 -0.640802 12.011400 0.112110 -0.447235 -0.887363 -0.725400 -2.275300
larry.png
13 12.701699 -1.781102 12.960899 0.055806 -0.953127 -0.297379 -0.751600 -2.294400
13 12.555900 -1.365301 11.475900 -0.245867 -0.827748 -0.504363 -0.754300 -2.264600
13 13.050000 -1.152902 11.810699 0.658819 -0.704151 -0.264818 -0.745100 -2.271300
larry.png
13 13.050000 -1.152902 11.810699 0.658819 -0.704151 -0.264818 -0.745100 -2.271300
13 13.530600 -1.117802 12.212100 0.200893 -0.489014 -0.848827 -0.736200 -2.279400
13 12.701699 -1.781102 12.960899 0.055806 -0.953127 -0.297379 -0.751600 -2.294400
larry.png
13 12.159900 -1.836002 13.766400 -0.287099 -0.938011 0.194190 -0.761600 -2.310500
13 12.701699 -1.781102 12.960899 0.055806 -0.953127 -0.297379 -0.751600 -2.294400
13 12.950100 -2.005202 14.277600 -0.281657 -0.948596 0.144339 -0.747000 -2.320800
larry.png
13 13.530600 -1.117802 12.212100 0.200893 -0.489014 -0.848827 -0.736200 -2.279400
13 14.130899 -1.854902 12.870900 -0.009802 -0.804010 -0.594536 -0.725100 -2.292600
13 12.701699 -1.781102 12.960899 0.055806 -0.953127 -0.297379 -0.751600 -2.294400
larry.png
13 12.701699 -1.781102 12.960899 0.055806 -0.953127 -0.297379 -0.751600 -2.294400
13 14.130899 -1.854902 12.870900 -0.009802 -0.804010 -0.594536 -0.725100 -2.292600
13 12.950100 -2.005202 14.277600 -0.281657 -0.948596 0.144339 -0.747000 -2.320800
larry.png
13 15.725700 -1.737002 12.681001 -0.041776 -0.783504 -0.619981 -0.695600 -2.288800
13 14.130899 -1.854902 12.870900 -0.009802 -0.804010 -0.594536 -0.725100 -2.292600
13 14.879701 -0.760502 11.978100 -0.153635 -0.474566 -0.866708 -0.711300 -2.274700
larry.png
13 15.219900 -0.127802 11.809799 -0.200709 -0.084303 -0.976017 -0.705600 -2.271000
13 15.725700 -1.737002 12.681001 -0.041776 -0.783504 -0.619981 -0.695600 -2.288800
13 14.879701 -0.760502 11.978100 -0.153635 -0.474566 -0.866708 -0.711300 -2.274700
larry.png
13 16.181099 -0.977402 11.850300 -0.128929 -0.625086 -0.769835 -0.687200 -2.272100
13 15.725700 -1.737002 12.681001 -0.041776 -0.783504 -0.619981 -0.695600 -2.288800
13 15.651899 -0.921602 11.692801 -0.256819 -0.515550 -0.817467 -0.697000 -2.268900
larry.png
13 16.807499 -1.642502 12.764700 0.232699 -0.913544 -0.333600 -0.675600 -2.290400
13 15.725700 -1.737002 12.681001 -0.041776 -0.783504 -0.619981 -0.695600 -2.288800
13 16.181099 -0.977402 11.850300 -0.128929 -0.625086 -0.769835 -0.687200 -2.272100
larry.png
13 16.841700 -0.928802 11.415600 0.134689 -0.636671 -0.759282 -0.675000 -2.263400
13 17.424000 -1.270802 12.628800 0.848798 -0.476864 -0.228349 -0.664200 -2.287700
13 16.807499 -1.642502 12.764700 0.232699 -0.913544 -0.333600 -0.675600 -2.290400
larry.png
13 16.181099 -0.977402 11.850300 -0.128929 -0.625086 -0.769835 -0.687200 -2.272100
13 16.841700 -0.928802 11.415600 0.134689 -0.636671 -0.759282 -0.675000 -2.263400
13 16.807499 -1.642502 12.764700 0.232699 -0.913544 -0.333600 -0.675600 -2.290400
larry.png
13 14.265901 -2.258102 14.208300 -0.064169 -0.985994 0.153944 -0.722600 -2.319400
13 12.950100 -2.005202 14.277600 -0.281657 -0.948596 0.144339 -0.747000 -2.320800
13 14.130899 -1.854902 12.870900 -0.009802 -0.804010 -0.594536 -0.725100 -2.292600
larry.png
13 14.265901 -2.258102 14.208300 -0.064169 -0.985994 0.153944 -0.722600 -2.319400
13 13.255200 -1.413902 15.777901 -0.331211 -0.711852 0.619328 -0.741300 -2.350800
13 12.950100 -2.005202 14.277600 -0.281657 -0.948596 0.144339 -0.747000 -2.320800
larry.png
13 14.373900 -1.537202 16.085699 -0.071696 -0.549084 0.832686 -0.720600 -2.357000
13 13.255200 -1.413902 15.777901 -0.331211 -0.711852 0.619328 -0.741300 -2.350800
13 14.265901 -2.258102 14.208300 -0.064169 -0.985994 0.153944 -0.722600 -2.319400
larry.png
13 16.807499 -1.642502 12.764700 0.232699 -0.913544 -0.333600 -0.675600 -2.290400
13 15.719400 -2.165402 14.015699 0.214049 -0.976813 0.004416 -0.695700 -2.315500
13 15.725700 -1.737002 12.681001 -0.041776 -0.783504 -0.619981 -0.695600 -2.288800
larry.png
13 15.719400 -2.165402 14.015699 0.214049 -0.976813 0.004416 -0.695700 -2.315500
13 14.265901 -2.258102 14.208300 -0.064169 -0.985994 0.153944 -0.722600 -2.319400
13 14.130899 -1.854902 12.870900 -0.009802 -0.804010 -0.594536 -0.725100 -2.292600
larry.png
13 14.130899 -1.854902 12.870900 -0.009802 -0.804010 -0.594536 -0.725100 -2.292600
13 15.725700 -1.737002 12.681001 -0.041776 -0.783504 -0.619981 -0.695600 -2.288800
13 15.719400 -2.165402 14.015699 0.214049 -0.976813 0.004416 -0.695700 -2.315500
larry.png
13 15.664499 -1.505702 15.950700 0.260777 -0.727444 0.634681 -0.696700 -2.354300
13 14.373900 -1.537202 16.085699 -0.071696 -0.549084 0.832686 -0.720600 -2.357000
13 14.265901 -2.258102 14.208300 -0.064169 -0.985994 0.153944 -0.722600 -2.319400
larry.png
13 14.265901 -2.258102 14.208300 -0.064169 -0.985994 0.153944 -0.722600 -2.319400
13 15.719400 -2.165402 14.015699 0.214049 -0.976813 0.004416 -0.695700 -2.315500
13 15.664499 -1.505702 15.950700 0.260777 -0.727444 0.634681 -0.696700 -2.354300
larry.png
13 15.664499 -1.505702 15.950700 0.260777 -0.727444 0.634681 -0.696700 -2.354300
13 15.719400 -2.165402 14.015699 0.214049 -0.976813 0.004416 -0.695700 -2.315500
13 16.637400 -1.298702 15.402600 0.645609 -0.463431 0.606976 -0.678700 -2.343300
larry.png
13 17.343000 -1.412102 14.235300 0.716969 -0.672270 0.184414 -0.665700 -2.319900
13 16.637400 -1.298702 15.402600 0.645609 -0.463431 0.606976 -0.678700 -2.343300
13 15.719400 -2.165402 14.015699 0.214049 -0.976813 0.004416 -0.695700 -2.315500
larry.png
13 17.343000 -1.412102 14.235300 0.716969 -0.672270 0.184414 -0.665700 -2.319900
13 15.719400 -2.165402 14.015699 0.214049 -0.976813 0.004416 -0.695700 -2.315500
13 16.807499 -1.642502 12.764700 0.232699 -0.913544 -0.333600 -0.675600 -2.290400
larry.png
13 17.424000 -1.270802 12.628800 0.848798 -0.476864 -0.228349 -0.664200 -2.287700
13 17.343000 -1.412102 14.235300 0.716969 -0.672270 0.184414 -0.665700 -2.319900
13 16.807499 -1.642502 12.764700 0.232699 -0.913544 -0.333600 -0.675600 -2.290400
larry.png
13 11.757600 -1.423802 11.926800 -0.220628 -0.775854 -0.591078 -0.769000 -2.273600
13 12.555900 -1.365301 11.475900 -0.245867 -0.827748 -0.504363 -0.754300 -2.264600
13 12.701699 -1.781102 12.960899 0.055806 -0.953127 -0.297379 -0.751600 -2.294400
larry.png
13 11.757600 -1.761302 13.212001 -0.164413 -0.986381 0.004529 -0.769000 -2.299400
12 10.556100 -1.376101 12.457800 -0.250866 -0.948394 -0.193946 -0.791500 -2.284600
12 10.856700 -1.296002 12.044700 0.051603 -0.714913 -0.697306 -0.786100 -2.276500
larry.png
13 11.757600 -0.127802 11.571300 -0.363931 -0.000313 -0.931426 -0.769000 -2.266500
13 12.555900 -1.365301 11.475900 -0.245867 -0.827748 -0.504363 -0.754300 -2.264600
13 11.757600 -1.423802 11.926800 -0.220628 -0.775854 -0.591078 -0.769000 -2.273600
larry.png
11 6.634800 0.047698 13.100400 0.011017 0.875562 -0.482981 -0.870100 -2.296900
11 6.634800 0.047698 13.316400 0.000443 0.924383 0.381465 -0.870100 -2.301700
11 8.052299 0.099898 13.068000 -0.107310 0.917255 -0.383572 -0.865700 -2.296900
larry.png
11 6.634800 0.047698 13.316400 0.000443 0.924383 0.381465 -0.870100 -2.301700
11 6.634800 -0.127802 13.428900 0.020557 0.089726 0.995754 -0.870100 -2.304200
11 8.052299 0.099898 13.348800 -0.123508 0.867737 0.481433 -0.865700 -2.301700
larry.png
12 10.556100 -0.812702 11.937600 -0.252492 -0.211650 -0.944167 -0.791500 -2.274400
12 9.315900 -0.298802 12.251700 -0.439666 -0.549588 -0.710385 -0.813900 -2.280600
12 9.490499 -0.127802 12.096900 -0.156206 -0.015286 -0.987606 -0.810800 -2.277600
larry.png
13 13.255200 1.157398 15.777901 -0.331196 0.711907 0.619272 -0.741300 -2.350800
13 12.440701 1.028698 15.297300 -0.626197 0.483112 0.611948 -0.756400 -2.341200
13 13.089600 -0.127802 16.174799 -0.430697 0.000099 0.902497 -0.744400 -2.358800
larry.png
13 12.950100 1.748698 14.277600 -0.281657 0.948596 0.144340 -0.747000 -2.320800
13 12.440701 1.028698 15.297300 -0.626197 0.483112 0.611948 -0.756400 -2.341200
13 13.255200 1.157398 15.777901 -0.331196 0.711907 0.619272 -0.741300 -2.350800
larry.png
13 13.427099 -0.127802 11.946600 0.917465 0.000185 -0.397817 -0.738100 -2.274000
13 13.050000 0.896398 11.810699 0.658773 0.704187 -0.264837 -0.745100 -2.271300
13 13.530600 0.861298 12.212100 0.200903 0.489083 -0.848785 -0.736200 -2.279400
larry.png
13 13.427099 -0.127802 11.946600 0.621842 0.086330 -0.778370 -0.738100 -2.274000
13 13.530600 0.861298 12.212100 0.200903 0.489083 -0.848785 -0.736200 -2.279400
13 13.795199 -0.127802 12.023100 -0.249941 0.000171 -0.968261 -0.731300 -2.275600
larry.png
14 13.645800 0.516598 11.501100 0.396661 0.446711 0.801941 -0.734100 -2.265100
14 13.205701 0.673199 11.432700 0.457258 0.708412 0.537651 -0.742200 -2.263700
14 13.573800 -0.127802 11.713500 0.339888 0.000235 0.940466 -0.735400 -2.269400
larry.png
14 13.645800 0.516598 11.501100 0.396661 0.446711 0.801941 -0.734100 -2.265100
14 13.573800 -0.127802 11.713500 0.339888 0.000235 0.940466 -0.735400 -2.269400
14 13.909500 -0.127802 11.659500 0.618581 0.000267 0.785721 -0.730100 -2.267600
larry.png
14 14.400001 -0.127802 11.363400 0.392860 0.000204 0.919598 -0.721000 -2.261600
14 14.239800 0.759599 10.978200 0.293839 0.522592 0.800348 -0.723100 -2.254600
14 14.036400 -0.127802 11.327400 0.561602 0.000206 0.827407 -0.726900 -2.261600
larry.png
14 14.036400 -0.127802 11.327400 0.561602 0.000206 0.827407 -0.726900 -2.261600
14 14.239800 0.759599 10.978200 0.293839 0.522592 0.800348 -0.723100 -2.254600
14 13.645800 0.516598 11.501100 0.396661 0.446711 0.801941 -0.734100 -2.265100
larry.png
14 14.036400 -0.127802 11.327400 0.561602 0.000206 0.827407 -0.726900 -2.261600
14 13.645800 0.516598 11.501100 0.396661 0.446711 0.801941 -0.734100 -2.265100
14 13.909500 -0.127802 11.659500 0.618581 0.000267 0.785721 -0.730100 -2.267600
larry.png
14 14.577299 -0.127801 11.137500 0.241447 0.000273 0.970414 -0.716900 -2.257800
14 14.239800 0.759599 10.978200 0.293839 0.522592 0.800348 -0.723100 -2.254600
14 14.400001 -0.127802 11.363400 0.392860 0.000204 0.919598 -0.721000 -2.261600
larry.png
14 13.205701 0.673199 11.432700 0.457258 0.708412 0.537651 -0.742200 -2.263700
14 13.645800 0.516598 11.501100 0.396661 0.446711 0.801941 -0.734100 -2.265100
14 14.239800 0.759599 10.978200 0.293839 0.522592 0.800348 -0.723100 -2.254600
larry.png
14 15.071400 0.286199 11.024100 0.340652 0.492183 0.801070 -0.707700 -2.255600
14 14.239800 0.759599 10.978200 0.293839 0.522592 0.800348 -0.723100 -2.254600
14 14.577299 -0.127801 11.137500 0.241447 0.000273 0.970414 -0.716900 -2.257800
larry.png
14 15.071400 0.286199 11.024100 0.340652 0.492183 0.801070 -0.707700 -2.255600
14 14.577299 -0.127801 11.137500 0.241447 0.000273 0.970414 -0.716900 -2.257800
14 15.107400 -0.127802 11.250000 0.292230 0.000481 0.956348 -0.707100 -2.260100
larry.png
14 15.312600 -0.127801 11.043900 0.960995 0.000295 0.276565 -0.703200 -2.255900
14 15.071400 0.286199 11.024100 0.340652 0.492183 0.801070 -0.707700 -2.255600
14 15.107400 -0.127802 11.250000 0.292230 0.000481 0.956348 -0.707100 -2.260100
larry.png
14 15.010200 0.728099 10.686600 0.793215 0.554794 -0.251025 -0.708800 -2.248800
14 15.071400 0.286199 11.024100 0.340652 0.492183 0.801070 -0.707700 -2.255600
14 15.312600 -0.127801 11.043900 0.960995 0.000295 0.276565 -0.703200 -2.255900
larry.png
14 13.530600 -0.127801 10.090799 -0.146326 0.000128 -0.989236 -0.736200 -2.236800
14 14.254200 0.687599 10.283401 0.209951 0.370428 -0.904823 -0.722800 -2.240700
14 14.148900 -0.127801 10.060200 0.195184 0.000127 -0.980767 -0.724800 -2.236200
larry.png
14 15.014700 -0.127801 10.465199 0.620559 0.000099 -0.784160 -0.708800 -2.244300
14 14.148900 -0.127801 10.060200 0.195184 0.000127 -0.980767 -0.724800 -2.236200
14 14.254200 0.687599 10.283401 0.209951 0.370428 -0.904823 -0.722800 -2.240700
larry.png
14 14.254200 0.687599 10.283401 0.209951 0.370428 -0.904823 -0.722800 -2.240700
14 15.010200 0.728099 10.686600 0.761716 0.413822 -0.498538 -0.708800 -2.248800
14 15.014700 -0.127801 10.465199 0.620559 0.000099 -0.784160 -0.708800 -2.244300
larry.png
14 13.530600 -0.127801 10.090799 -0.146326 0.000128 -0.989236 -0.736200 -2.236800
14 13.539600 0.761399 10.318500 -0.201149 0.591154 -0.781074 -0.736100 -2.241400
14 14.254200 0.687599 10.283401 0.209951 0.370428 -0.904823 -0.722800 -2.240700
larry.png
14 12.360600 -0.127801 10.542600 -0.686466 0.000155 -0.727162 -0.757900 -2.245900
14 13.539600 0.761399 10.318500 -0.201149 0.591154 -0.781074 -0.736100 -2.241400
14 13.530600 -0.127801 10.090799 -0.146326 0.000128 -0.989236 -0.736200 -2.236800
larry.png
14 12.360600 -0.127801 10.542600 -0.686466 0.000155 -0.727162 -0.757900 -2.245900
14 12.762000 0.988199 10.985400 -0.091311 0.873196 -0.478739 -0.750400 -2.254800
14 13.539600 0.761399 10.318500 -0.201149 0.591154 -0.781074 -0.736100 -2.241400
larry.png
13 11.757600 1.062898 14.511600 -0.379782 0.702600 0.601763 -0.769000 -2.325500
13 12.159900 1.579498 13.766400 -0.287100 0.938011 0.194191 -0.761600 -2.310500
13 11.757600 1.504798 13.212001 -0.160439 0.987037 0.004210 -0.769000 -2.299400
larry.png
13 12.950100 1.748698 14.277600 -0.281657 0.948596 0.144340 -0.747000 -2.320800
13 12.159900 1.579498 13.766400 -0.287100 0.938011 0.194191 -0.761600 -2.310500
13 12.066300 0.955798 14.853601 -0.565098 0.628651 0.534287 -0.763300 -2.332300
larry.png
13 14.373900 1.280698 16.085699 -0.071693 0.549188 0.832618 -0.720600 -2.357000
13 13.255200 1.157398 15.777901 -0.331196 0.711907 0.619272 -0.741300 -2.350800
13 13.089600 -0.127802 16.174799 -0.430697 0.000099 0.902497 -0.744400 -2.358800
larry.png
13 13.089600 -0.127802 16.174799 -0.430697 0.000099 0.902497 -0.744400 -2.358800
13 14.384700 -0.127802 16.507801 -0.035931 0.000088 0.999354 -0.720400 -2.365500
13 14.373900 1.280698 16.085699 -0.071693 0.549188 0.832618 -0.720600 -2.357000
larry.png
13 14.373900 1.280698 16.085699 -0.071693 0.549188 0.832618 -0.720600 -2.357000
13 14.384700 -0.127802 16.507801 -0.035931 0.000088 0.999354 -0.720400 -2.365500
13 15.752701 -0.127802 16.258499 0.350209 0.000077 0.936672 -0.695100 -2.360500
larry.png
13 14.373900 1.280698 16.085699 -0.071693 0.549188 0.832618 -0.720600 -2.357000
13 15.752701 -0.127802 16.258499 0.350209 0.000077 0.936672 -0.695100 -2.360500
13 15.664499 1.249198 15.950700 0.260769 0.727481 0.634643 -0.696700 -2.354300
larry.png
13 16.637400 1.042198 15.402600 0.645581 0.463513 0.606944 -0.678700 -2.343300
13 15.664499 1.249198 15.950700 0.260769 0.727481 0.634643 -0.696700 -2.354300
13 15.752701 -0.127802 16.258499 0.350209 0.000077 0.936672 -0.695100 -2.360500
larry.png
13 16.637400 1.042198 15.402600 0.645581 0.463513 0.606944 -0.678700 -2.343300
13 15.752701 -0.127802 16.258499 0.350209 0.000077 0.936672 -0.695100 -2.360500
13 16.803900 -0.127802 15.567300 0.731187 0.000074 0.682178 -0.675700 -2.346600
larry.png
13 16.637400 1.042198 15.402600 0.645581 0.463513 0.606944 -0.678700 -2.343300
13 16.803900 -0.127802 15.567300 0.731187 0.000074 0.682178 -0.675700 -2.346600
13 17.532000 -0.127802 14.273100 0.957687 0.000062 0.287812 -0.662200 -2.320700
larry.png
13 17.343000 1.155598 14.235300 0.716944 0.672298 0.184407 -0.665700 -2.319900
13 16.637400 1.042198 15.402600 0.645581 0.463513 0.606944 -0.678700 -2.343300
13 17.532000 -0.127802 14.273100 0.957687 0.000062 0.287812 -0.662200 -2.320700
larry.png
13 17.424000 1.014298 12.628800 0.848728 0.476989 -0.228345 -0.664200 -2.287700
13 17.640900 -0.127802 12.537000 0.986568 0.000076 -0.163352 -0.660200 -2.285900
13 17.108101 -0.127802 11.247299 0.701585 0.000148 -0.712585 -0.670000 -2.260000
larry.png
13 17.424000 1.014298 12.628800 0.848728 0.476989 -0.228345 -0.664200 -2.287700
13 17.343000 1.155598 14.235300 0.716944 0.672298 0.184407 -0.665700 -2.319900
13 17.532000 -0.127802 14.273100 0.957687 0.000062 0.287812 -0.662200 -2.320700
larry.png
13 17.424000 1.014298 12.628800 0.848728 0.476989 -0.228345 -0.664200 -2.287700
13 17.532000 -0.127802 14.273100 0.957687 0.000062 0.287812 -0.662200 -2.320700
13 17.640900 -0.127802 12.537000 0.986568 0.000076 -0.163352 -0.660200 -2.285900
larry.png
13 16.841700 0.672298 11.415600 0.134651 0.636826 -0.759159 -0.675000 -2.263400
13 17.424000 1.014298 12.628800 0.848728 0.476989 -0.228345 -0.664200 -2.287700
13 17.108101 -0.127802 11.247299 0.701585 0.000148 -0.712585 -0.670000 -2.260000
larry.png
13 16.626600 -0.127802 11.198700 -0.309817 0.000175 -0.950796 -0.679000 -2.259100
13 16.841700 0.672298 11.415600 0.134651 0.636826 -0.759159 -0.675000 -2.263400
13 17.108101 -0.127802 11.247299 0.701585 0.000148 -0.712585 -0.670000 -2.260000
larry.png
13 16.181099 0.720898 11.850300 -0.128903 0.625227 -0.769724 -0.687200 -2.272100
13 16.626600 -0.127802 11.198700 -0.309817 0.000175 -0.950796 -0.679000 -2.259100
13 16.049700 -0.127802 11.511001 -0.006715 0.000185 -0.999977 -0.689600 -2.265300
larry.png
13 16.181099 0.720898 11.850300 -0.128903 0.625227 -0.769724 -0.687200 -2.272100
13 16.841700 0.672298 11.415600 0.134651 0.636826 -0.759159 -0.675000 -2.263400
13 16.626600 -0.127802 11.198700 -0.309817 0.000175 -0.950796 -0.679000 -2.259100
larry.png
13 15.651899 0.665098 11.692801 -0.256724 0.515780 -0.817352 -0.697000 -2.268900
13 16.049700 -0.127802 11.511001 -0.006715 0.000185 -0.999977 -0.689600 -2.265300
13 15.548400 -0.127802 11.412900 -0.336040 0.000193 -0.941848 -0.698900 -2.264800
larry.png
13 15.651899 0.665098 11.692801 -0.256724 0.515780 -0.817352 -0.697000 -2.268900
13 16.181099 0.720898 11.850300 -0.128903 0.625227 -0.769724 -0.687200 -2.272100
13 16.049700 -0.127802 11.511001 -0.006715 0.000185 -0.999977 -0.689600 -2.265300
larry.png
13 15.219900 -0.127802 11.809799 -0.338330 0.000263 -0.941028 -0.705600 -2.271000
13 15.651899 0.665098 11.692801 -0.256724 0.515780 -0.817352 -0.697000 -2.268900
13 15.548400 -0.127802 11.412900 -0.336040 0.000193 -0.941848 -0.698900 -2.264800
larry.png
13 15.725700 1.480498 12.681001 -0.041797 0.783523 -0.619955 -0.695600 -2.288800
13 15.651899 0.665098 11.692801 -0.256724 0.515780 -0.817352 -0.697000 -2.268900
13 15.219900 -0.127802 11.809799 -0.576109 0.184427 -0.796295 -0.705600 -2.271000
larry.png
13 15.651899 0.665098 11.692801 -0.256724 0.515780 -0.817352 -0.697000 -2.268900
13 15.725700 1.480498 12.681001 -0.041797 0.783523 -0.619955 -0.695600 -2.288800
13 16.181099 0.720898 11.850300 -0.128903 0.625227 -0.769724 -0.687200 -2.272100
larry.png
13 14.879701 0.503998 11.978100 -0.153634 0.474861 -0.866547 -0.711300 -2.274700
13 15.725700 1.480498 12.681001 -0.041797 0.783523 -0.619955 -0.695600 -2.288800
13 15.219900 -0.127802 11.809799 -0.200643 0.084811 -0.975986 -0.705600 -2.271000
larry.png
13 14.879701 0.503998 11.978100 -0.153634 0.474861 -0.866547 -0.711300 -2.274700
13 14.130899 1.598398 12.870899 -0.009852 0.804003 -0.594543 -0.725100 -2.292600
13 15.725700 1.480498 12.681001 -0.041797 0.783523 -0.619955 -0.695600 -2.288800
larry.png
13 14.130899 1.598398 12.870899 -0.009852 0.804003 -0.594543 -0.725100 -2.292600
13 14.879701 0.503998 11.978100 -0.153634 0.474861 -0.866547 -0.711300 -2.274700
13 14.503500 -0.127802 12.020400 -0.045716 0.000297 -0.998954 -0.718200 -2.275500
larry.png
13 14.114700 0.384298 12.011399 0.111968 0.447536 -0.887229 -0.725400 -2.275300
13 14.130899 1.598398 12.870899 -0.009852 0.804003 -0.594543 -0.725100 -2.292600
13 14.503500 -0.127802 12.020400 0.099959 0.082410 -0.991573 -0.718200 -2.275500
larry.png
13 13.530600 0.861298 12.212100 0.200903 0.489083 -0.848785 -0.736200 -2.279400
13 14.114700 0.384298 12.011399 0.111968 0.447536 -0.887229 -0.725400 -2.275300
13 13.795199 -0.127802 12.023100 -0.249941 0.000171 -0.968261 -0.731300 -2.275600
larry.png
13 13.530600 0.861298 12.212100 0.200903 0.489083 -0.848785 -0.736200 -2.279400
13 14.130899 1.598398 12.870899 -0.009852 0.804003 -0.594543 -0.725100 -2.292600
13 14.114700 0.384298 12.011399 0.111968 0.447536 -0.887229 -0.725400 -2.275300
larry.png
13 13.795199 -0.127802 12.023100 -0.249941 0.000171 -0.968261 -0.731300 -2.275600
13 14.114700 0.384298 12.011399 0.111968 0.447536 -0.887229 -0.725400 -2.275300
13 14.112000 -0.127802 11.724300 -0.321542 0.182003 -0.929239 -0.725500 -2.271000
larry.png
14 13.205701 0.673199 11.432700 0.457258 0.708412 0.537651 -0.742200 -2.263700
14 14.239800 0.759599 10.978200 0.293839 0.522592 0.800348 -0.723100 -2.254600
14 13.775399 1.083598 10.786500 0.031469 0.972573 0.230458 -0.731700 -2.250800
larry.png
14 12.762000 0.988199 10.985400 0.043859 0.987495 -0.151424 -0.750400 -2.254800
14 13.205701 0.673199 11.432700 0.457258 0.708412 0.537651 -0.742200 -2.263700
14 13.775399 1.083598 10.786500 0.031469 0.972573 0.230458 -0.731700 -2.250800
larry.png
14 13.775399 1.083598 10.786500 0.031469 0.972573 0.230458 -0.731700 -2.250800
14 14.239800 0.759599 10.978200 0.293839 0.522592 0.800348 -0.723100 -2.254600
14 14.424300 1.084499 10.643400 0.201380 0.831454 0.517814 -0.719700 -2.247900
larry.png
14 14.424300 1.084499 10.643400 0.201380 0.831454 0.517814 -0.719700 -2.247900
14 15.071400 0.286199 11.024100 0.340652 0.492183 0.801070 -0.707700 -2.255600
14 15.010200 0.728099 10.686600 0.553516 0.552570 0.623126 -0.708800 -2.248800
larry.png
14 14.424300 1.084499 10.643400 0.201380 0.831454 0.517814 -0.719700 -2.247900
14 14.239800 0.759599 10.978200 0.293839 0.522592 0.800348 -0.723100 -2.254600
14 15.071400 0.286199 11.024100 0.340652 0.492183 0.801070 -0.707700 -2.255600
larry.png
13 11.757600 1.167298 11.926800 -0.220921 0.775843 -0.590984 -0.769000 -2.273600
13 12.555900 1.108798 11.475900 -0.245773 0.827821 -0.504290 -0.754300 -2.264600
13 11.757600 -0.127802 11.571300 -0.363931 -0.000313 -0.931426 -0.769000 -2.266500
larry.png
13 12.555900 1.108798 11.475900 -0.245773 0.827821 -0.504290 -0.754300 -2.264600
14 12.762000 0.988199 10.985400 -0.260086 0.916921 -0.302674 -0.750400 -2.254800
14 12.360600 -0.127801 10.542600 -0.686466 0.000155 -0.727162 -0.757900 -2.245900
larry.png
14 12.762000 0.988199 10.985400 -0.073170 0.952705 -0.294958 -0.750400 -2.254800
13 12.555900 1.108798 11.475900 -0.245773 0.827821 -0.504290 -0.754300 -2.264600
13 13.050000 0.896398 11.810699 0.658773 0.704187 -0.264837 -0.745100 -2.271300
larry.png
14 13.205701 0.673199 11.432700 0.457258 0.708412 0.537651 -0.742200 -2.263700
13 13.050000 0.896398 11.810699 0.658773 0.704187 -0.264837 -0.745100 -2.271300
13 13.427099 -0.127802 11.946600 0.968454 0.047697 -0.244586 -0.738100 -2.274000
larry.png
14 13.205701 0.673199 11.432700 0.457258 0.708412 0.537651 -0.742200 -2.263700
14 12.762000 0.988199 10.985400 0.115506 0.967831 -0.223520 -0.750400 -2.254800
13 13.050000 0.896398 11.810699 0.658773 0.704187 -0.264837 -0.745100 -2.271300
larry.png
14 13.205701 0.673199 11.432700 0.457258 0.708412 0.537651 -0.742200 -2.263700
13 13.427099 -0.127802 11.946600 0.998442 0.000175 -0.055804 -0.738100 -2.274000
14 13.573800 -0.127802 11.713500 0.339888 0.000235 0.940466 -0.735400 -2.269400
larry.png
14 12.762000 0.988199 10.985400 -0.073170 0.952705 -0.294958 -0.750400 -2.254800
14 13.775399 1.083598 10.786500 0.031469 0.972573 0.230458 -0.731700 -2.250800
14 13.539600 0.761399 10.318500 -0.201149 0.591154 -0.781074 -0.736100 -2.241400
larry.png
14 13.775399 1.083598 10.786500 0.031469 0.972573 0.230458 -0.731700 -2.250800
14 14.424300 1.084499 10.643400 0.263198 0.963731 0.044158 -0.719700 -2.247900
14 13.539600 0.761399 10.318500 -0.201149 0.591154 -0.781074 -0.736100 -2.241400
larry.png
14 14.424300 1.084499 10.643400 0.101292 0.704540 -0.702398 -0.719700 -2.247900
14 15.010200 0.728099 10.686600 0.761716 0.413822 -0.498538 -0.708800 -2.248800
14 14.254200 0.687599 10.283401 0.209951 0.370428 -0.904823 -0.722800 -2.240700
larry.png
14 14.424300 1.084499 10.643400 0.101292 0.704540 -0.702398 -0.719700 -2.247900
14 14.254200 0.687599 10.283401 0.209951 0.370428 -0.904823 -0.722800 -2.240700
14 13.539600 0.761399 10.318500 -0.201149 0.591154 -0.781074 -0.736100 -2.241400
larry.png
13 12.701699 1.524598 12.960899 0.055806 0.953127 -0.297378 -0.751600 -2.294400
13 12.555900 1.108798 11.475900 -0.245773 0.827821 -0.504290 -0.754300 -2.264600
13 11.757600 1.167298 11.926800 -0.220921 0.775843 -0.590984 -0.769000 -2.273600
larry.png
13 11.757600 1.504798 13.212001 -0.160439 0.987037 0.004210 -0.769000 -2.299400
13 12.159900 1.579498 13.766400 -0.287100 0.938011 0.194191 -0.761600 -2.310500
13 12.701699 1.524598 12.960899 0.055806 0.953127 -0.297378 -0.751600 -2.294400
larry.png
13 13.050000 0.896398 11.810699 0.658773 0.704187 -0.264837 -0.745100 -2.271300
13 12.555900 1.108798 11.475900 -0.245773 0.827821 -0.504290 -0.754300 -2.264600
13 12.701699 1.524598 12.960899 0.055806 0.953127 -0.297378 -0.751600 -2.294400
larry.png
13 12.950100 1.748698 14.277600 -0.281657 0.948596 0.144340 -0.747000 -2.320800
13 12.701699 1.524598 12.960899 0.055806 0.953127 -0.297378 -0.751600 -2.294400
13 12.159900 1.579498 13.766400 -0.287100 0.938011 0.194191 -0.761600 -2.310500
larry.png
13 11.757600 1.504798 13.212001 -0.160439 0.987037 0.004210 -0.769000 -2.299400
13 12.701699 1.524598 12.960899 0.055806 0.953127 -0.297378 -0.751600 -2.294400
13 11.757600 1.167298 11.926800 -0.220921 0.775843 -0.590984 -0.769000 -2.273600
larry.png
13 12.701699 1.524598 12.960899 0.055806 0.953127 -0.297378 -0.751600 -2.294400
13 14.130899 1.598398 12.870899 -0.009852 0.804003 -0.594543 -0.725100 -2.292600
13 13.530600 0.861298 12.212100 0.200903 0.489083 -0.848785 -0.736200 -2.279400
larry.png
13 12.950100 1.748698 14.277600 -0.281657 0.948596 0.144340 -0.747000 -2.320800
13 14.130899 1.598398 12.870899 -0.009852 0.804003 -0.594543 -0.725100 -2.292600
13 12.701699 1.524598 12.960899 0.055806 0.953127 -0.297378 -0.751600 -2.294400
larry.png
13 12.701699 1.524598 12.960899 0.055806 0.953127 -0.297378 -0.751600 -2.294400
13 13.530600 0.861298 12.212100 0.200903 0.489083 -0.848785 -0.736200 -2.279400
13 13.050000 0.896398 11.810699 0.658773 0.704187 -0.264837 -0.745100 -2.271300
larry.png
13 16.807499 1.385998 12.764700 0.232699 0.913544 -0.333600 -0.675600 -2.290400
13 16.841700 0.672298 11.415600 0.134651 0.636826 -0.759159 -0.675000 -2.263400
13 16.181099 0.720898 11.850300 -0.128903 0.625227 -0.769724 -0.687200 -2.272100
larry.png
13 16.181099 0.720898 11.850300 -0.128903 0.625227 -0.769724 -0.687200 -2.272100
13 15.725700 1.480498 12.681001 -0.041797 0.783523 -0.619955 -0.695600 -2.288800
13 16.807499 1.385998 12.764700 0.232699 0.913544 -0.333600 -0.675600 -2.290400
larry.png
13 16.807499 1.385998 12.764700 0.232699 0.913544 -0.333600 -0.675600 -2.290400
13 17.424000 1.014298 12.628800 0.848728 0.476989 -0.228345 -0.664200 -2.287700
13 16.841700 0.672298 11.415600 0.134651 0.636826 -0.759159 -0.675000 -2.263400
larry.png
13 14.265901 2.001598 14.208301 -0.064169 0.985994 0.153945 -0.722600 -2.319400
13 13.255200 1.157398 15.777901 -0.331196 0.711907 0.619272 -0.741300 -2.350800
13 14.373900 1.280698 16.085699 -0.071693 0.549188 0.832618 -0.720600 -2.357000
larry.png
13 12.950100 1.748698 14.277600 -0.281657 0.948596 0.144340 -0.747000 -2.320800
13 13.255200 1.157398 15.777901 -0.331196 0.711907 0.619272 -0.741300 -2.350800
13 14.265901 2.001598 14.208301 -0.064169 0.985994 0.153945 -0.722600 -2.319400
larry.png
13 14.130899 1.598398 12.870899 -0.009852 0.804003 -0.594543 -0.725100 -2.292600
13 12.950100 1.748698 14.277600 -0.281657 0.948596 0.144340 -0.747000 -2.320800
13 14.265901 2.001598 14.208301 -0.064169 0.985994 0.153945 -0.722600 -2.319400
larry.png
13 15.719400 1.908898 14.015700 0.214050 0.976813 0.004416 -0.695700 -2.315500
13 15.725700 1.480498 12.681001 -0.041797 0.783523 -0.619955 -0.695600 -2.288800
13 14.130899 1.598398 12.870899 -0.009852 0.804003 -0.594543 -0.725100 -2.292600
larry.png
13 14.130899 1.598398 12.870899 -0.009852 0.804003 -0.594543 -0.725100 -2.292600
13 14.265901 2.001598 14.208301 -0.064169 0.985994 0.153945 -0.722600 -2.319400
13 15.719400 1.908898 14.015700 0.214050 0.976813 0.004416 -0.695700 -2.315500
larry.png
13 15.725700 1.480498 12.681001 -0.041797 0.783523 -0.619955 -0.695600 -2.288800
13 15.719400 1.908898 14.015700 0.214050 0.976813 0.004416 -0.695700 -2.315500
13 16.807499 1.385998 12.764700 0.232699 0.913544 -0.333600 -0.675600 -2.290400
larry.png
13 15.664499 1.249198 15.950700 0.260769 0.727481 0.634643 -0.696700 -2.354300
13 15.719400 1.908898 14.015700 0.214050 0.976813 0.004416 -0.695700 -2.315500
13 14.265901 2.001598 14.208301 -0.064169 0.985994 0.153945 -0.722600 -2.319400
larry.png
13 14.265901 2.001598 14.208301 -0.064169 0.985994 0.153945 -0.722600 -2.319400
13 14.373900 1.280698 16.085699 -0.071693 0.549188 0.832618 -0.720600 -2.357000
13 15.664499 1.249198 15.950700 0.260769 0.727481 0.634643 -0.696700 -2.354300
larry.png
13 16.637400 1.042198 15.402600 0.645581 0.463513 0.606944 -0.678700 -2.343300
13 15.719400 1.908898 14.015700 0.214050 0.976813 0.004416 -0.695700 -2.315500
13 15.664499 1.249198 15.950700 0.260769 0.727481 0.634643 -0.696700 -2.354300
larry.png
13 16.807499 1.385998 12.764700 0.232699 0.913544 -0.333600 -0.675600 -2.290400
13 15.719400 1.908898 14.015700 0.214050 0.976813 0.004416 -0.695700 -2.315500
13 17.343000 1.155598 14.235300 0.716944 0.672298 0.184407 -0.665700 -2.319900
larry.png
13 16.807499 1.385998 12.764700 0.232699 0.913544 -0.333600 -0.675600 -2.290400
13 17.343000 1.155598 14.235300 0.716944 0.672298 0.184407 -0.665700 -2.319900
13 17.424000 1.014298 12.628800 0.848728 0.476989 -0.228345 -0.664200 -2.287700
larry.png
13 15.719400 1.908898 14.015700 0.214050 0.976813 0.004416 -0.695700 -2.315500
13 16.637400 1.042198 15.402600 0.645581 0.463513 0.606944 -0.678700 -2.343300
13 17.343000 1.155598 14.235300 0.716944 0.672298 0.184407 -0.665700 -2.319900
larry.png
14 15.014700 -0.127801 10.465199 0.620559 0.000099 -0.784160 -0.708800 -2.244300
14 15.010200 0.728099 10.686600 0.761716 0.413822 -0.498538 -0.708800 -2.248800
14 15.312600 -0.127801 11.043900 0.960995 0.000295 0.276565 -0.703200 -2.255900
larry.png
14 15.014700 -0.127801 10.465199 0.620559 0.000099 -0.784160 -0.708800 -2.244300
14 15.312600 -0.127801 11.043900 0.960995 0.000295 0.276565 -0.703200 -2.255900
14 15.010200 -0.984601 10.686600 0.761815 -0.413445 -0.498699 -0.708800 -2.248800
larry.png
11 4.156200 -0.442802 13.015800 -0.134519 -0.829370 -0.542264 -0.909600 -2.295500
2 4.156200 -0.127802 12.816900 -0.176908 0.000652 -0.984227 -0.909600 -2.291500
11 6.634800 -0.127802 12.988800 0.031684 0.000986 -0.999497 -0.870100 -2.294500
larry.png
11 6.634800 -0.127802 12.988800 0.031684 0.000986 -0.999497 -0.870100 -2.294500
2 4.156200 -0.127802 12.816900 -0.176908 0.000652 -0.984227 -0.909600 -2.291500
11 4.156200 0.186298 13.015800 -0.198885 0.817985 -0.539764 -0.909600 -2.295500
larry.png
2 3.768300 -0.127802 13.208400 -1.000000 0.000569 -0.000380 -0.916800 -2.299300
2 3.859200 -0.336602 13.080600 -0.668591 -0.696508 -0.260505 -0.915100 -2.296800
2 3.859200 -0.336602 13.336200 -0.735514 -0.595094 0.323855 -0.915100 -2.301900
larry.png
2 3.768300 -0.127802 13.208400 -1.000000 0.000569 -0.000380 -0.916800 -2.299300
2 3.859200 -0.336602 13.336200 -0.735514 -0.595094 0.323855 -0.915100 -2.301900
2 3.859200 -0.127802 13.468500 -0.649265 0.000680 0.760562 -0.915100 -2.304500
larry.png
2 3.768300 -0.127802 13.208400 -1.000000 0.000569 -0.000380 -0.916800 -2.299300
2 3.859200 -0.127802 12.949200 -0.649184 0.000679 -0.760631 -0.915100 -2.294100
2 3.859200 -0.336602 13.080600 -0.668591 -0.696508 -0.260505 -0.915100 -2.296800
larry.png
2 3.768300 -0.127802 13.208400 -1.000000 0.000569 -0.000380 -0.916800 -2.299300
2 3.859200 -0.127802 13.468500 -0.649265 0.000680 0.760562 -0.915100 -2.304500
2 3.859200 0.080098 13.336200 -0.668025 0.697475 0.259365 -0.915100 -2.301900
larry.png
2 3.768300 -0.127802 13.208400 -1.000000 0.000569 -0.000380 -0.916800 -2.299300
2 3.859200 0.080098 13.080600 -0.735155 0.595286 -0.324317 -0.915100 -2.296800
2 3.859200 -0.127802 12.949200 -0.649184 0.000679 -0.760631 -0.915100 -2.294100
larry.png
2 3.768300 -0.127802 13.208400 -1.000000 0.000569 -0.000380 -0.916800 -2.299300
2 3.859200 0.080098 13.336200 -0.668025 0.697475 0.259365 -0.915100 -2.301900
2 3.859200 0.080098 13.080600 -0.735155 0.595286 -0.324317 -0.915100 -2.296800
larry.png
2 3.859200 -0.127802 12.949200 -0.649184 0.000679 -0.760631 -0.915100 -2.294100
2 4.156200 -0.127802 12.816900 -0.176908 0.000652 -0.984227 -0.909600 -2.291500
11 4.156200 -0.442802 13.015800 -0.134519 -0.829370 -0.542264 -0.909600 -2.295500
larry.png
11 4.156200 0.186298 13.015800 -0.198885 0.817985 -0.539764 -0.909600 -2.295500
2 4.156200 -0.127802 12.816900 -0.176908 0.000652 -0.984227 -0.909600 -2.291500
2 3.859200 -0.127802 12.949200 -0.649184 0.000679 -0.760631 -0.915100 -2.294100
larry.png
12 10.567801 -1.346402 13.946400 -0.256739 -0.945538 0.200108 -0.791300 -2.313800
12 10.556100 -1.642502 13.208400 -0.228319 -0.973350 0.021446 -0.791500 -2.299300
13 11.757600 -1.761302 13.212001 -0.164413 -0.986381 0.004529 -0.769000 -2.299400
larry.png
13 11.757600 -1.761302 13.212001 -0.164413 -0.986381 0.004529 -0.769000 -2.299400
12 10.556100 -1.642502 13.208400 -0.228319 -0.973350 0.021446 -0.791500 -2.299300
12 10.556100 -1.376101 12.457800 -0.250866 -0.948394 -0.193946 -0.791500 -2.284600
larry.png
12 9.303300 -0.387002 14.143499 -0.465357 -0.538440 0.702513 -0.814100 -2.317600
12 10.248301 -1.094402 14.229900 -0.606206 -0.575909 0.548491 -0.797100 -2.319300
12 10.557899 -0.920702 14.477400 -0.251357 -0.217522 0.943135 -0.791500 -2.324200
larry.png
12 9.517500 -0.121502 14.352300 -0.158626 0.017294 0.987187 -0.810300 -2.321700
12 10.557899 -0.920702 14.477400 -0.251357 -0.217522 0.943135 -0.791500 -2.324200
12 10.556100 -0.127802 14.722200 -0.245551 0.020156 0.969174 -0.791500 -2.329000
larry.png
12 10.219500 -1.131302 12.205800 -0.604614 -0.569317 -0.557064 -0.797600 -2.279700
12 10.556100 -1.376101 12.457800 -0.250866 -0.948394 -0.193946 -0.791500 -2.284600
12 9.315900 -1.065602 12.991501 -0.456891 -0.738021 -0.496565 -0.813900 -2.295100
larry.png
12 9.143100 -1.026002 13.246200 -0.839065 -0.541578 0.051601 -0.817000 -2.300100
12 8.489700 -0.428402 13.392900 -0.483852 -0.775318 0.405919 -0.829500 -2.303000
12 8.489700 -0.428402 13.024799 -0.491585 -0.706169 -0.509577 -0.829500 -2.295600
larry.png
12 8.489700 -0.428402 13.024799 -0.491585 -0.706169 -0.509577 -0.829500 -2.295600
12 9.315900 -1.065602 12.991501 -0.456891 -0.738021 -0.496565 -0.813900 -2.295100
12 9.143100 -1.026002 13.246200 -0.839065 -0.541578 0.051601 -0.817000 -2.300100
larry.png
12 10.410300 -1.521002 11.820601 -0.619335 -0.775808 -0.120604 -0.793200 -2.273600
12 10.556100 -1.376101 12.457800 -0.250866 -0.948394 -0.193946 -0.791500 -2.284600
12 10.219500 -1.131302 12.205800 -0.604614 -0.569317 -0.557064 -0.797600 -2.279700
larry.png
12 10.567801 -1.346402 13.946400 -0.256739 -0.945538 0.200108 -0.791300 -2.313800
12 10.248301 -1.094402 14.229900 -0.606206 -0.575909 0.548491 -0.797100 -2.319300
12 9.315900 -1.062002 13.433400 -0.419607 -0.740137 0.525478 -0.813900 -2.303700
larry.png
12 10.556100 -1.376101 12.457800 -0.250866 -0.948394 -0.193946 -0.791500 -2.284600
12 10.556100 -1.642502 13.208400 -0.228319 -0.973350 0.021446 -0.791500 -2.299300
12 9.472500 -1.233002 13.208400 -0.156358 -0.987648 0.010194 -0.811100 -2.299300
larry.png
12 9.472500 -1.233002 13.208400 -0.156358 -0.987648 0.010194 -0.811100 -2.299300
12 10.556100 -1.642502 13.208400 -0.228319 -0.973350 0.021446 -0.791500 -2.299300
12 10.567801 -1.346402 13.946400 -0.256739 -0.945538 0.200108 -0.791300 -2.313800
larry.png
12 9.178200 -0.130502 11.894400 -0.194411 -0.914165 -0.355677 -0.815800 -2.275000
12 9.315900 -0.298802 12.251700 -0.439666 -0.549588 -0.710385 -0.813900 -2.280600
12 9.119699 -0.128702 12.285000 -0.737723 -0.327965 -0.590087 -0.817500 -2.281200
larry.png
12 10.351800 1.382398 11.698200 -0.182484 -0.393057 -0.901224 -0.794200 -2.271300
12 10.834200 1.035898 12.048301 0.068295 0.128479 -0.989358 -0.786500 -2.276600
12 10.556100 0.656098 11.973599 -0.255603 0.171484 -0.951452 -0.791500 -2.275100
larry.png
13 15.219900 -0.127802 11.809799 -0.576060 -0.183973 -0.796435 -0.705600 -2.271000
13 15.651899 -0.921602 11.692801 -0.256819 -0.515550 -0.817467 -0.697000 -2.268900
13 15.725700 -1.737002 12.681001 -0.041776 -0.783504 -0.619981 -0.695600 -2.288800
larry.png
13 14.796000 -0.127802 11.618100 0.003487 0.181765 -0.983336 -0.712900 -2.270300
13 14.879701 0.503998 11.978100 -0.153634 0.474861 -0.866547 -0.711300 -2.274700
13 15.219900 -0.127802 11.809799 -0.200643 0.084811 -0.975986 -0.705600 -2.271000
larry.png
13 14.503500 -0.127802 12.020400 -0.323288 0.196777 -0.925615 -0.718200 -2.275500
13 14.879701 0.503998 11.978100 -0.153634 0.474861 -0.866547 -0.711300 -2.274700
13 14.796000 -0.127802 11.618100 -0.493640 0.188288 -0.849039 -0.712900 -2.270300
larry.png
13 14.112000 -0.127802 11.724300 0.211441 0.172074 -0.962124 -0.725500 -2.271000
13 14.114700 0.384298 12.011399 0.111968 0.447536 -0.887229 -0.725400 -2.275300
13 14.503500 -0.127802 12.020400 0.099959 0.082410 -0.991573 -0.718200 -2.275500
larry.png
5 0.889200 -1.982702 17.984699 0.238494 -0.250356 0.938319 -0.288000 -1.459100
5 0.826200 -2.177102 17.870399 -0.032389 -0.791380 0.610466 -0.287400 -1.433300
5 1.008900 -2.072702 17.856899 0.776014 -0.374448 0.507535 -0.274600 -1.434400
larry.png
5 0.889200 -1.982702 17.984699 0.238494 -0.250356 0.938319 -0.288000 -1.459100
5 1.008900 -2.072702 17.856899 0.776014 -0.374448 0.507535 -0.274600 -1.434400
5 0.972900 -1.749602 17.936100 0.483458 0.465871 0.741102 -0.279200 -1.458600
larry.png
5 1.008900 -2.072702 17.856899 0.776014 -0.374448 0.507535 -0.274600 -1.434400
5 1.103400 -1.758602 17.769600 0.834325 0.519210 0.185266 -0.268000 -1.435000
5 0.972900 -1.749602 17.936100 0.483458 0.465871 0.741102 -0.279200 -1.458600
larry.png
5 0.972900 -1.749602 17.936100 0.483458 0.465871 0.741102 -0.279200 -1.458600
5 1.103400 -1.758602 17.769600 0.834325 0.519210 0.185266 -0.268000 -1.435000
5 0.885600 -1.605602 17.702101 0.148819 0.988207 0.036045 -0.283200 -1.433700
larry.png
5 0.889200 -1.982702 17.984699 0.238494 -0.250356 0.938319 -0.288000 -1.459100
5 0.715500 -1.971902 17.964899 -0.389237 -0.298015 0.871597 -0.299200 -1.457800
5 0.826200 -2.177102 17.870399 -0.032389 -0.791380 0.610466 -0.287400 -1.433300
larry.png
5 0.605700 -1.791002 17.913599 -0.699193 0.274756 0.660029 -0.303900 -1.456400
5 0.628200 -2.082602 17.821800 -0.751547 -0.459321 0.473499 -0.301100 -1.432200
5 0.715500 -1.971902 17.964899 -0.389237 -0.298015 0.871597 -0.299200 -1.457800
larry.png
5 0.715500 -1.971902 17.964899 -0.389237 -0.298015 0.871597 -0.299200 -1.457800
5 0.628200 -2.082602 17.821800 -0.751547 -0.459321 0.473499 -0.301100 -1.432200
5 0.826200 -2.177102 17.870399 -0.032389 -0.791380 0.610466 -0.287400 -1.433300
larry.png
5 0.517500 -1.865702 17.745300 -0.964031 0.185702 0.190157 -0.308900 -1.431500
5 0.496800 -1.894502 17.606701 -0.988176 -0.141333 0.059432 -0.308800 -1.395300
5 0.628200 -2.082602 17.821800 -0.751547 -0.459321 0.473499 -0.301100 -1.432200
larry.png
5 0.496800 -1.894502 17.606701 -0.988176 -0.141333 0.059432 -0.308800 -1.395300
5 0.508500 -1.963802 17.294399 -0.978137 0.201147 -0.052800 -0.308600 -1.360300
5 0.618300 -2.158202 17.288099 -0.774026 -0.618713 -0.134454 -0.300600 -1.360000
larry.png
5 0.496800 -1.894502 17.606701 -0.988176 -0.141333 0.059432 -0.308800 -1.395300
5 0.618300 -2.158202 17.288099 -0.774026 -0.618713 -0.134454 -0.300600 -1.360000
5 0.603900 -2.175302 17.469000 -0.686859 -0.726755 -0.007210 -0.299700 -1.382600
larry.png
5 1.129500 -1.813502 17.589600 0.998255 0.051964 -0.028039 -0.261400 -1.396100
5 1.029600 -2.185202 17.455500 0.702723 -0.710993 -0.025869 -0.271900 -1.382200
5 1.003500 -2.158202 17.267399 0.756208 -0.568883 -0.323298 -0.272500 -1.358700
larry.png
5 1.008900 -2.072702 17.856899 0.776014 -0.374448 0.507535 -0.274600 -1.434400
5 1.129500 -1.813502 17.589600 0.998255 0.051964 -0.028039 -0.261400 -1.396100
5 1.103400 -1.758602 17.769600 0.834325 0.519210 0.185266 -0.268000 -1.435000
larry.png
5 1.087200 -1.882802 17.262899 0.899655 0.311155 -0.306275 -0.266400 -1.358400
5 1.129500 -1.813502 17.589600 0.998255 0.051964 -0.028039 -0.261400 -1.396100
5 1.003500 -2.158202 17.267399 0.756208 -0.568883 -0.323298 -0.272500 -1.358700
larry.png
5 1.103400 -1.758602 17.769600 0.834325 0.519210 0.185266 -0.268000 -1.435000
5 1.129500 -1.813502 17.589600 0.998255 0.051964 -0.028039 -0.261400 -1.396100
5 0.896400 -1.663202 17.544600 0.367651 0.893155 -0.259051 -0.279100 -1.395700
larry.png
5 0.896400 -1.663202 17.544600 0.367651 0.893155 -0.259051 -0.279100 -1.395700
5 1.129500 -1.813502 17.589600 0.998255 0.051964 -0.028039 -0.261400 -1.396100
5 1.087200 -1.882802 17.262899 0.899655 0.311155 -0.306275 -0.266400 -1.358400
larry.png
5 0.896400 -1.663202 17.544600 0.367651 0.893155 -0.259051 -0.279100 -1.395700
5 1.087200 -1.882802 17.262899 0.899655 0.311155 -0.306275 -0.266400 -1.358400
5 0.889200 -1.734302 17.273699 0.225986 0.956038 -0.186871 -0.280800 -1.359000
larry.png
5 0.627300 -1.691102 17.556301 -0.551510 0.802883 -0.226310 -0.299500 -1.395300
5 0.889200 -1.734302 17.273699 0.225986 0.956038 -0.186871 -0.280800 -1.359000
5 0.630000 -1.778402 17.287199 -0.478823 0.876142 -0.055714 -0.299700 -1.359900
larry.png
5 0.627300 -1.691102 17.556301 -0.551510 0.802883 -0.226310 -0.299500 -1.395300
5 0.496800 -1.894502 17.606701 -0.988176 -0.141333 0.059432 -0.308800 -1.395300
5 0.517500 -1.865702 17.745300 -0.964031 0.185702 0.190157 -0.308900 -1.431500
larry.png
5 0.508500 -1.963802 17.294399 -0.978137 0.201147 -0.052800 -0.308600 -1.360300
5 0.496800 -1.894502 17.606701 -0.988176 -0.141333 0.059432 -0.308800 -1.395300
5 0.627300 -1.691102 17.556301 -0.551510 0.802883 -0.226310 -0.299500 -1.395300
larry.png
5 0.610200 -2.151002 17.645401 -0.674059 -0.694877 0.250579 -0.300100 -1.405600
5 0.496800 -1.894502 17.606701 -0.988176 -0.141333 0.059432 -0.308800 -1.395300
5 0.603900 -2.175302 17.469000 -0.686859 -0.726755 -0.007210 -0.299700 -1.382600
larry.png
5 0.826200 -2.177102 17.870399 -0.032389 -0.791380 0.610466 -0.287400 -1.433300
5 0.628200 -2.082602 17.821800 -0.751547 -0.459321 0.473499 -0.301100 -1.432200
5 0.610200 -2.151002 17.645401 -0.674059 -0.694877 0.250579 -0.300100 -1.405600
larry.png
5 0.826200 -2.177102 17.870399 -0.032389 -0.791380 0.610466 -0.287400 -1.433300
5 0.810000 -2.271603 17.652601 -0.023824 -0.967835 0.250455 -0.285800 -1.402100
5 1.017000 -2.150102 17.658001 0.691766 -0.676411 0.252839 -0.269200 -1.406700
larry.png
5 1.017000 -2.150102 17.658001 0.691766 -0.676411 0.252839 -0.269200 -1.406700
5 1.008900 -2.072702 17.856899 0.776014 -0.374448 0.507535 -0.274600 -1.434400
5 0.826200 -2.177102 17.870399 -0.032389 -0.791380 0.610466 -0.287400 -1.433300
larry.png
5 1.017000 -2.150102 17.658001 0.691766 -0.676411 0.252839 -0.269200 -1.406700
5 1.029600 -2.185202 17.455500 0.702723 -0.710993 -0.025869 -0.271900 -1.382200
5 1.129500 -1.813502 17.589600 0.998255 0.051964 -0.028039 -0.261400 -1.396100
larry.png
5 0.618300 -2.158202 17.288099 -0.774026 -0.618713 -0.134454 -0.300600 -1.360000
5 0.508500 -1.963802 17.294399 -0.978137 0.201147 -0.052800 -0.308600 -1.360300
5 0.527400 -1.922402 17.018101 -0.993734 -0.099001 0.051890 -0.307600 -1.318200
larry.png
5 0.795600 -2.253602 17.254799 -0.047970 -0.945998 -0.320604 -0.287000 -1.363700
5 0.618300 -2.158202 17.288099 -0.774026 -0.618713 -0.134454 -0.300600 -1.360000
5 0.602100 -2.084402 16.994699 -0.657979 -0.709287 -0.252936 -0.302400 -1.317000
larry.png
5 0.795600 -2.253602 17.254799 -0.047970 -0.945998 -0.320604 -0.287000 -1.363700
5 0.602100 -2.084402 16.994699 -0.657979 -0.709287 -0.252936 -0.302400 -1.317000
5 0.736200 -2.150102 16.959600 -0.066947 -0.860864 -0.504412 -0.293300 -1.315100
larry.png
5 0.874800 -2.068202 16.940701 0.640566 -0.532218 -0.553551 -0.283900 -1.314100
5 1.003500 -2.158202 17.267399 0.756208 -0.568883 -0.323298 -0.272500 -1.358700
5 0.795600 -2.253602 17.254799 -0.047970 -0.945998 -0.320604 -0.287000 -1.363700
larry.png
5 1.087200 -1.882802 17.262899 0.899655 0.311155 -0.306275 -0.266400 -1.358400
5 1.003500 -2.158202 17.267399 0.756208 -0.568883 -0.323298 -0.272500 -1.358700
5 0.874800 -2.068202 16.940701 0.640566 -0.532218 -0.553551 -0.283900 -1.314100
larry.png
5 1.087200 -1.882802 17.262899 0.899655 0.311155 -0.306275 -0.266400 -1.358400
5 0.874800 -2.068202 16.940701 0.640566 -0.532218 -0.553551 -0.283900 -1.314100
5 0.948600 -1.843202 16.939800 0.827898 0.471361 -0.303980 -0.278900 -1.314100
larry.png
5 0.889200 -1.734302 17.273699 0.225986 0.956038 -0.186871 -0.280800 -1.359000
5 1.087200 -1.882802 17.262899 0.899655 0.311155 -0.306275 -0.266400 -1.358400
5 0.948600 -1.843202 16.939800 0.827898 0.471361 -0.303980 -0.278900 -1.314100
larry.png
5 0.630000 -1.778402 17.287199 -0.478823 0.876142 -0.055714 -0.299700 -1.359900
5 0.889200 -1.734302 17.273699 0.225986 0.956038 -0.186871 -0.280800 -1.359000
5 0.783900 -1.729802 16.972200 0.165159 0.977275 0.132874 -0.288400 -1.315800
larry.png
5 0.779400 -1.784702 17.994600 -0.121441 0.311773 0.942364 -0.292800 -1.462700
5 0.889200 -1.982702 17.984699 0.238494 -0.250356 0.938319 -0.288000 -1.459100
5 0.972900 -1.749602 17.936100 0.483458 0.465871 0.741102 -0.279200 -1.458600
larry.png
5 0.779400 -1.784702 17.994600 -0.121441 0.311773 0.942364 -0.292800 -1.462700
5 0.972900 -1.749602 17.936100 0.483458 0.465871 0.741102 -0.279200 -1.458600
5 0.757800 -1.676702 17.877600 -0.158711 0.835858 0.525502 -0.293700 -1.455900
larry.png
5 0.779400 -1.784702 17.994600 -0.121441 0.311773 0.942364 -0.292800 -1.462700
5 0.715500 -1.971902 17.964899 -0.389237 -0.298015 0.871597 -0.299200 -1.457800
5 0.889200 -1.982702 17.984699 0.238494 -0.250356 0.938319 -0.288000 -1.459100
larry.png
5 0.779400 -1.784702 17.994600 -0.121441 0.311773 0.942364 -0.292800 -1.462700
5 0.605700 -1.791002 17.913599 -0.699193 0.274756 0.660029 -0.303900 -1.456400
5 0.715500 -1.971902 17.964899 -0.389237 -0.298015 0.871597 -0.299200 -1.457800
larry.png
5 0.610200 -2.151002 17.645401 -0.674059 -0.694877 0.250579 -0.300100 -1.405600
5 0.810000 -2.271603 17.652601 -0.023824 -0.967835 0.250455 -0.285800 -1.402100
5 0.826200 -2.177102 17.870399 -0.032389 -0.791380 0.610466 -0.287400 -1.433300
larry.png
5 0.932400 -2.219402 17.301600 0.421944 -0.874157 -0.240443 -0.279700 -1.371200
5 0.795600 -2.253602 17.254799 -0.047970 -0.945998 -0.320604 -0.287000 -1.363700
5 1.003500 -2.158202 17.267399 0.756208 -0.568883 -0.323298 -0.272500 -1.358700
larry.png
5 1.003500 -2.158202 17.267399 0.756208 -0.568883 -0.323298 -0.272500 -1.358700
5 1.029600 -2.185202 17.455500 0.702723 -0.710993 -0.025869 -0.271900 -1.382200
5 0.932400 -2.219402 17.301600 0.421944 -0.874157 -0.240443 -0.279700 -1.371200
larry.png
5 0.817200 -2.276103 17.447399 -0.032143 -0.998807 -0.036768 0.629900 -1.370300
5 0.603900 -2.175302 17.469000 -0.686859 -0.726755 -0.007210 0.526100 -1.371300
5 0.685800 -2.212202 17.312399 -0.481027 -0.864534 -0.145581 0.564700 -1.294200
larry.png
5 1.029600 -2.185202 17.455500 0.702723 -0.710993 -0.025869 0.730600 -1.368900
5 0.817200 -2.276103 17.447399 -0.032143 -0.998807 -0.036768 0.629900 -1.370300
5 0.932400 -2.219402 17.301600 0.421944 -0.874157 -0.240443 0.685900 -1.291800
larry.png
5 0.603900 -2.175302 17.469000 -0.686859 -0.726755 -0.007210 -0.299700 -1.382600
5 0.694800 -2.221202 17.584200 -0.483110 -0.870776 0.091401 -0.293800 -1.393500
5 0.610200 -2.151002 17.645401 -0.674059 -0.694877 0.250579 -0.300100 -1.405600
larry.png
5 0.694800 -2.221202 17.584200 -0.483110 -0.870776 0.091401 -0.293800 -1.393500
5 0.810000 -2.271603 17.652601 -0.023824 -0.967835 0.250455 -0.285800 -1.402100
5 0.610200 -2.151002 17.645401 -0.674059 -0.694877 0.250579 -0.300100 -1.405600
larry.png
5 0.817200 -2.276103 17.447399 -0.032143 -0.998807 -0.036768 0.629900 -1.370300
5 0.795600 -2.253602 17.254799 -0.047970 -0.945998 -0.320604 0.625600 -1.264800
5 0.932400 -2.219402 17.301600 0.421944 -0.874157 -0.240443 0.685900 -1.291800
larry.png
5 0.795600 -2.253602 17.254799 -0.047970 -0.945998 -0.320604 0.625600 -1.264800
5 0.817200 -2.276103 17.447399 -0.032143 -0.998807 -0.036768 0.629900 -1.370300
5 0.685800 -2.212202 17.312399 -0.481027 -0.864534 -0.145581 0.564700 -1.294200
larry.png
5 0.736200 -2.150102 16.959600 -0.066947 -0.860864 -0.504412 -0.293300 -1.315100
5 0.602100 -2.084402 16.994699 -0.657979 -0.709287 -0.252936 -0.302400 -1.317000
3 0.594900 -1.782002 16.564501 -0.052486 -0.882409 -0.467546 -0.300200 -1.269600
larry.png
3 0.449100 -1.776602 16.683300 -0.995069 -0.053259 0.083671 -0.307400 -1.275500
5 0.602100 -2.084402 16.994699 -0.657979 -0.709287 -0.252936 -0.302400 -1.317000
5 0.527400 -1.922402 17.018101 -0.993734 -0.099001 0.051890 -0.307600 -1.318200
larry.png
5 0.603900 -2.175302 17.469000 -0.686859 -0.726755 -0.007210 0.526100 -1.371300
5 0.817200 -2.276103 17.447399 -0.032143 -0.998807 -0.036768 0.629900 -1.370300
5 0.694800 -2.221202 17.584200 -0.483110 -0.870776 0.091401 0.571200 -1.449000
larry.png
5 0.694800 -2.221202 17.584200 -0.483110 -0.870776 0.091401 0.571200 -1.449000
5 0.817200 -2.276103 17.447399 -0.032143 -0.998807 -0.036768 0.629900 -1.370300
5 0.810000 -2.271603 17.652601 -0.023824 -0.967835 0.250455 0.631500 -1.483900
larry.png
5 0.924300 -2.233802 17.585100 0.451344 -0.882481 0.132348 0.688700 -1.449000
5 0.817200 -2.276103 17.447399 -0.032143 -0.998807 -0.036768 0.629900 -1.370300
5 1.029600 -2.185202 17.455500 0.702723 -0.710993 -0.025869 0.730600 -1.368900
larry.png
5 0.810000 -2.271603 17.652601 -0.023824 -0.967835 0.250455 0.631500 -1.483900
5 0.817200 -2.276103 17.447399 -0.032143 -0.998807 -0.036768 0.629900 -1.370300
5 0.924300 -2.233802 17.585100 0.451344 -0.882481 0.132348 0.688700 -1.449000
larry.png
5 0.603900 -2.175302 17.469000 -0.686859 -0.726755 -0.007210 -0.299700 -1.382600
5 0.618300 -2.158202 17.288099 -0.774026 -0.618713 -0.134454 -0.300600 -1.360000
5 0.685800 -2.212202 17.312399 -0.481027 -0.864534 -0.145581 -0.294100 -1.371400
larry.png
5 0.685800 -2.212202 17.312399 -0.481027 -0.864534 -0.145581 -0.294100 -1.371400
5 0.618300 -2.158202 17.288099 -0.774026 -0.618713 -0.134454 -0.300600 -1.360000
5 0.795600 -2.253602 17.254799 -0.047970 -0.945998 -0.320604 -0.287000 -1.363700
larry.png
2 4.175100 -2.734201 11.635200 0.833210 -0.552943 0.003776 1.323900 -2.281500
2 2.248200 -4.109401 9.857699 0.397341 -0.856941 -0.328286 1.295300 -2.258900
2 3.879900 -2.919601 9.900901 0.801073 -0.455099 -0.388801 1.320800 -2.259500
larry.png
2 2.533500 2.983498 11.653201 0.251477 0.947461 -0.197677 2.121200 -2.891700
2 2.372400 2.270699 9.279902 0.197393 0.895605 -0.398657 2.126000 -2.805600
2 0.000000 2.584799 9.279902 0.000000 0.930103 -0.367299 2.241100 -2.805600
larry.png
28 0.725400 6.241499 3.280501 0.249913 0.951729 -0.178202 -0.525600 -1.429100
28 0.405000 6.477299 3.124801 0.478763 0.873555 0.087672 -0.511400 -1.454600
28 0.410400 6.291900 3.536101 0.304952 0.771971 0.557732 -0.522500 -1.454200
larry.png
28 0.725400 6.241499 3.280501 0.249913 0.951729 -0.178202 -0.525600 -1.429100
28 0.410400 6.291900 3.536101 0.304952 0.771971 0.557732 -0.522500 -1.454200
28 0.707400 6.162300 3.478501 0.202338 0.771242 0.603528 -0.530400 -1.430500
larry.png
28 0.616500 5.506200 3.916801 0.208081 0.423728 0.881565 -0.569900 -1.437800
28 0.707400 6.162300 3.478501 0.202338 0.771242 0.603528 -0.530400 -1.430500
28 0.410400 6.291900 3.536101 0.304952 0.771971 0.557732 -0.522500 -1.454200
larry.png
28 1.559700 5.445899 3.556801 0.861634 -0.502687 0.069951 -0.573600 -1.362700
28 1.403100 5.488199 3.780901 0.587490 0.194876 0.785417 -0.571000 -1.375100
28 1.098900 5.040900 3.925801 0.711067 -0.084508 0.698027 -0.617800 -1.399500
larry.png
28 0.676800 5.472899 3.437101 0.063659 -0.420887 -0.904877 -0.571900 -1.432900
28 1.559700 5.445899 3.556801 0.312821 -0.623226 -0.716752 -0.573600 -1.362700
28 1.001700 5.040900 3.594601 0.547603 -0.151547 -0.822900 -0.617800 -1.407200
larry.png
2 2.113200 -2.731502 14.135401 0.107292 -0.502757 0.857743 1.293200 -2.316900
2 0.666900 -3.255302 13.919400 -0.124987 -0.405727 0.905408 1.270600 -2.315400
2 0.000000 -3.888902 13.315500 -0.000000 -0.751036 0.660261 1.260100 -2.305600
larry.png
2 3.884400 -0.330302 14.581800 0.465848 -0.229349 0.854625 1.315600 -2.318800
2 3.250800 -1.692902 14.371200 0.188964 -0.367297 0.910706 1.306600 -2.316100
2 4.095900 -2.367902 13.644000 0.635870 -0.560472 0.530603 1.318700 -2.306900
larry.png
3 0.577800 -2.257202 15.622200 0.546719 -0.822707 0.155728 1.269200 -2.331900
3 0.000000 -2.411102 15.594300 0.000000 -0.973020 0.230720 1.260100 -2.330800
3 0.000000 -2.525402 15.346800 -0.000000 -0.957003 0.290077 1.260100 -2.328500
larry.png
3 1.584000 -0.198902 16.145100 0.923124 0.136147 0.359592 1.283900 -2.340400
3 0.833400 0.248398 17.186399 0.520122 0.356087 0.776322 1.273200 -2.351800
3 1.209600 -0.471602 17.060400 0.767787 -0.019053 0.640421 1.279100 -2.350200
larry.png
3 0.619200 -0.672302 17.434799 0.362773 -0.159828 0.918069 1.269800 -2.354900
3 0.833400 0.248398 17.186399 0.520122 0.356087 0.776322 1.273200 -2.351800
3 0.000000 -0.672302 17.529301 0.000001 0.002878 0.999996 1.260100 -2.356100
larry.png
2 2.343600 3.037498 13.780802 0.232274 0.946986 0.221959 2.127400 -2.964700
2 4.650300 2.270698 13.770000 0.600291 0.707595 0.372773 2.035000 -2.966700
2 4.388400 2.228399 11.651402 0.692136 0.700186 -0.175176 2.033500 -2.891600
larry.png
2 2.533500 2.983498 11.653201 0.251477 0.947461 -0.197677 2.121200 -2.891700
2 3.711600 1.793699 9.279901 0.555543 0.736611 -0.385714 2.061100 -2.805600
2 2.372400 2.270699 9.279902 0.197393 0.895605 -0.398657 2.126000 -2.805600
larry.png
1 2.810700 1.114199 7.290000 0.402593 0.777057 -0.483840 2.104800 -2.733600
2 2.372400 2.270699 9.279902 0.197393 0.895605 -0.398657 2.126000 -2.805600
2 3.711600 1.793699 9.279901 0.555543 0.736611 -0.385714 2.061100 -2.805600
larry.png
2 2.159100 -3.800701 9.403200 0.398985 -0.850264 -0.343311 1.293900 -2.253200
2 2.248200 -4.109401 9.857699 0.397341 -0.856941 -0.328286 1.295300 -2.258900
2 0.000000 -4.302001 9.581400 -0.000000 -0.897741 -0.440523 1.260100 -2.255500
larry.png
28 0.725400 6.241499 3.280501 0.249913 0.951729 -0.178202 -0.525600 -1.429100
28 0.707400 6.162300 3.478501 0.202338 0.771242 0.603528 -0.530400 -1.430500
28 1.318500 6.289200 3.145501 0.244081 0.968830 -0.042345 -0.522700 -1.381900
larry.png
28 0.707400 6.162300 3.478501 0.202338 0.771242 0.603528 -0.530400 -1.430500
28 1.390500 6.107399 3.458701 0.356175 0.646074 0.675076 -0.533700 -1.376200
28 1.318500 6.289200 3.145501 0.244081 0.968830 -0.042345 -0.522700 -1.381900
larry.png
28 0.616500 5.506200 3.916801 0.208081 0.423728 0.881565 -0.569900 -1.437800
28 1.403100 5.488199 3.780901 0.587490 0.194876 0.785417 -0.571000 -1.375100
28 1.390500 6.107399 3.458701 0.356175 0.646074 0.675076 -0.533700 -1.376200
larry.png
28 0.616500 5.506200 3.916801 0.208081 0.423728 0.881565 -0.569900 -1.437800
28 1.390500 6.107399 3.458701 0.356175 0.646074 0.675076 -0.533700 -1.376200
28 0.707400 6.162300 3.478501 0.202338 0.771242 0.603528 -0.530400 -1.430500
larry.png
28 1.656000 6.030000 3.161701 0.780976 0.571751 0.251351 -0.538300 -1.355000
28 1.390500 6.107399 3.458701 0.356175 0.646074 0.675076 -0.533700 -1.376200
28 1.403100 5.488199 3.780901 0.587490 0.194876 0.785417 -0.571000 -1.375100
larry.png
1 1.145700 -0.476100 2.367900 0.277343 -0.040936 -0.959899 -0.410700 -0.615800
1 2.027700 -0.900000 2.912400 0.718002 -0.099682 -0.688866 -0.396100 -0.635100
1 1.131300 -1.659600 2.619000 0.301494 -0.371960 -0.877922 -0.411000 -0.624700
larry.png
28 0.000000 6.348599 3.592801 -0.000000 0.659434 0.751763 -0.519200 -1.486900
28 0.616500 5.506200 3.916801 0.208081 0.423728 0.881565 -0.569900 -1.437800
28 0.410400 6.291900 3.536101 0.304952 0.771971 0.557732 -0.522500 -1.454200
larry.png
28 0.000000 6.348599 3.592801 -0.000000 0.659434 0.751763 -0.519200 -1.486900
28 0.000000 5.427899 4.100401 0.000000 0.452586 0.891721 -0.574600 -1.486900
28 0.616500 5.506200 3.916801 0.208081 0.423728 0.881565 -0.569900 -1.437800
larry.png
28 1.371600 6.092100 2.973601 0.161364 -0.123238 -0.979170 -0.534600 -1.377700
28 1.559700 5.445899 3.556801 0.312821 -0.623226 -0.716752 -0.573600 -1.362700
28 0.676800 5.472899 3.437101 0.063659 -0.420887 -0.904877 -0.571900 -1.432900
larry.png
28 1.656000 6.030000 3.161701 0.558250 0.047714 -0.828300 -0.538300 -1.355000
28 1.559700 5.445899 3.556801 0.497058 -0.682800 -0.535459 -0.573600 -1.362700
28 1.371600 6.092100 2.973601 0.161364 -0.123238 -0.979170 -0.534600 -1.377700
larry.png
28 0.676800 5.472899 3.437101 0.063659 -0.420887 -0.904877 -0.571900 -1.432900
28 0.000000 5.536799 3.330901 -0.000000 -0.408336 -0.912831 -0.568000 -1.486900
28 0.698400 6.076799 3.088801 0.122054 0.010806 -0.992465 -0.535500 -1.431300
larry.png
2 1.984500 -2.516402 14.170500 -0.006236 -0.283398 0.958982 1.291200 -2.317300
2 3.250800 -1.692902 14.371200 0.188964 -0.367297 0.910706 1.306600 -2.316100
2 1.008000 -2.169002 14.356799 0.248490 -0.614385 0.748855 1.275900 -2.315900
larry.png
2 2.113200 -2.731502 14.135401 0.107292 -0.502757 0.857743 1.293200 -2.316900
2 3.250800 -1.692902 14.371200 0.188964 -0.367297 0.910706 1.306600 -2.316100
2 1.984500 -2.516402 14.170500 -0.006236 -0.283398 0.958982 1.291200 -2.317300
larry.png
2 0.666900 -3.255302 13.919400 -0.124987 -0.405727 0.905408 1.270600 -2.315400
2 2.113200 -2.731502 14.135401 0.107292 -0.502757 0.857743 1.293200 -2.316900
2 1.984500 -2.516402 14.170500 -0.006236 -0.283398 0.958982 1.291200 -2.317300
larry.png
2 2.538000 2.112298 15.118201 0.232550 0.613696 0.754518 2.118000 -2.977400
2 4.083300 1.313998 14.958899 0.547181 0.098287 0.831224 2.060100 -2.980600
2 4.650300 2.270698 13.770000 0.600291 0.707595 0.372773 2.035000 -2.966700
larry.png
2 4.977900 1.526398 13.753800 0.964495 -0.167852 0.203897 2.020500 -2.967800
2 4.083300 1.313998 14.958899 0.547181 0.098287 0.831224 2.060100 -2.980600
2 3.811500 0.791098 14.823899 0.524871 -0.295486 0.798247 2.072200 -2.975700
larry.png
3 1.902600 0.028798 15.051600 0.533770 -0.186617 0.824781 1.289900 -2.324700
2 3.884400 -0.330302 14.581800 0.465848 -0.229349 0.854625 1.315600 -2.318800
2 3.811500 0.791098 14.823899 0.524871 -0.295486 0.798247 1.314600 -2.321800
larry.png
2 3.250800 -1.692902 14.371200 0.188964 -0.367297 0.910706 1.306600 -2.316100
2 3.884400 -0.330302 14.581800 0.465848 -0.229349 0.854625 1.315600 -2.318800
3 1.902600 0.028798 15.051600 0.533770 -0.186617 0.824781 1.289900 -2.324700
larry.png
3 1.902600 0.028798 15.051600 0.533770 -0.186617 0.824781 1.289900 -2.324700
2 3.811500 0.791098 14.823899 0.524871 -0.295486 0.798247 1.314600 -2.321800
2 2.251800 0.893698 15.244200 0.154930 -0.327610 0.932024 1.295400 -2.327200
larry.png
2 1.809900 1.506598 15.561900 0.126223 -0.141232 0.981897 2.153300 -2.991000
2 0.000000 1.812598 15.647400 -0.000000 0.213879 0.976860 2.241100 -2.994100
2 0.000000 1.379698 15.462001 -0.000000 0.106538 0.994309 2.241100 -2.987300
larry.png
2 3.811500 0.791098 14.823899 0.524871 -0.295486 0.798247 2.072200 -2.975700
2 4.083300 1.313998 14.958899 0.547181 0.098287 0.831224 2.060100 -2.980600
2 1.809900 1.506598 15.561900 0.126223 -0.141232 0.981897 2.153300 -2.991000
larry.png
2 1.809900 1.506598 15.561900 0.126223 -0.141232 0.981897 2.153300 -2.991000
2 0.000000 1.379698 15.462001 -0.000000 0.402634 0.915361 2.241100 -2.987300
2 1.136700 1.223998 15.462001 0.441464 0.178679 0.879308 2.186000 -2.987300
larry.png
2 2.251800 0.893698 15.244200 0.154930 -0.327610 0.932024 1.295400 -2.327200
2 1.136700 1.223998 15.462001 0.441464 0.178679 0.879308 1.277900 -2.329900
3 1.902600 0.028798 15.051600 0.533770 -0.186617 0.824781 1.289900 -2.324700
larry.png
3 0.883800 -1.877402 15.623100 0.755770 -0.654032 -0.032449 1.273000 -2.334700
3 0.577800 -2.257202 15.622200 0.546719 -0.822707 0.155728 1.269200 -2.331900
3 0.585900 -2.288702 15.391800 0.693510 -0.720036 0.024351 1.269300 -2.329800
larry.png
3 1.024200 0.831598 16.329599 0.446309 0.760513 0.471622 1.273800 -2.340900
2 1.136700 1.223998 15.462001 0.508227 0.326491 0.796937 1.277900 -2.329900
2 0.000000 1.379698 15.462001 -0.000000 0.402634 0.915361 1.260100 -2.329900
larry.png
3 1.024200 0.831598 16.329599 0.446309 0.760513 0.471622 1.273800 -2.340900
3 0.000000 1.056598 16.329599 -0.000000 0.896387 0.443273 1.260100 -2.340900
3 0.000000 0.381598 17.402399 0.000000 0.638931 0.769264 1.260100 -2.354500
larry.png
3 1.024200 0.831598 16.329599 0.446309 0.760513 0.471622 1.273800 -2.340900
2 0.000000 1.379698 15.462001 -0.000000 0.669425 0.742880 1.260100 -2.329900
3 0.000000 1.056598 16.329599 -0.000000 0.896387 0.443273 1.260100 -2.340900
larry.png
2 1.809900 1.506598 15.561900 0.126223 -0.141232 0.981897 2.153300 -2.991000
2 1.136700 1.223998 15.462001 0.466573 -0.028033 0.884038 2.186000 -2.987300
2 2.251800 0.893698 15.244200 0.154930 -0.327610 0.932024 2.131900 -2.979500
larry.png
2 1.809900 1.506598 15.561900 0.126223 -0.141232 0.981897 2.153300 -2.991000
2 2.251800 0.893698 15.244200 0.154930 -0.327610 0.932024 2.131900 -2.979500
2 3.811500 0.791098 14.823899 0.524871 -0.295486 0.798247 2.072200 -2.975700
larry.png
2 2.538000 2.112298 15.118201 0.232550 0.613696 0.754518 2.118000 -2.977400
2 0.000000 1.812598 15.647400 -0.000000 0.213879 0.976860 2.241100 -2.994100
2 1.809900 1.506598 15.561900 0.126223 -0.141232 0.981897 2.153300 -2.991000
larry.png
2 4.650300 2.270698 13.770000 0.600291 0.707595 0.372773 2.035000 -2.966700
2 4.083300 1.313998 14.958899 0.547181 0.098287 0.831224 2.060100 -2.980600
2 4.977900 1.526398 13.753800 0.964495 -0.167852 0.203897 2.020500 -2.967800
larry.png
2 4.247100 1.016999 9.387000 0.962538 -0.038732 -0.268365 2.035100 -2.809500
2 3.711600 1.793699 9.279901 0.555543 0.736611 -0.385714 2.061100 -2.805600
2 4.388400 2.228399 11.651402 0.692136 0.700186 -0.175176 2.033500 -2.891600
larry.png
1 3.511800 0.381599 7.290000 0.870822 0.206361 -0.446188 2.070800 -2.733600
2 3.711600 1.793699 9.279901 0.555543 0.736611 -0.385714 2.061100 -2.805600
2 4.247100 1.016999 9.387000 0.962538 -0.038732 -0.268365 2.035100 -2.809500
larry.png
3 0.138600 -3.360602 16.099199 0.911468 -0.264281 0.315249 1.262300 -2.337800
3 0.000000 -3.470402 16.079399 0.000001 -0.586679 0.809820 1.260100 -2.337700
3 0.000000 -4.051802 15.658200 0.488037 -0.580242 0.652027 1.260100 -2.332900
larry.png
3 0.000000 -4.051802 15.658200 0.440258 0.135036 -0.887659 1.260100 -2.332900
3 0.000000 -2.989802 15.870600 -0.000001 0.123746 -0.992314 1.260100 -2.335100
3 0.110700 -3.053702 15.918300 0.797341 0.061620 -0.600375 1.261900 -2.335700
larry.png
3 0.000000 -3.789902 16.149599 0.783927 -0.183458 0.593128 1.260100 -2.338400
3 0.138600 -3.360602 16.099199 0.911468 -0.264281 0.315249 1.262300 -2.337800
3 0.000000 -3.103202 16.362000 0.598211 -0.578931 0.554060 1.260100 -2.341500
larry.png
3 0.000000 -2.411102 15.594300 0.000000 -0.973020 0.230720 1.260100 -2.330800
3 0.577800 -2.257202 15.622200 0.546719 -0.822707 0.155728 1.269200 -2.331900
3 0.531000 -2.248202 15.939000 0.419091 -0.877832 0.231894 1.268400 -2.336000
larry.png
3 0.531000 -2.248202 15.939000 0.419091 -0.877832 0.231894 1.268400 -2.336000
3 0.000000 -2.352602 15.885900 0.000000 -0.981370 0.192130 1.260100 -2.335300
3 0.000000 -2.411102 15.594300 0.000000 -0.973020 0.230720 1.260100 -2.330800
larry.png
3 0.147600 -2.297702 16.036200 0.852905 -0.521845 -0.015217 1.262400 -2.337200
3 0.000000 -2.352602 15.885900 0.000000 -0.981370 0.192130 1.260100 -2.335300
3 0.531000 -2.248202 15.939000 0.419091 -0.877832 0.231894 1.268400 -2.336000
larry.png
3 0.000000 -3.470402 16.079399 -0.000001 -0.214599 -0.976702 1.260100 -2.337700
3 0.138600 -3.360602 16.099199 0.909449 -0.080363 -0.407975 1.262300 -2.337800
3 0.000000 -3.789902 16.149599 -0.000001 -0.214599 -0.976702 1.260100 -2.338400
larry.png
3 0.237600 -2.173502 16.508701 0.709333 -0.529915 0.464797 1.263800 -2.343200
3 0.147600 -2.297702 16.036200 0.852905 -0.521845 -0.015217 1.262400 -2.337200
3 0.531000 -2.248202 15.939000 0.419091 -0.877832 0.231894 1.268400 -2.336000
larry.png
3 0.183600 -2.813402 16.440300 0.954506 -0.229435 0.190466 1.263000 -2.342300
3 0.237600 -2.173502 16.508701 0.709333 -0.529915 0.464797 1.263800 -2.343200
3 0.000000 -2.770202 16.690500 0.766120 -0.138631 0.627568 1.260100 -2.345200
larry.png
4 0.000000 -2.509202 14.769900 0.000000 -0.979884 -0.199570 1.260100 -2.319000
4 0.000000 -2.422802 14.643900 0.000001 -0.990160 -0.139938 1.260100 -2.317400
4 0.743400 -2.226602 14.731200 0.482293 -0.867202 -0.123909 1.271800 -2.318500
larry.png
4 0.743400 -2.305802 14.848200 0.523242 -0.812837 0.255957 1.271800 -2.320000
4 0.000000 -2.509202 14.769900 0.000000 -0.979884 -0.199570 1.260100 -2.319000
4 0.743400 -2.226602 14.731200 0.482293 -0.867202 -0.123909 1.271800 -2.318500
larry.png
2 0.000000 -3.301202 13.681800 -0.000000 -0.448736 0.893664 1.260100 -2.313000
2 0.666900 -3.255302 13.919400 -0.124987 -0.405727 0.905408 1.270600 -2.315400
2 0.000000 -3.091502 13.763700 0.000000 -0.414530 0.910036 1.260100 -2.314000
larry.png
2 0.666900 -3.255302 13.919400 -0.124987 -0.405727 0.905408 1.270600 -2.315400
2 0.000000 -3.301202 13.681800 -0.000000 -0.448736 0.893664 1.260100 -2.313000
2 0.000000 -3.888902 13.315500 -0.000000 -0.751036 0.660261 1.260100 -2.305600
larry.png
3 0.000000 -1.059302 15.221701 0.000000 -0.698424 -0.715684 0.862200 -2.445000
3 0.853200 -1.862102 15.438600 0.322607 -0.774107 -0.544687 0.922600 -2.364700
3 0.534600 -2.050202 15.594300 0.081497 -0.311970 -0.946590 0.902900 -2.343800
larry.png
4 0.644400 -2.236502 14.952600 -0.048186 -0.138291 0.989219 0.911300 -2.324800
4 0.714600 -1.868402 14.758200 -0.425463 0.432019 0.795198 0.916600 -2.362400
4 0.000000 -2.121302 14.758200 0.000000 0.464687 0.885475 0.862200 -2.336500
larry.png
4 0.000000 -2.121302 14.758200 0.000000 0.464687 0.885475 0.862200 -2.336500
4 0.000000 -2.411102 14.898601 0.000000 -0.463183 0.886262 0.862200 -2.306900
4 0.644400 -2.236502 14.952600 -0.048186 -0.138291 0.989219 0.911300 -2.324800
larry.png
4 0.000000 -2.411102 14.898601 0.000000 -0.463183 0.886262 1.260100 -2.320700
4 0.000000 -2.509202 14.769900 0.000000 -0.979884 -0.199570 1.260100 -2.319000
4 0.743400 -2.305802 14.848200 0.523242 -0.812837 0.255957 1.271800 -2.320000
larry.png
4 0.644400 -2.236502 14.952600 0.147789 -0.249157 0.957120 1.270200 -2.321400
4 0.000000 -2.411102 14.898601 0.000000 -0.463183 0.886262 1.260100 -2.320700
4 0.743400 -2.305802 14.848200 0.523242 -0.812837 0.255957 1.271800 -2.320000
larry.png
4 0.743400 -2.226602 14.731200 0.482293 -0.867202 -0.123909 1.271800 -2.318500
4 0.000000 -2.422802 14.643900 0.000001 -0.990160 -0.139938 1.260100 -2.317400
2 0.000000 -2.515502 14.356799 0.000000 -0.924314 0.381632 1.260100 -2.315900
larry.png
3 1.210500 -1.611902 14.862599 0.701255 -0.699182 0.139233 1.279100 -2.322300
4 0.743400 -2.226602 14.731200 0.482293 -0.867202 -0.123909 1.271800 -2.318500
2 1.008000 -2.169002 14.356799 0.248490 -0.614385 0.748855 1.275900 -2.315900
larry.png
4 0.743400 -2.305802 14.848200 0.523242 -0.812837 0.255957 1.271800 -2.320000
4 0.743400 -2.226602 14.731200 0.482293 -0.867202 -0.123909 1.271800 -2.318500
3 1.210500 -1.611902 14.862599 0.701255 -0.699182 0.139233 1.279100 -2.322300
larry.png
4 0.977400 -1.905302 15.033600 0.540662 -0.635975 0.550655 1.277500 -2.322700
4 0.743400 -2.305802 14.848200 0.523242 -0.812837 0.255957 1.271800 -2.320000
3 1.210500 -1.611902 14.862599 0.701255 -0.699182 0.139233 1.279100 -2.322300
larry.png
4 0.644400 -2.236502 14.952600 0.147789 -0.249157 0.957120 1.270200 -2.321400
4 0.743400 -2.305802 14.848200 0.523242 -0.812837 0.255957 1.271800 -2.320000
4 0.977400 -1.905302 15.033600 0.540662 -0.635975 0.550655 1.277500 -2.322700
larry.png
4 0.893700 -1.896302 15.092100 -0.273454 -0.750689 0.601406 1.276100 -2.323400
4 0.644400 -2.236502 14.952600 0.147789 -0.249157 0.957120 1.270200 -2.321400
4 0.977400 -1.905302 15.033600 0.540662 -0.635975 0.550655 1.277500 -2.322700
larry.png
3 0.000000 -1.059302 15.221701 -0.104116 -0.821374 0.560808 0.862200 -2.445000
4 0.893700 -1.896302 15.092100 -0.432629 -0.610981 0.662974 0.939700 -2.380400
3 0.903600 -1.764902 15.230700 -0.022309 -0.958856 0.283016 0.931000 -2.378900
larry.png
4 0.893700 -1.896302 15.092100 -0.273454 -0.750689 0.601406 1.276100 -2.323400
4 0.977400 -1.905302 15.033600 0.540662 -0.635975 0.550655 1.277500 -2.322700
3 0.903600 -1.764902 15.230700 0.137724 -0.877618 0.459150 1.274300 -2.330800
larry.png
3 0.237600 -2.173502 16.508701 0.709333 -0.529915 0.464797 1.263800 -2.343200
3 0.447300 -1.869302 16.669800 0.714453 -0.482130 0.507057 1.267100 -2.345200
3 0.000000 -2.094302 16.775999 -0.000000 -0.738394 0.674370 1.260100 -2.346600
larry.png
3 0.607500 -1.836902 16.530300 0.487909 -0.691327 0.532927 1.270200 -2.343500
3 0.237600 -2.173502 16.508701 0.709333 -0.529915 0.464797 1.263800 -2.343200
3 0.531000 -2.248202 15.939000 0.419091 -0.877832 0.231894 1.268400 -2.336000
larry.png
3 0.607500 -1.836902 16.530300 0.487909 -0.691327 0.532927 1.270200 -2.343500
3 0.447300 -1.869302 16.669800 0.714453 -0.482130 0.507057 1.267100 -2.345200
3 0.237600 -2.173502 16.508701 0.709333 -0.529915 0.464797 1.263800 -2.343200
larry.png
3 0.447300 -1.869302 16.669800 0.714453 -0.482130 0.507057 1.267100 -2.345200
3 0.467100 -1.805402 16.879499 0.664662 -0.735057 0.133845 1.266500 -2.347900
3 0.000000 -2.094302 16.775999 0.094912 -0.772448 0.627945 1.260100 -2.346600
larry.png
3 0.591300 -1.644302 16.775999 0.339370 -0.917122 -0.209083 -0.100200 -2.406900
3 0.467100 -1.805402 16.879499 0.664662 -0.735057 0.133845 -0.123900 -2.372700
3 0.449100 -1.776602 16.683300 0.778746 -0.627337 0.001716 -0.118300 -2.384100
larry.png
3 0.449100 -1.776602 16.683300 0.927141 -0.314746 0.203331 -0.118300 -2.384100
3 0.467100 -1.805402 16.879499 0.664662 -0.735057 0.133845 -0.123900 -2.372700
3 0.447300 -1.869302 16.669800 0.714453 -0.482130 0.507057 -0.118500 -2.351400
larry.png
3 0.449100 -1.776602 16.683300 0.927141 -0.314746 0.203331 -0.118300 -2.384100
3 0.447300 -1.869302 16.669800 0.714453 -0.482130 0.507057 -0.118500 -2.351400
3 0.594900 -1.782002 16.564501 0.281032 -0.356709 0.890943 -0.099900 -2.383200
larry.png
28 0.405000 6.477299 3.124801 0.478763 0.873555 0.087672 -0.511400 -1.454600
28 0.000000 6.543000 3.132001 -0.000000 0.916942 0.399022 -0.507400 -1.486900
28 0.410400 6.291900 3.536101 0.304952 0.771971 0.557732 -0.522500 -1.454200
larry.png
28 0.000000 6.543000 3.132001 -0.000000 0.916942 0.399022 -0.507400 -1.486900
28 0.000000 6.348599 3.592801 -0.000000 0.659434 0.751763 -0.519200 -1.486900
28 0.410400 6.291900 3.536101 0.304952 0.771971 0.557732 -0.522500 -1.454200
larry.png
3 0.554400 -2.151002 15.570900 -0.435535 0.674990 -0.595565 0.904400 -2.333500
3 0.853200 -1.862102 15.438600 -0.822047 0.295980 -0.486451 0.922600 -2.364700
3 0.585900 -2.288702 15.391800 -0.329687 0.605376 -0.724449 0.906800 -2.319400
larry.png
3 0.534600 -2.050202 15.224400 -0.227724 0.813716 -0.534797 0.938700 -2.101300
3 0.554400 -2.151002 15.215401 0.312942 -0.084107 -0.946041 0.940500 -2.100500
3 0.000000 -2.207702 15.162300 -0.000000 0.472262 -0.881458 0.889000 -2.095600
larry.png
3 0.554400 -2.151002 15.215401 0.487182 -0.573323 -0.658753 0.940500 -2.100500
3 0.000000 -2.347202 15.162300 0.149745 -0.423133 -0.893608 0.889000 -2.095600
3 0.000000 -2.207702 15.162300 0.068084 0.281686 -0.957088 0.889000 -2.095600
larry.png
3 0.853200 -1.862102 15.438600 0.422387 -0.804904 -0.416796 0.962700 -2.148900
3 0.554400 -2.151002 15.570900 0.526389 -0.850244 -0.000000 0.940500 -2.133800
3 0.554400 -2.151002 15.215401 0.529870 -0.668976 -0.521257 0.940500 -2.100500
larry.png
3 0.793800 -1.845002 15.288300 0.549035 -0.238718 -0.800983 0.962700 -2.107400
3 0.853200 -1.862102 15.438600 0.422387 -0.804904 -0.416796 0.962700 -2.148900
3 0.554400 -2.151002 15.215401 0.487182 -0.573323 -0.658753 0.940500 -2.100500
larry.png
3 0.534600 -2.050202 15.224400 -0.439216 0.894358 0.084925 0.938700 -2.101300
3 0.853200 -1.862102 15.438600 -0.666912 0.742428 -0.063477 0.962700 -2.148900
3 0.793800 -1.845002 15.288300 -0.634581 0.698725 0.330289 0.962700 -2.107400
larry.png
3 0.554400 -2.151002 15.215401 0.547977 -0.766902 -0.334039 0.940500 -2.100500
3 0.554400 -2.151002 15.570900 0.526389 -0.850244 -0.000000 0.940500 -2.133800
3 0.000000 -2.347202 15.429601 0.000001 -1.000000 -0.000000 0.889000 -2.120600
larry.png
3 0.554400 -2.151002 15.215401 0.547977 -0.766902 -0.334039 0.940500 -2.100500
3 0.000000 -2.347202 15.429601 0.000001 -1.000000 -0.000000 0.889000 -2.120600
3 0.000000 -2.347202 15.162300 0.044675 -0.883431 -0.466427 0.889000 -2.095600
larry.png
2 2.159100 -3.800701 9.403200 0.398985 -0.850264 -0.343311 0.291700 -2.276000
2 0.000000 -4.302001 9.581400 -0.000000 -0.897741 -0.440523 0.195200 -2.286000
1 0.000000 -4.307401 7.289999 -0.000000 -0.998225 -0.059556 0.195200 -2.157600
larry.png
3 0.147600 -2.297702 16.036200 0.895099 0.007467 -0.445805 1.262400 -2.337200
3 0.110700 -3.053702 15.918300 0.797341 0.061620 -0.600375 1.261900 -2.335700
3 0.000000 -2.989802 15.870600 -0.000001 0.123746 -0.992314 1.260100 -2.335100
larry.png
3 0.147600 -2.297702 16.036200 0.895099 0.007467 -0.445805 1.262400 -2.337200
3 0.000000 -2.989802 15.870600 0.164978 0.138240 -0.976561 1.260100 -2.335100
3 0.000000 -2.352602 15.885900 0.710291 0.016898 -0.703705 1.260100 -2.335300
larry.png
3 0.138600 -3.360602 16.099199 0.946488 -0.297823 0.124342 1.262300 -2.337800
3 0.110700 -3.053702 15.918300 0.797341 0.061620 -0.600375 1.261900 -2.335700
3 0.147600 -2.297702 16.036200 0.871940 -0.369176 -0.321606 1.262400 -2.337200
larry.png
4 0.000000 -1.973702 14.950801 0.000000 -0.000000 1.000000 0.889000 -2.075800
4 0.000000 -2.121302 14.950801 0.000000 -0.000000 1.000000 0.889000 -2.075800
4 0.714600 -1.868402 14.950801 0.000000 -0.000000 1.000000 0.955400 -2.075800
larry.png
4 0.000000 -1.973702 14.950801 0.000000 -0.000000 1.000000 0.889000 -2.075800
4 0.714600 -1.868402 14.950801 0.000000 -0.000000 1.000000 0.955400 -2.075800
4 0.646200 -1.762202 14.950801 0.000001 -0.000000 1.000000 0.949000 -2.075800
larry.png
4 0.000000 -2.121302 14.950801 -0.000000 -1.000000 -0.000000 0.889000 -2.075800
4 0.000000 -2.121302 14.758200 -0.000000 -1.000000 -0.000000 0.889000 -2.057700
4 0.714600 -1.868402 14.758200 -0.046209 -0.986770 0.155401 0.955400 -2.057700
larry.png
4 0.000000 -2.121302 14.950801 -0.000000 -1.000000 -0.000000 0.889000 -2.075800
4 0.714600 -1.868402 14.758200 -0.046209 -0.986770 0.155401 0.955400 -2.057700
4 0.714600 -1.868402 14.950801 0.333628 -0.942705 -0.000000 0.955400 -2.075800
larry.png
4 0.714600 -1.868402 14.950801 0.840715 0.541478 -0.000000 0.955400 -2.075800
4 0.714600 -1.868402 14.758200 0.447245 0.686640 0.573146 0.955400 -2.057700
4 0.646200 -1.762202 14.758200 0.558874 0.829253 -0.000000 0.949000 -2.057700
larry.png
4 0.646200 -1.762202 14.950801 0.089149 0.996018 -0.000000 0.949000 -2.075800
4 0.000000 -1.973702 14.758200 -0.000000 1.000000 -0.000000 0.889000 -2.057700
4 0.000000 -1.973702 14.950801 0.000000 1.000000 -0.000000 0.889000 -2.075800
larry.png
4 0.893700 -1.896302 15.092100 -0.777684 -0.415884 0.471432 0.939700 -2.380400
4 0.714600 -1.868402 14.758200 -0.709512 0.153659 0.687737 0.916600 -2.362400
4 0.644400 -2.236502 14.952600 -0.411990 0.465595 0.783253 0.911300 -2.324800
larry.png
28 0.000000 6.197400 3.032101 0.000000 0.011581 -0.999933 -0.528300 -1.486900
28 0.000000 6.543000 3.132001 0.000000 0.277694 -0.960670 -0.507400 -1.486900
28 0.405000 6.477299 3.124801 0.283541 0.349374 -0.893052 -0.511400 -1.454600
larry.png
4 0.646200 -1.762202 14.758200 -0.502074 -0.654305 0.565514 0.911400 -2.373300
4 0.714600 -1.868402 14.758200 -0.429898 -0.600373 0.674344 0.916600 -2.362400
4 0.893700 -1.896302 15.092100 -0.432629 -0.610981 0.662974 0.939700 -2.380400
larry.png
6 -0.628200 -2.082602 17.821800 0.751547 -0.459321 0.473499 -0.301100 -1.432200
6 -0.605700 -1.791002 17.913599 0.699193 0.274755 0.660029 -0.303900 -1.456400
6 -0.715500 -1.971902 17.964899 0.389236 -0.298015 0.871598 -0.299200 -1.457800
larry.png
6 -0.618300 -2.158202 17.288099 0.774026 -0.618713 -0.134454 -0.300600 -1.360000
6 -0.508500 -1.963802 17.294399 0.978137 0.201146 -0.052800 -0.308600 -1.360300
6 -0.496800 -1.894502 17.606701 0.988177 -0.141333 0.059432 -0.308800 -1.395300
larry.png
6 -0.527400 -1.922402 17.018101 0.993734 -0.099001 0.051890 -0.307600 -1.318200
6 -0.508500 -1.963802 17.294399 0.978137 0.201146 -0.052800 -0.308600 -1.360300
6 -0.618300 -2.158202 17.288099 0.774026 -0.618713 -0.134454 -0.300600 -1.360000
larry.png
6 -0.602100 -2.084402 16.994699 0.657979 -0.709286 -0.252936 -0.302400 -1.317000
6 -0.618300 -2.158202 17.288099 0.774026 -0.618713 -0.134454 -0.300600 -1.360000
6 -0.795600 -2.253602 17.254799 0.047970 -0.945998 -0.320604 -0.287000 -1.363700
larry.png
6 -0.874800 -2.068202 16.940701 -0.640565 -0.532219 -0.553552 -0.283900 -1.314100
6 -1.003500 -2.158202 17.267399 -0.756208 -0.568883 -0.323298 -0.272500 -1.358700
6 -1.087200 -1.882802 17.262899 -0.899655 0.311155 -0.306275 -0.266400 -1.358400
larry.png
6 -0.795600 -2.253602 17.254799 0.047970 -0.945998 -0.320604 -0.287000 -1.363700
6 -1.003500 -2.158202 17.267399 -0.756208 -0.568883 -0.323298 -0.272500 -1.358700
6 -0.874800 -2.068202 16.940701 -0.640565 -0.532219 -0.553552 -0.283900 -1.314100
larry.png
6 -0.948600 -1.843202 16.939800 -0.827898 0.471361 -0.303980 -0.278900 -1.314100
6 -0.874800 -2.068202 16.940701 -0.640565 -0.532219 -0.553552 -0.283900 -1.314100
6 -1.087200 -1.882802 17.262899 -0.899655 0.311155 -0.306275 -0.266400 -1.358400
larry.png
6 -0.715500 -1.971902 17.964899 0.389236 -0.298015 0.871598 -0.299200 -1.457800
6 -0.605700 -1.791002 17.913599 0.699193 0.274755 0.660029 -0.303900 -1.456400
6 -0.779400 -1.784702 17.994600 0.121442 0.311772 0.942364 -0.292800 -1.462700
larry.png
6 -0.972900 -1.749602 17.936100 -0.483457 0.465871 0.741103 -0.279200 -1.458600
6 -0.889200 -1.982702 17.984699 -0.238493 -0.250356 0.938319 -0.288000 -1.459100
6 -0.779400 -1.784702 17.994600 0.121442 0.311772 0.942364 -0.292800 -1.462700
larry.png
6 -1.003500 -2.158202 17.267399 -0.756208 -0.568883 -0.323298 -0.272500 -1.358700
6 -0.795600 -2.253602 17.254799 0.047970 -0.945998 -0.320604 -0.287000 -1.363700
6 -0.932400 -2.219402 17.301600 -0.421943 -0.874157 -0.240443 -0.279700 -1.371200
larry.png
6 -0.685800 -2.212202 17.312399 0.481026 -0.864535 -0.145582 0.564700 -1.294200
6 -0.603900 -2.175302 17.469000 0.686860 -0.726754 -0.007210 0.526100 -1.371300
6 -0.817200 -2.276103 17.447399 0.032143 -0.998807 -0.036769 0.629900 -1.370300
larry.png
6 -0.932400 -2.219402 17.301600 -0.421943 -0.874157 -0.240443 0.685900 -1.291800
6 -0.817200 -2.276103 17.447399 0.032143 -0.998807 -0.036769 0.629900 -1.370300
6 -1.029600 -2.185202 17.455500 -0.702723 -0.710993 -0.025869 0.730600 -1.368900
larry.png
6 -0.610200 -2.151002 17.645401 0.674062 -0.694875 0.250578 -0.300100 -1.405600
6 -0.694800 -2.221202 17.584200 0.483113 -0.870774 0.091401 -0.293800 -1.393500
6 -0.603900 -2.175302 17.469000 0.686860 -0.726754 -0.007210 -0.299700 -1.382600
larry.png
6 -0.932400 -2.219402 17.301600 -0.421943 -0.874157 -0.240443 0.685900 -1.291800
6 -0.795600 -2.253602 17.254799 0.047970 -0.945998 -0.320604 0.625600 -1.264800
6 -0.817200 -2.276103 17.447399 0.032143 -0.998807 -0.036769 0.629900 -1.370300
larry.png
6 -0.685800 -2.212202 17.312399 0.481026 -0.864535 -0.145582 0.564700 -1.294200
6 -0.817200 -2.276103 17.447399 0.032143 -0.998807 -0.036769 0.629900 -1.370300
6 -0.795600 -2.253602 17.254799 0.047970 -0.945998 -0.320604 0.625600 -1.264800
larry.png
3 -0.762300 -1.661402 16.635599 -0.797784 -0.351761 -0.489698 -0.293400 -1.271800
6 -0.874800 -2.068202 16.940701 -0.640565 -0.532219 -0.553552 -0.283900 -1.314100
6 -0.948600 -1.843202 16.939800 -0.827898 0.471361 -0.303980 -0.278900 -1.314100
larry.png
6 -0.694800 -2.221202 17.584200 0.483113 -0.870774 0.091401 0.571200 -1.449000
6 -0.817200 -2.276103 17.447399 0.032143 -0.998807 -0.036769 0.629900 -1.370300
6 -0.603900 -2.175302 17.469000 0.686860 -0.726754 -0.007210 0.526100 -1.371300
larry.png
6 -0.810000 -2.271603 17.652601 0.023828 -0.967835 0.250455 0.631500 -1.483900
6 -0.817200 -2.276103 17.447399 0.032143 -0.998807 -0.036769 0.629900 -1.370300
6 -0.694800 -2.221202 17.584200 0.483113 -0.870774 0.091401 0.571200 -1.449000
larry.png
6 -1.029600 -2.185202 17.455500 -0.702723 -0.710993 -0.025869 0.730600 -1.368900
6 -0.817200 -2.276103 17.447399 0.032143 -0.998807 -0.036769 0.629900 -1.370300
6 -0.924300 -2.233802 17.585100 -0.451342 -0.882482 0.132348 0.688700 -1.449000
larry.png
6 -0.924300 -2.233802 17.585100 -0.451342 -0.882482 0.132348 0.688700 -1.449000
6 -0.817200 -2.276103 17.447399 0.032143 -0.998807 -0.036769 0.629900 -1.370300
6 -0.810000 -2.271603 17.652601 0.023828 -0.967835 0.250455 0.631500 -1.483900
larry.png
6 -0.685800 -2.212202 17.312399 0.481026 -0.864535 -0.145582 -0.294100 -1.371400
6 -0.618300 -2.158202 17.288099 0.774026 -0.618713 -0.134454 -0.300600 -1.360000
6 -0.603900 -2.175302 17.469000 0.686860 -0.726754 -0.007210 -0.299700 -1.382600
larry.png
6 -0.795600 -2.253602 17.254799 0.047970 -0.945998 -0.320604 -0.287000 -1.363700
6 -0.618300 -2.158202 17.288099 0.774026 -0.618713 -0.134454 -0.300600 -1.360000
6 -0.685800 -2.212202 17.312399 0.481026 -0.864535 -0.145582 -0.294100 -1.371400
larry.png
2 0.000000 -4.641301 9.958501 -0.000000 -0.978047 -0.208382 1.260100 -2.260200
2 -2.533500 -4.002302 11.631600 -0.397475 -0.906908 0.139754 1.221500 -2.281400
2 -2.248200 -4.109401 9.857699 -0.397341 -0.856941 -0.328286 1.225000 -2.258900
larry.png
2 -2.248200 -4.109401 9.857699 -0.397341 -0.856941 -0.328286 1.225000 -2.258900
2 -2.533500 -4.002302 11.631600 -0.397475 -0.906908 0.139754 1.221500 -2.281400
2 -4.175100 -2.734201 11.635200 -0.833210 -0.552943 0.003776 1.196400 -2.281500
larry.png
2 0.000000 2.584799 9.279902 0.000000 0.930103 -0.367299 2.241100 -2.805600
2 -2.372400 2.270699 9.279902 -0.197393 0.895605 -0.398657 2.356200 -2.805600
2 -2.533500 2.983498 11.653201 -0.251477 0.947461 -0.197677 2.361000 -2.891700
larry.png
1 -3.379500 0.079199 7.289999 -0.944582 -0.188076 -0.269060 2.405000 -2.733600
2 -3.919500 0.574199 9.549000 -0.930579 -0.320128 -0.177595 2.431200 -2.815400
2 -4.247100 1.016999 9.387000 -0.962538 -0.038732 -0.268365 2.447100 -2.809500
larry.png
2 -3.879900 -2.919601 9.900901 -0.801073 -0.455099 -0.388801 1.199400 -2.259500
2 -4.243500 -0.696601 9.981900 -0.956628 0.004256 -0.291282 1.193700 -2.260500
2 -3.730500 -2.532601 9.520201 -0.820145 -0.475436 -0.318312 1.201800 -2.254700
larry.png
28 -0.410400 6.291900 3.536101 -0.304952 0.771971 0.557732 -0.522500 -1.519500
28 -0.405000 6.477299 3.124801 -0.478763 0.873555 0.087672 -0.511400 -1.519100
28 -0.725400 6.241499 3.280501 -0.249912 0.951729 -0.178201 -0.525600 -1.544600
larry.png
28 -0.410400 6.291900 3.536101 -0.304952 0.771971 0.557732 -0.522500 -1.519500
28 0.000000 6.543000 3.132001 -0.000000 0.916942 0.399022 -0.507400 -1.486900
28 -0.405000 6.477299 3.124801 -0.478763 0.873555 0.087672 -0.511400 -1.519100
larry.png
28 -0.410400 6.291900 3.536101 -0.304952 0.771971 0.557732 -0.522500 -1.519500
28 0.000000 6.348599 3.592801 -0.000000 0.659434 0.751763 -0.519200 -1.486900
28 0.000000 6.543000 3.132001 -0.000000 0.916942 0.399022 -0.507400 -1.486900
larry.png
28 -0.410400 6.291900 3.536101 -0.304952 0.771971 0.557732 -0.522500 -1.519500
28 -0.725400 6.241499 3.280501 -0.249912 0.951729 -0.178201 -0.525600 -1.544600
28 -0.707400 6.162300 3.478501 -0.202338 0.771242 0.603528 -0.530400 -1.543200
larry.png
28 -0.616500 5.506200 3.916801 -0.208081 0.423728 0.881565 -0.569900 -1.535900
28 0.000000 5.427899 4.100401 0.000000 0.452586 0.891721 -0.574600 -1.486900
28 0.000000 6.348599 3.592801 -0.000000 0.659434 0.751763 -0.519200 -1.486900
larry.png
28 -0.616500 5.506200 3.916801 -0.208081 0.423728 0.881565 -0.569900 -1.535900
28 0.000000 6.348599 3.592801 -0.000000 0.659434 0.751763 -0.519200 -1.486900
28 -0.410400 6.291900 3.536101 -0.304952 0.771971 0.557732 -0.522500 -1.519500
larry.png
28 -1.098900 5.040900 3.925801 -0.474933 0.036649 0.879259 -0.617800 -1.574200
28 -0.616500 5.506200 3.916801 -0.208081 0.423728 0.881565 -0.569900 -1.535900
28 -1.403100 5.488199 3.780901 -0.587490 0.194876 0.785417 -0.571000 -1.598600
larry.png
28 -1.098900 5.040900 3.925801 -0.711067 -0.084508 0.698027 -0.617800 -1.574200
28 -1.403100 5.488199 3.780901 -0.587490 0.194876 0.785417 -0.571000 -1.598600
28 -1.559700 5.445899 3.556801 -0.861634 -0.502687 0.069951 -0.573600 -1.611000
larry.png
28 0.000000 5.040900 3.490201 -0.000000 -0.002675 -0.999996 -0.617800 -1.486900
28 -0.676800 5.472899 3.437101 -0.063659 -0.420887 -0.904877 -0.571900 -1.540800
28 0.000000 5.536799 3.330901 -0.000000 -0.408336 -0.912831 -0.568000 -1.486900
larry.png
28 0.000000 5.040900 3.490201 -0.000000 -0.002675 -0.999996 -0.617800 -1.486900
28 -1.001700 5.040900 3.594601 -0.547603 -0.151547 -0.822900 -0.617800 -1.566500
28 -0.676800 5.472899 3.437101 -0.063659 -0.420887 -0.904877 -0.571900 -1.540800
larry.png
28 -1.001700 5.040900 3.594601 -0.547603 -0.151547 -0.822900 -0.617800 -1.566500
28 -1.559700 5.445899 3.556801 -0.312821 -0.623226 -0.716752 -0.573600 -1.611000
28 -0.676800 5.472899 3.437101 -0.063659 -0.420887 -0.904877 -0.571900 -1.540800
larry.png
2 -2.345400 -3.426302 13.503599 -0.264405 -0.777579 0.570491 1.223400 -2.305900
2 -2.533500 -4.002302 11.631600 -0.397475 -0.906908 0.139754 1.221500 -2.281400
2 0.000000 -4.524301 11.636100 0.000000 -0.968873 0.247557 1.260100 -2.281500
larry.png
2 0.000000 -3.888902 13.315500 -0.000000 -0.751036 0.660261 1.260100 -2.305600
2 -0.666900 -3.255302 13.919400 0.124986 -0.405727 0.905408 1.249700 -2.315400
2 -2.113200 -2.731502 14.135401 -0.107292 -0.502757 0.857743 1.227100 -2.316900
larry.png
2 0.000000 -3.888902 13.315500 -0.000000 -0.751036 0.660261 1.260100 -2.305600
2 0.000000 -3.301202 13.681800 -0.000000 -0.448736 0.893664 1.260100 -2.313000
2 -0.666900 -3.255302 13.919400 0.124986 -0.405727 0.905408 1.249700 -2.315400
larry.png
2 0.000000 -3.091502 13.763700 0.000000 -0.414530 0.910036 1.260100 -2.314000
2 -0.666900 -3.255302 13.919400 0.124986 -0.405727 0.905408 1.249700 -2.315400
2 0.000000 -3.301202 13.681800 -0.000000 -0.448736 0.893664 1.260100 -2.313000
larry.png
2 -4.095900 -2.367902 13.644000 -0.635870 -0.560472 0.530603 1.201600 -2.306900
2 -2.533500 -4.002302 11.631600 -0.397475 -0.906908 0.139754 1.221500 -2.281400
2 -2.345400 -3.426302 13.503599 -0.264405 -0.777579 0.570491 1.223400 -2.305900
larry.png
3 0.000000 -2.525402 15.346800 -0.000000 -0.957003 0.290077 1.260100 -2.328500
3 0.000000 -2.411102 15.594300 0.000000 -0.973020 0.230720 1.260100 -2.330800
3 -0.577800 -2.257202 15.622200 -0.546719 -0.822707 0.155728 1.251100 -2.331900
larry.png
3 0.000000 0.381598 17.402399 0.000000 0.638931 0.769264 1.260100 -2.354500
3 0.000000 1.056598 16.329599 -0.000000 0.896387 0.443273 1.260100 -2.340900
3 -1.024200 0.831598 16.329599 -0.446309 0.760514 0.471622 1.246400 -2.340900
larry.png
2 0.000000 1.379698 15.462001 -0.000000 0.669425 0.742880 1.260100 -2.329900
3 -1.024200 0.831598 16.329599 -0.446309 0.760514 0.471622 1.246400 -2.340900
3 0.000000 1.056598 16.329599 -0.000000 0.896387 0.443273 1.260100 -2.340900
larry.png
2 0.000000 1.379698 15.462001 -0.000000 0.402634 0.915361 1.260100 -2.329900
2 -1.136700 1.223998 15.462001 -0.508227 0.326491 0.796937 1.242300 -2.329900
3 -1.024200 0.831598 16.329599 -0.446309 0.760514 0.471622 1.246400 -2.340900
larry.png
3 -1.209600 -0.471602 17.060400 -0.767787 -0.019053 0.640422 1.241200 -2.350200
3 -0.833400 0.248398 17.186399 -0.520122 0.356087 0.776322 1.247100 -2.351800
3 -1.584000 -0.198902 16.145100 -0.923124 0.136147 0.359592 1.236400 -2.340400
larry.png
3 0.000000 0.381598 17.402399 0.000000 0.638931 0.769264 1.260100 -2.354500
3 -1.024200 0.831598 16.329599 -0.446309 0.760514 0.471622 1.246400 -2.340900
3 -0.833400 0.248398 17.186399 -0.520122 0.356087 0.776322 1.247100 -2.351800
larry.png
3 0.000000 -0.672302 17.529301 0.000001 0.002878 0.999996 1.260100 -2.356100
3 -0.833400 0.248398 17.186399 -0.520122 0.356087 0.776322 1.247100 -2.351800
3 -0.619200 -0.672302 17.434799 -0.362773 -0.159828 0.918069 1.250400 -2.354900
larry.png
3 -0.833400 0.248398 17.186399 -0.520122 0.356087 0.776322 1.247100 -2.351800
3 -1.024200 0.831598 16.329599 -0.446309 0.760514 0.471622 1.246400 -2.340900
3 -1.584000 -0.198902 16.145100 -0.923124 0.136147 0.359592 1.236400 -2.340400
larry.png
2 -3.711600 1.793699 9.279901 -0.555544 0.736611 -0.385714 2.421100 -2.805600
2 -2.372400 2.270699 9.279902 -0.197393 0.895605 -0.398657 2.356200 -2.805600
1 -2.810700 1.114199 7.290000 -0.402593 0.777057 -0.483840 2.377400 -2.733600
larry.png
2 -4.810500 1.394099 11.650500 -0.968994 -0.197925 -0.147904 2.468700 -2.891500
2 -4.247100 1.016999 9.387000 -0.962538 -0.038732 -0.268365 2.447100 -2.809500
2 -3.919500 0.574199 9.549000 -0.930579 -0.320128 -0.177595 2.431200 -2.815400
larry.png
2 -4.810500 1.394099 11.650500 -0.968994 -0.197925 -0.147904 2.468700 -2.891500
2 -3.919500 0.574199 9.549000 -0.930579 -0.320128 -0.177595 2.431200 -2.815400
2 -4.485600 0.917098 11.649600 -0.964146 -0.223270 -0.143431 2.453400 -2.891500
larry.png
28 -1.403100 5.488199 3.780901 -0.587490 0.194876 0.785417 -0.571000 -1.598600
28 -1.656000 6.030000 3.161701 -0.780976 0.571751 0.251351 -0.538300 -1.618700
28 -1.559700 5.445899 3.556801 -0.853621 -0.359217 0.377220 -0.573600 -1.611000
larry.png
28 -1.390500 6.107399 3.458701 -0.356176 0.646074 0.675076 -0.533700 -1.597600
28 -0.616500 5.506200 3.916801 -0.208081 0.423728 0.881565 -0.569900 -1.535900
28 -0.707400 6.162300 3.478501 -0.202338 0.771242 0.603528 -0.530400 -1.543200
larry.png
28 -1.390500 6.107399 3.458701 -0.356176 0.646074 0.675076 -0.533700 -1.597600
28 -1.403100 5.488199 3.780901 -0.587490 0.194876 0.785417 -0.571000 -1.598600
28 -0.616500 5.506200 3.916801 -0.208081 0.423728 0.881565 -0.569900 -1.535900
larry.png
28 -1.371600 6.092100 2.973601 -0.110433 0.068104 -0.991547 -0.534600 -1.596000
28 -1.656000 6.030000 3.161701 -0.909061 0.415292 0.033773 -0.538300 -1.618700
28 -1.318500 6.289200 3.145501 -0.244081 0.968830 -0.042345 -0.522700 -1.591800
larry.png
28 -0.698400 6.076799 3.088801 -0.122054 0.010806 -0.992465 -0.535500 -1.542500
28 0.000000 5.536799 3.330901 -0.000000 -0.408336 -0.912831 -0.568000 -1.486900
28 -0.676800 5.472899 3.437101 -0.063659 -0.420887 -0.904877 -0.571900 -1.540800
larry.png
28 -0.405000 6.477299 3.124801 -0.283541 0.349374 -0.893052 -0.511400 -1.519100
28 0.000000 6.543000 3.132001 0.000000 0.277694 -0.960670 -0.507400 -1.486900
28 0.000000 6.197400 3.032101 0.000000 0.011581 -0.999933 -0.528300 -1.486900
larry.png
28 -0.405000 6.477299 3.124801 -0.394280 0.775795 -0.492632 -0.511400 -1.519100
28 -0.698400 6.076799 3.088801 -0.122054 0.010806 -0.992465 -0.535500 -1.542500
28 -0.725400 6.241499 3.280501 -0.249912 0.951729 -0.178201 -0.525600 -1.544600
larry.png
1 -1.131300 -1.659600 2.619000 -0.301494 -0.371960 -0.877922 1.650500 -1.862900
1 -2.027700 -0.900000 2.912400 -0.718002 -0.099682 -0.688866 1.546800 -1.773800
1 -1.145700 -0.476100 2.367900 -0.277343 -0.040936 -0.959899 1.648700 -1.727500
larry.png
28 -0.676800 5.472899 3.437101 -0.063659 -0.420887 -0.904877 -0.571900 -1.540800
28 -1.559700 5.445899 3.556801 -0.312821 -0.623226 -0.716752 -0.573600 -1.611000
28 -1.371600 6.092100 2.973601 -0.161364 -0.123238 -0.979170 -0.534600 -1.596000
larry.png
28 -1.371600 6.092100 2.973601 -0.110433 0.068104 -0.991547 -0.534600 -1.596000
28 -0.698400 6.076799 3.088801 -0.122054 0.010806 -0.992465 -0.535500 -1.542500
28 -0.676800 5.472899 3.437101 -0.063659 -0.420887 -0.904877 -0.571900 -1.540800
larry.png
28 -1.371600 6.092100 2.973601 -0.161364 -0.123238 -0.979170 -0.534600 -1.596000
28 -1.559700 5.445899 3.556801 -0.497059 -0.682800 -0.535459 -0.573600 -1.611000
28 -1.656000 6.030000 3.161701 -0.558250 0.047714 -0.828300 -0.538300 -1.618700
larry.png
2 -1.984500 -2.516402 14.170500 0.006235 -0.283398 0.958982 1.229100 -2.317300
2 -2.113200 -2.731502 14.135401 -0.107292 -0.502757 0.857743 1.227100 -2.316900
2 -0.666900 -3.255302 13.919400 0.124986 -0.405727 0.905408 1.249700 -2.315400
larry.png
2 -4.650300 2.270698 13.770000 -0.600291 0.707595 0.372773 2.447200 -2.966700
2 -4.083300 1.313998 14.958899 -0.547181 0.098287 0.831224 2.422100 -2.980600
2 -2.538000 2.112298 15.118201 -0.232550 0.613696 0.754518 2.364200 -2.977400
larry.png
2 -3.811500 0.791098 14.823899 -0.524871 -0.295486 0.798247 2.410100 -2.975700
2 -4.083300 1.313998 14.958899 -0.547181 0.098287 0.831224 2.422100 -2.980600
2 -4.977900 1.526398 13.753800 -0.964495 -0.167852 0.203897 2.461700 -2.967800
larry.png
2 -1.902600 0.028798 15.051600 -0.533770 -0.186617 0.824781 1.230400 -2.324700
2 -3.884400 -0.330302 14.581800 -0.465848 -0.229349 0.854625 1.204600 -2.318800
2 -3.250800 -1.692902 14.371200 -0.188964 -0.367297 0.910706 1.213600 -2.316100
larry.png
2 -3.811500 0.791098 14.823899 -0.524871 -0.295486 0.798247 1.205600 -2.321800
2 -3.884400 -0.330302 14.581800 -0.465848 -0.229349 0.854625 1.204600 -2.318800
2 -1.902600 0.028798 15.051600 -0.533770 -0.186617 0.824781 1.230400 -2.324700
larry.png
2 0.000000 1.379698 15.462001 -0.000000 0.106538 0.994309 2.241100 -2.987300
2 0.000000 1.812598 15.647400 -0.000000 0.213879 0.976860 2.241100 -2.994100
2 -1.809900 1.506598 15.561900 -0.126223 -0.141232 0.981897 2.328900 -2.991000
larry.png
2 -1.809900 1.506598 15.561900 -0.126223 -0.141232 0.981897 2.328900 -2.991000
2 -4.083300 1.313998 14.958899 -0.547181 0.098287 0.831224 2.422100 -2.980600
2 -3.811500 0.791098 14.823899 -0.524871 -0.295486 0.798247 2.410100 -2.975700
larry.png
2 0.000000 1.379698 15.462001 -0.000000 0.402634 0.915361 2.241100 -2.987300
2 -1.809900 1.506598 15.561900 -0.126223 -0.141232 0.981897 2.328900 -2.991000
2 -1.136700 1.223998 15.462001 -0.441464 0.178679 0.879308 2.296200 -2.987300
larry.png
2 -1.902600 0.028798 15.051600 -0.533770 -0.186617 0.824781 1.230400 -2.324700
2 -1.136700 1.223998 15.462001 -0.441464 0.178679 0.879308 1.242300 -2.329900
2 -2.251800 0.893698 15.244200 -0.154930 -0.327610 0.932024 1.224900 -2.327200
larry.png
3 -0.585900 -2.288702 15.391800 -0.693510 -0.720035 0.024351 1.251000 -2.329800
3 -0.577800 -2.257202 15.622200 -0.546719 -0.822707 0.155728 1.251100 -2.331900
3 -0.883800 -1.877402 15.623100 -0.755771 -0.654032 -0.032449 1.247300 -2.334700
larry.png
3 -0.585900 -2.288702 15.391800 -0.693510 -0.720035 0.024351 1.251000 -2.329800
3 -0.883800 -1.877402 15.623100 -0.755771 -0.654032 -0.032449 1.247300 -2.334700
3 -0.853200 -1.862102 15.438600 -0.562399 -0.741605 -0.365692 1.247700 -2.333300
larry.png
2 -4.485600 0.917098 11.649600 -0.964146 -0.223270 -0.143431 1.191700 -2.281600
2 -4.243500 -0.696601 9.981900 -0.956628 0.004256 -0.291282 1.193700 -2.260500
2 -4.678200 -0.439202 11.648700 -0.990715 -0.023970 -0.133826 1.188700 -2.281600
larry.png
2 -4.485600 0.917098 11.649600 -0.964146 -0.223270 -0.143431 1.191700 -2.281600
2 -3.919500 0.574199 9.549000 -0.930579 -0.320128 -0.177595 1.198800 -2.255000
2 -4.243500 -0.696601 9.981900 -0.956628 0.004256 -0.291282 1.193700 -2.260500
larry.png
2 -2.251800 0.893698 15.244200 -0.154930 -0.327610 0.932024 2.350400 -2.979500
2 -1.136700 1.223998 15.462001 -0.466573 -0.028033 0.884038 2.296200 -2.987300
2 -1.809900 1.506598 15.561900 -0.126223 -0.141232 0.981897 2.328900 -2.991000
larry.png
2 -3.811500 0.791098 14.823899 -0.524871 -0.295486 0.798247 2.410100 -2.975700
2 -2.251800 0.893698 15.244200 -0.154930 -0.327610 0.932024 2.350400 -2.979500
2 -1.809900 1.506598 15.561900 -0.126223 -0.141232 0.981897 2.328900 -2.991000
larry.png
2 -4.977900 1.526398 13.753800 -0.964495 -0.167852 0.203897 2.461700 -2.967800
2 -4.083300 1.313998 14.958899 -0.547181 0.098287 0.831224 2.422100 -2.980600
2 -4.650300 2.270698 13.770000 -0.600291 0.707595 0.372773 2.447200 -2.966700
larry.png
3 0.000000 -4.051802 15.658200 -0.488037 -0.580242 0.652027 1.260100 -2.332900
3 0.000000 -3.470402 16.079399 0.000001 -0.586679 0.809820 1.260100 -2.337700
3 -0.138600 -3.360602 16.099199 -0.911468 -0.264282 0.315249 1.258000 -2.337800
larry.png
3 -0.110700 -3.053702 15.918300 -0.797342 0.061620 -0.600374 1.258400 -2.335700
3 0.000000 -2.989802 15.870600 -0.000001 0.123746 -0.992314 1.260100 -2.335100
3 0.000000 -4.051802 15.658200 -0.440261 0.135035 -0.887657 1.260100 -2.332900
larry.png
3 0.000000 -3.103202 16.362000 -0.598211 -0.578931 0.554061 1.260100 -2.341500
3 -0.138600 -3.360602 16.099199 -0.911468 -0.264282 0.315249 1.258000 -2.337800
3 0.000000 -3.789902 16.149599 -0.783927 -0.183458 0.593128 1.260100 -2.338400
larry.png
3 0.000000 -2.411102 15.594300 0.000000 -0.973020 0.230720 1.260100 -2.330800
3 0.000000 -2.352602 15.885900 0.000000 -0.981370 0.192130 1.260100 -2.335300
3 -0.531000 -2.248202 15.939000 -0.419091 -0.877832 0.231894 1.251800 -2.336000
larry.png
3 -0.531000 -2.248202 15.939000 -0.419091 -0.877832 0.231894 1.251800 -2.336000
3 -0.577800 -2.257202 15.622200 -0.546719 -0.822707 0.155728 1.251100 -2.331900
3 0.000000 -2.411102 15.594300 0.000000 -0.973020 0.230720 1.260100 -2.330800
larry.png
3 -0.531000 -2.248202 15.939000 -0.419091 -0.877832 0.231894 1.251800 -2.336000
3 0.000000 -2.352602 15.885900 0.000000 -0.981370 0.192130 1.260100 -2.335300
3 -0.147600 -2.297702 16.036200 -0.852905 -0.521845 -0.015217 1.257800 -2.337200
larry.png
3 0.000000 -3.789902 16.149599 -0.000001 -0.214599 -0.976702 1.260100 -2.338400
3 -0.138600 -3.360602 16.099199 -0.909449 -0.080363 -0.407975 1.258000 -2.337800
3 0.000000 -3.470402 16.079399 -0.000001 -0.214599 -0.976702 1.260100 -2.337700
larry.png
3 -0.531000 -2.248202 15.939000 -0.419091 -0.877832 0.231894 1.251800 -2.336000
3 -0.147600 -2.297702 16.036200 -0.852905 -0.521845 -0.015217 1.257800 -2.337200
3 -0.237600 -2.173502 16.508701 -0.709333 -0.529915 0.464797 1.256400 -2.343200
larry.png
4 0.000000 -2.509202 14.769900 0.000000 -0.979884 -0.199570 1.260100 -2.319000
4 -0.743400 -2.305802 14.848200 -0.523242 -0.812837 0.255957 1.248500 -2.320000
4 -0.743400 -2.226602 14.731200 -0.482293 -0.867202 -0.123909 1.248500 -2.318500
larry.png
2 0.000000 -2.515502 14.356799 0.000000 -0.924314 0.381632 1.260100 -2.315900
4 0.000000 -2.422802 14.643900 0.000001 -0.990160 -0.139938 1.260100 -2.317400
4 -0.743400 -2.226602 14.731200 -0.482293 -0.867202 -0.123909 1.248500 -2.318500
larry.png
4 0.000000 -2.422802 14.643900 0.000001 -0.990160 -0.139938 1.260100 -2.317400
4 0.000000 -2.509202 14.769900 0.000000 -0.979884 -0.199570 1.260100 -2.319000
4 -0.743400 -2.226602 14.731200 -0.482293 -0.867202 -0.123909 1.248500 -2.318500
larry.png
3 -0.853200 -1.862102 15.438600 -0.422386 -0.804904 -0.416796 1.247700 -2.333300
3 -0.883800 -1.877402 15.623100 -0.755771 -0.654032 -0.032449 1.247300 -2.334700
3 -1.014300 -1.725302 15.229799 -0.532576 -0.845304 0.042701 1.244300 -2.331000
larry.png
3 -0.577800 -2.257202 15.622200 -0.546719 -0.822707 0.155728 1.251100 -2.331900
3 -0.531000 -2.248202 15.939000 -0.419091 -0.877832 0.231894 1.251800 -2.336000
3 -0.910800 -1.824302 15.972301 -0.647920 -0.754290 0.106049 1.246900 -2.335900
larry.png
3 -0.910800 -1.824302 15.972301 -0.647920 -0.754290 0.106049 1.246900 -2.335900
3 -1.014300 -1.725302 15.229799 -0.532576 -0.845304 0.042701 1.244300 -2.331000
3 -0.883800 -1.877402 15.623100 -0.755771 -0.654032 -0.032449 1.247300 -2.334700
larry.png
3 -0.910800 -1.824302 15.972301 -0.647920 -0.754290 0.106049 1.246900 -2.335900
3 -0.883800 -1.877402 15.623100 -0.755771 -0.654032 -0.032449 1.247300 -2.334700
3 -0.577800 -2.257202 15.622200 -0.546719 -0.822707 0.155728 1.251100 -2.331900
larry.png
3 -1.014300 -1.725302 15.229799 -0.532576 -0.845304 0.042701 1.244300 -2.331000
3 -0.903600 -1.764902 15.230700 0.022308 -0.958856 0.283016 1.246000 -2.330800
3 -0.853200 -1.862102 15.438600 -0.422386 -0.804904 -0.416796 1.247700 -2.333300
larry.png
3 -0.853200 -1.862102 15.438600 -0.189621 -0.784598 -0.590296 0.801900 -2.364700
3 -0.903600 -1.764902 15.230700 0.149191 -0.977720 0.147670 0.793500 -2.378900
3 0.000000 -1.059302 15.221701 0.082809 -0.794471 -0.601630 0.862200 -2.445000
larry.png
3 -0.534600 -2.050202 15.594300 -0.081497 -0.311970 -0.946590 0.821500 -2.343800
3 -0.853200 -1.862102 15.438600 -0.322607 -0.774106 -0.544687 0.801900 -2.364700
3 0.000000 -1.059302 15.221701 0.000000 -0.698424 -0.715684 0.862200 -2.445000
larry.png
4 0.000000 -2.121302 14.758200 0.000000 0.464687 0.885475 0.862200 -2.336500
4 -0.714600 -1.868402 14.758200 0.425463 0.432019 0.795199 0.807800 -2.362400
4 -0.644400 -2.236502 14.952600 0.048186 -0.138291 0.989219 0.813200 -2.324800
larry.png
4 -0.644400 -2.236502 14.952600 0.048186 -0.138291 0.989219 0.813200 -2.324800
4 0.000000 -2.411102 14.898601 0.000000 -0.463183 0.886262 0.862200 -2.306900
4 0.000000 -2.121302 14.758200 0.000000 0.464687 0.885475 0.862200 -2.336500
larry.png
4 -0.743400 -2.305802 14.848200 -0.523242 -0.812837 0.255957 1.248500 -2.320000
4 0.000000 -2.509202 14.769900 0.000000 -0.979884 -0.199570 1.260100 -2.319000
4 0.000000 -2.411102 14.898601 0.000000 -0.463183 0.886262 1.260100 -2.320700
larry.png
4 -0.743400 -2.305802 14.848200 -0.523242 -0.812837 0.255957 1.248500 -2.320000
4 0.000000 -2.411102 14.898601 0.000000 -0.463183 0.886262 1.260100 -2.320700
4 -0.644400 -2.236502 14.952600 -0.147789 -0.249157 0.957120 1.250000 -2.321400
larry.png
2 -1.008000 -2.169002 14.356799 -0.248490 -0.614385 0.748855 1.244400 -2.315900
4 -0.743400 -2.226602 14.731200 -0.482293 -0.867202 -0.123909 1.248500 -2.318500
3 -1.210500 -1.611902 14.862599 -0.701255 -0.699182 0.139233 1.241200 -2.322300
larry.png
3 -1.210500 -1.611902 14.862599 -0.701255 -0.699182 0.139233 1.241200 -2.322300
4 -0.743400 -2.226602 14.731200 -0.482293 -0.867202 -0.123909 1.248500 -2.318500
4 -0.743400 -2.305802 14.848200 -0.523242 -0.812837 0.255957 1.248500 -2.320000
larry.png
4 -0.977400 -1.905302 15.033600 -0.540662 -0.635975 0.550654 1.242700 -2.322700
3 -1.014300 -1.725302 15.229799 -0.532576 -0.845304 0.042701 1.244300 -2.331000
3 -1.210500 -1.611902 14.862599 -0.701255 -0.699182 0.139233 1.241200 -2.322300
larry.png
4 -0.977400 -1.905302 15.033600 -0.540662 -0.635975 0.550654 1.242700 -2.322700
4 -0.743400 -2.305802 14.848200 -0.523242 -0.812837 0.255957 1.248500 -2.320000
4 -0.644400 -2.236502 14.952600 -0.147789 -0.249157 0.957120 1.250000 -2.321400
larry.png
3 -1.210500 -1.611902 14.862599 -0.701255 -0.699182 0.139233 1.241200 -2.322300
4 -0.743400 -2.305802 14.848200 -0.523242 -0.812837 0.255957 1.248500 -2.320000
4 -0.977400 -1.905302 15.033600 -0.540662 -0.635975 0.550654 1.242700 -2.322700
larry.png
4 -0.977400 -1.905302 15.033600 -0.540662 -0.635975 0.550654 1.242700 -2.322700
4 -0.644400 -2.236502 14.952600 -0.147789 -0.249157 0.957120 1.250000 -2.321400
4 -0.893700 -1.896302 15.092100 0.273452 -0.750689 0.601407 1.244200 -2.323400
larry.png
3 -0.903600 -1.764902 15.230700 0.022308 -0.958856 0.283016 0.793500 -2.378900
4 -0.893700 -1.896302 15.092100 0.432627 -0.610981 0.662975 0.784800 -2.380400
3 0.000000 -1.059302 15.221701 0.104116 -0.821374 0.560808 0.862200 -2.445000
larry.png
3 -0.903600 -1.764902 15.230700 0.022308 -0.958856 0.283016 1.246000 -2.330800
3 -1.014300 -1.725302 15.229799 -0.532576 -0.845304 0.042701 1.244300 -2.331000
4 -0.977400 -1.905302 15.033600 -0.540662 -0.635975 0.550654 1.242700 -2.322700
larry.png
3 -0.903600 -1.764902 15.230700 -0.137725 -0.877618 0.459150 1.246000 -2.330800
4 -0.977400 -1.905302 15.033600 -0.540662 -0.635975 0.550654 1.242700 -2.322700
4 -0.893700 -1.896302 15.092100 0.273452 -0.750689 0.601407 1.244200 -2.323400
larry.png
3 0.000000 -2.094302 16.775999 -0.000000 -0.738394 0.674370 1.260100 -2.346600
3 -0.447300 -1.869302 16.669800 -0.714453 -0.482130 0.507057 1.253100 -2.345200
3 -0.237600 -2.173502 16.508701 -0.709333 -0.529915 0.464797 1.256400 -2.343200
larry.png
3 -0.910800 -1.824302 15.972301 -0.647920 -0.754290 0.106049 1.246900 -2.335900
3 -0.531000 -2.248202 15.939000 -0.419091 -0.877832 0.231894 1.251800 -2.336000
3 -0.607500 -1.836902 16.530300 -0.487909 -0.691327 0.532927 1.250000 -2.343500
larry.png
3 -0.237600 -2.173502 16.508701 -0.709333 -0.529915 0.464797 1.256400 -2.343200
3 -0.447300 -1.869302 16.669800 -0.714453 -0.482130 0.507057 1.253100 -2.345200
3 -0.607500 -1.836902 16.530300 -0.487909 -0.691327 0.532927 1.250000 -2.343500
larry.png
3 0.000000 -2.094302 16.775999 -0.094913 -0.772448 0.627945 1.260100 -2.346600
3 -0.467100 -1.805402 16.879499 -0.664662 -0.735058 0.133845 1.253800 -2.347900
3 -0.447300 -1.869302 16.669800 -0.714453 -0.482130 0.507057 1.253100 -2.345200
larry.png
3 -0.447300 -1.869302 16.669800 -0.714453 -0.482130 0.507057 -0.147600 -2.351400
3 -0.467100 -1.805402 16.879499 -0.664662 -0.735058 0.133845 -0.142200 -2.372700
3 -0.449100 -1.776602 16.683300 -0.927141 -0.314748 0.203330 -0.147800 -2.384100
larry.png
3 -0.594900 -1.782002 16.564501 -0.281033 -0.356709 0.890943 -0.166200 -2.383200
3 -0.447300 -1.869302 16.669800 -0.714453 -0.482130 0.507057 -0.147600 -2.351400
3 -0.449100 -1.776602 16.683300 -0.927141 -0.314748 0.203330 -0.147800 -2.384100
larry.png
28 -0.725400 6.241499 3.280501 -0.249912 0.951729 -0.178201 -0.525600 -1.544600
28 -0.698400 6.076799 3.088801 -0.122054 0.010806 -0.992465 -0.535500 -1.542500
28 -1.371600 6.092100 2.973601 -0.010039 0.471372 -0.881877 -0.534600 -1.596000
larry.png
3 -0.585900 -2.288702 15.391800 0.329687 0.605376 -0.724449 0.817600 -2.319400
3 -0.853200 -1.862102 15.438600 0.822047 0.295980 -0.486451 0.801900 -2.364700
3 -0.554400 -2.151002 15.570900 0.435534 0.674990 -0.595566 0.820000 -2.333500
larry.png
3 0.000000 -2.207702 15.162300 -0.068084 0.281686 -0.957088 0.889000 -2.095600
3 0.000000 -2.347202 15.162300 -0.149746 -0.423133 -0.893608 0.889000 -2.095600
3 -0.554400 -2.151002 15.215401 -0.487182 -0.573323 -0.658752 0.837500 -2.100500
larry.png
3 -0.554400 -2.151002 15.215401 -0.529871 -0.668975 -0.521257 0.837500 -2.100500
3 -0.554400 -2.151002 15.570900 -0.526389 -0.850244 0.000000 0.837500 -2.133800
3 -0.853200 -1.862102 15.438600 -0.422386 -0.804904 -0.416796 0.815300 -2.148900
larry.png
3 0.000000 -2.347202 15.429601 0.000001 -1.000000 -0.000000 0.889000 -2.120600
3 -0.554400 -2.151002 15.570900 -0.526389 -0.850244 0.000000 0.837500 -2.133800
3 -0.554400 -2.151002 15.215401 -0.547977 -0.766902 -0.334039 0.837500 -2.100500
larry.png
3 -0.554400 -2.151002 15.215401 -0.487182 -0.573323 -0.658752 0.837500 -2.100500
3 -0.853200 -1.862102 15.438600 -0.422386 -0.804904 -0.416796 0.815300 -2.148900
3 -0.793800 -1.845002 15.288300 -0.549036 -0.238719 -0.800982 0.815300 -2.107400
larry.png
1 0.000000 -4.307401 7.289999 -0.000000 -0.998225 -0.059556 0.195200 -2.157600
2 0.000000 -4.302001 9.581400 -0.000000 -0.897741 -0.440523 0.195200 -2.286000
2 -2.159100 -3.800701 9.403200 -0.398985 -0.850264 -0.343311 0.098700 -2.276000
larry.png
2 -3.730500 -2.532601 9.520201 -0.820145 -0.475436 -0.318312 0.028400 -2.282600
2 -4.243500 -0.696601 9.981900 -0.956628 0.004256 -0.291282 0.005500 -2.308400
1 -3.495600 -1.309501 7.289999 -0.949570 -0.063650 -0.307028 0.038900 -2.157600
larry.png
3 0.000000 -2.989802 15.870600 -0.000001 0.123746 -0.992314 1.260100 -2.335100
3 -0.110700 -3.053702 15.918300 -0.797342 0.061620 -0.600374 1.258400 -2.335700
3 -0.147600 -2.297702 16.036200 -0.895099 0.007467 -0.445805 1.257800 -2.337200
larry.png
3 0.000000 -2.352602 15.885900 -0.710290 0.016898 -0.703707 1.260100 -2.335300
3 0.000000 -2.989802 15.870600 -0.164981 0.138240 -0.976561 1.260100 -2.335100
3 -0.147600 -2.297702 16.036200 -0.895099 0.007467 -0.445805 1.257800 -2.337200
larry.png
3 -0.147600 -2.297702 16.036200 -0.871940 -0.369176 -0.321606 1.257800 -2.337200
3 -0.110700 -3.053702 15.918300 -0.797342 0.061620 -0.600374 1.258400 -2.335700
3 -0.138600 -3.360602 16.099199 -0.946488 -0.297824 0.124343 1.258000 -2.337800
larry.png
4 -0.714600 -1.868402 14.950801 -0.000000 -0.000000 1.000000 0.822600 -2.075800
4 0.000000 -2.121302 14.950801 0.000000 -0.000000 1.000000 0.889000 -2.075800
4 0.000000 -1.973702 14.950801 0.000000 -0.000000 1.000000 0.889000 -2.075800
larry.png
4 -0.714600 -1.868402 14.950801 -0.000000 -0.000000 1.000000 0.822600 -2.075800
4 0.000000 -1.973702 14.950801 0.000000 -0.000000 1.000000 0.889000 -2.075800
4 -0.646200 -1.762202 14.950801 -0.000001 -0.000000 1.000000 0.829000 -2.075800
larry.png
4 -0.714600 -1.868402 14.758200 0.046209 -0.986770 0.155401 0.822600 -2.057700
4 0.000000 -2.121302 14.758200 -0.000000 -1.000000 -0.000000 0.889000 -2.057700
4 0.000000 -2.121302 14.950801 -0.000000 -1.000000 -0.000000 0.889000 -2.075800
larry.png
4 -0.714600 -1.868402 14.758200 0.046209 -0.986770 0.155401 0.822600 -2.057700
4 0.000000 -2.121302 14.950801 -0.000000 -1.000000 -0.000000 0.889000 -2.075800
4 -0.714600 -1.868402 14.950801 -0.333628 -0.942705 -0.000000 0.822600 -2.075800
larry.png
4 -0.646200 -1.762202 14.758200 -0.558874 0.829252 0.000000 0.829000 -2.057700
4 -0.714600 -1.868402 14.758200 -0.447246 0.686640 0.573146 0.822600 -2.057700
4 -0.714600 -1.868402 14.950801 -0.840716 0.541477 -0.000000 0.822600 -2.075800
larry.png
4 -0.646200 -1.762202 14.758200 -0.558874 0.829252 0.000000 0.829000 -2.057700
4 -0.714600 -1.868402 14.950801 -0.840716 0.541477 -0.000000 0.822600 -2.075800
4 -0.646200 -1.762202 14.950801 -0.089149 0.996018 0.000000 0.829000 -2.075800
larry.png
4 -0.644400 -2.236502 14.952600 0.411990 0.465595 0.783253 0.813200 -2.324800
4 -0.714600 -1.868402 14.758200 0.709511 0.153659 0.687737 0.807800 -2.362400
4 -0.893700 -1.896302 15.092100 0.777684 -0.415884 0.471432 0.784800 -2.380400
larry.png
28 0.000000 5.040900 3.490201 -0.000000 -0.002675 -0.999996 -0.618500 -1.646300
27 0.000000 3.489300 2.995201 0.000000 0.270332 -0.962767 -0.794400 -1.646300
27 -0.972000 3.489300 3.159001 -0.454551 0.246748 -0.855861 -0.794400 -1.652400
larry.png
1 0.000000 1.883700 2.604600 -0.000000 0.499569 -0.866274 -0.960700 -1.646300
27 -0.972000 3.489300 3.159001 -0.454551 0.246748 -0.855861 -0.794400 -1.652400
27 0.000000 3.489300 2.995201 0.000000 0.270332 -0.962767 -0.794400 -1.646300
larry.png
28 -1.001700 5.040900 3.594601 -0.547603 -0.151547 -0.822900 -0.618500 -1.652300
27 -0.972000 3.489300 3.159001 -0.454551 0.246748 -0.855861 -0.794400 -1.652400
27 -1.310400 3.489300 3.591001 -0.982521 0.150151 0.110030 -0.794400 -1.654500
larry.png
28 -1.098900 5.040900 3.925801 -0.788938 -0.141734 0.597903 -0.618500 -1.652900
28 -1.001700 5.040900 3.594601 -0.547603 -0.151547 -0.822900 -0.618500 -1.652300
27 -1.310400 3.489300 3.591001 -0.982521 0.150151 0.110030 -0.794400 -1.654500
larry.png
4 -0.893700 -1.896302 15.092100 0.432627 -0.610981 0.662975 0.784800 -2.380400
4 -0.714600 -1.868402 14.758200 0.429897 -0.600374 0.674344 0.807800 -2.362400
4 -0.646200 -1.762202 14.758200 0.502074 -0.654305 0.565515 0.813100 -2.373300
larry.png
7 0.660600 0.235798 17.885700 0.020281 0.999794 0.000000 0.435200 -2.637500
3 0.660600 0.235798 17.082001 0.390943 0.920415 0.000000 0.435200 -2.598500
3 0.452700 0.168298 17.082001 -0.602600 0.798043 0.000000 0.423800 -2.598500
larry.png
7 0.660600 0.235798 17.885700 0.020281 0.999794 0.000000 0.435200 -2.637500
3 0.452700 0.168298 17.082001 -0.602600 0.798043 0.000000 0.423800 -2.598500
7 0.452700 0.168298 17.885700 -0.855244 0.518225 0.000000 0.423800 -2.637500
larry.png
7 0.452700 0.168298 17.885700 -0.855244 0.518225 0.000000 0.423800 -2.637500
3 0.452700 0.168298 17.082001 -0.602600 0.798043 0.000000 0.423800 -2.598500
3 0.406800 -0.045002 17.082001 -0.992541 -0.121908 -0.000000 0.421300 -2.598500
larry.png
7 0.452700 0.168298 17.885700 -0.855244 0.518225 0.000000 0.423800 -2.637500
3 0.406800 -0.045002 17.082001 -0.992541 -0.121908 -0.000000 0.421300 -2.598500
7 0.406800 -0.045002 17.885700 -0.875896 -0.482501 -0.000000 0.421300 -2.637500
larry.png
7 0.406800 -0.045002 17.885700 -0.875896 -0.482501 -0.000000 0.421300 -2.637500
3 0.406800 -0.045002 17.082001 -0.992541 -0.121908 -0.000000 0.421300 -2.598500
3 0.569700 -0.191702 17.082001 -0.389130 -0.921183 -0.000000 0.430200 -2.598500
larry.png
7 0.406800 -0.045002 17.885700 -0.875896 -0.482501 -0.000000 0.421300 -2.637500
3 0.569700 -0.191702 17.082001 -0.389130 -0.921183 -0.000000 0.430200 -2.598500
7 0.569700 -0.191702 17.885700 -0.019494 -0.999810 -0.000000 0.430200 -2.637500
larry.png
7 0.569700 -0.191702 17.885700 -0.019494 -0.999810 -0.000000 0.430200 -2.637500
3 0.569700 -0.191702 17.082001 -0.389130 -0.921183 -0.000000 0.430200 -2.598500
3 0.777600 -0.124202 17.082001 0.603520 -0.797348 -0.000000 0.441600 -2.598500
larry.png
7 0.569700 -0.191702 17.885700 -0.019494 -0.999810 -0.000000 0.430200 -2.637500
3 0.777600 -0.124202 17.082001 0.603520 -0.797348 -0.000000 0.441600 -2.598500
7 0.777600 -0.124202 17.885700 0.856735 -0.515757 -0.000000 0.441600 -2.637500
larry.png
7 0.777600 -0.124202 17.885700 0.856735 -0.515757 -0.000000 0.441600 -2.637500
3 0.777600 -0.124202 17.082001 0.603520 -0.797348 -0.000000 0.441600 -2.598500
3 0.822600 0.089098 17.082001 0.992284 0.123987 0.000000 0.444100 -2.598500
larry.png
7 0.777600 -0.124202 17.885700 0.856735 -0.515757 -0.000000 0.441600 -2.637500
3 0.822600 0.089098 17.082001 0.992284 0.123987 0.000000 0.444100 -2.598500
7 0.822600 0.089098 17.885700 0.876288 0.481787 0.000000 0.444100 -2.637500
larry.png
7 0.822600 0.089098 17.885700 0.876288 0.481787 0.000000 0.444100 -2.637500
3 0.822600 0.089098 17.082001 0.992284 0.123987 0.000000 0.444100 -2.598500
3 0.660600 0.235798 17.082001 0.390943 0.920415 0.000000 0.435200 -2.598500
larry.png
7 0.822600 0.089098 17.885700 0.876288 0.481787 0.000000 0.444100 -2.637500
3 0.660600 0.235798 17.082001 0.390943 0.920415 0.000000 0.435200 -2.598500
7 0.660600 0.235798 17.885700 0.020281 0.999794 0.000000 0.435200 -2.637500
larry.png
7 0.452700 0.168298 17.885700 0.000000 -0.000000 1.000000 0.423800 -2.637500
7 0.406800 -0.045002 17.885700 -0.000003 -0.000000 1.000000 0.421300 -2.637500
7 0.491400 -0.018002 17.885700 -0.379028 0.229775 0.896405 0.425900 -2.637500
larry.png
7 0.491400 -0.018002 17.885700 -0.379028 0.229775 0.896405 0.425900 -2.637500
7 0.406800 -0.045002 17.885700 -0.000003 -0.000000 1.000000 0.421300 -2.637500
7 0.569700 -0.191702 17.885700 -0.000002 -0.000000 1.000000 0.430200 -2.637500
larry.png
7 0.491400 -0.018002 17.885700 -0.379028 0.229775 0.896405 0.425900 -2.637500
7 0.569700 -0.191702 17.885700 -0.000002 -0.000000 1.000000 0.430200 -2.637500
7 0.649800 -0.084602 17.885700 -0.000002 -0.000000 1.000000 0.434600 -2.637500
larry.png
7 0.649800 -0.084602 17.885700 -0.000002 -0.000000 1.000000 0.434600 -2.637500
7 0.569700 -0.191702 17.885700 -0.000002 -0.000000 1.000000 0.430200 -2.637500
7 0.777600 -0.124202 17.885700 -0.000001 -0.000000 1.000000 0.441600 -2.637500
larry.png
7 0.649800 -0.084602 17.885700 -0.000002 -0.000000 1.000000 0.434600 -2.637500
7 0.777600 -0.124202 17.885700 -0.000001 -0.000000 1.000000 0.441600 -2.637500
7 0.738900 0.062098 17.885700 0.172111 0.408324 0.896465 0.439400 -2.637500
larry.png
7 0.738900 0.062098 17.885700 0.172111 0.408324 0.896465 0.439400 -2.637500
7 0.822600 0.089098 17.885700 0.000001 -0.000000 1.000000 0.444100 -2.637500
7 0.660600 0.235798 17.885700 0.000002 -0.000000 1.000000 0.435200 -2.637500
larry.png
7 0.777600 -0.124202 17.885700 -0.000001 -0.000000 1.000000 0.441600 -2.637500
7 0.822600 0.089098 17.885700 0.000001 -0.000000 1.000000 0.444100 -2.637500
7 0.738900 0.062098 17.885700 0.172111 0.408324 0.896465 0.439400 -2.637500
larry.png
8 0.837900 -0.924303 21.490200 -0.788037 0.304642 0.534969 0.444900 -2.812100
8 1.361700 -2.276103 22.542297 -0.173166 0.529370 0.830531 0.473600 -2.863100
8 0.898200 -0.850503 21.536999 -0.233579 0.713975 0.660061 0.448200 -2.814400
larry.png
8 0.930600 -0.948603 21.443401 0.229439 -0.702837 -0.673333 0.450000 -2.809800
8 1.361700 -2.276103 22.542297 0.192198 -0.587986 -0.785705 0.473600 -2.863100
8 0.837900 -0.924303 21.490200 -0.438307 -0.760913 -0.478434 0.444900 -2.812100
larry.png
8 0.990900 -0.874803 21.490200 0.803516 -0.355818 -0.477238 0.453300 -2.812100
8 1.361700 -2.276103 22.542297 0.192198 -0.587986 -0.785705 0.473600 -2.863100
8 0.930600 -0.948603 21.443401 0.229439 -0.702837 -0.673333 0.450000 -2.809800
larry.png
8 0.898200 -0.850503 21.536999 -0.233579 0.713975 0.660061 0.448200 -2.814400
8 1.361700 -2.276103 22.542297 -0.173166 0.529370 0.830531 0.473600 -2.863100
8 0.990900 -0.874803 21.490200 0.456700 0.710064 0.535942 0.453300 -2.812100
larry.png
7 0.590400 0.096297 19.043999 -0.307734 0.949407 0.062657 0.431300 -2.693600
7 0.580500 0.128698 17.885700 -0.137348 0.423683 0.895337 0.430800 -2.637500
7 0.491400 -0.018002 17.885700 -0.379028 0.229775 0.896405 0.425900 -2.637500
larry.png
7 0.590400 0.096297 19.043999 -0.307734 0.949407 0.062657 0.431300 -2.693600
7 0.491400 -0.018002 17.885700 -0.379028 0.229775 0.896405 0.425900 -2.637500
7 0.513000 -0.031503 19.041300 -0.852982 0.516875 0.072538 0.427100 -2.693500
larry.png
7 0.513000 -0.031503 19.041300 -0.388732 -0.920893 -0.029052 0.427100 -2.693500
7 0.491400 -0.018002 17.885700 -0.387586 -0.921827 -0.003525 0.425900 -2.637500
7 0.649800 -0.084602 17.885700 0.308344 -0.951263 -0.004818 0.434600 -2.637500
larry.png
7 0.513000 -0.031503 19.041300 -0.388732 -0.920893 -0.029052 0.427100 -2.693500
7 0.649800 -0.084602 17.885700 0.308344 -0.951263 -0.004818 0.434600 -2.637500
7 0.651600 -0.090003 19.038601 0.308608 -0.948505 -0.071406 0.434700 -2.693300
larry.png
7 0.649800 -0.084602 17.885700 0.308344 -0.951263 -0.004818 0.434600 -2.637500
7 0.738900 0.062098 17.885700 0.854699 -0.519111 -0.003594 0.439400 -2.637500
7 0.729000 0.037797 19.041300 0.855043 -0.517750 -0.028929 0.438900 -2.693500
larry.png
7 0.651600 -0.090003 19.038601 0.308608 -0.948505 -0.071406 0.434700 -2.693300
7 0.649800 -0.084602 17.885700 0.308344 -0.951263 -0.004818 0.434600 -2.637500
7 0.729000 0.037797 19.041300 0.855043 -0.517750 -0.028929 0.438900 -2.693500
larry.png
7 0.738900 0.062098 17.885700 0.172111 0.408324 0.896465 0.439400 -2.637500
7 0.580500 0.128698 17.885700 -0.137348 0.423683 0.895337 0.430800 -2.637500
7 0.590400 0.096297 19.043999 -0.307734 0.949407 0.062657 0.431300 -2.693600
larry.png
7 0.729000 0.037797 19.041300 0.385504 0.919851 0.072530 0.438900 -2.693500
7 0.738900 0.062098 17.885700 0.172111 0.408324 0.896465 0.439400 -2.637500
7 0.590400 0.096297 19.043999 -0.307734 0.949407 0.062657 0.431300 -2.693600
larry.png
9 -0.452700 0.168298 17.885700 0.602600 0.798044 0.000000 0.435200 -2.637500
3 -0.452700 0.168298 17.082001 0.855244 0.518225 0.000000 0.435200 -2.598500
3 -0.660600 0.235798 17.082001 -0.020281 0.999794 0.000000 0.423800 -2.598500
larry.png
9 -0.452700 0.168298 17.885700 0.602600 0.798044 0.000000 0.435200 -2.637500
3 -0.660600 0.235798 17.082001 -0.020281 0.999794 0.000000 0.423800 -2.598500
9 -0.660600 0.235798 17.885700 -0.390943 0.920415 0.000000 0.423800 -2.637500
larry.png
9 -0.660600 0.235798 17.885700 -0.390943 0.920415 0.000000 0.423800 -2.637500
3 -0.660600 0.235798 17.082001 -0.020281 0.999794 0.000000 0.423800 -2.598500
3 -0.822600 0.089098 17.082001 -0.876289 0.481787 0.000000 0.421300 -2.598500
larry.png
9 -0.660600 0.235798 17.885700 -0.390943 0.920415 0.000000 0.423800 -2.637500
3 -0.822600 0.089098 17.082001 -0.876289 0.481787 0.000000 0.421300 -2.598500
9 -0.822600 0.089098 17.885700 -0.992284 0.123986 0.000000 0.421300 -2.637500
larry.png
9 -0.822600 0.089098 17.885700 -0.992284 0.123986 0.000000 0.421300 -2.637500
3 -0.822600 0.089098 17.082001 -0.876289 0.481787 0.000000 0.421300 -2.598500
3 -0.777600 -0.124202 17.082001 -0.856735 -0.515757 -0.000000 0.430200 -2.598500
larry.png
9 -0.822600 0.089098 17.885700 -0.992284 0.123986 0.000000 0.421300 -2.637500
3 -0.777600 -0.124202 17.082001 -0.856735 -0.515757 -0.000000 0.430200 -2.598500
9 -0.777600 -0.124202 17.885700 -0.603520 -0.797348 -0.000000 0.430200 -2.637500
larry.png
9 -0.777600 -0.124202 17.885700 -0.603520 -0.797348 -0.000000 0.430200 -2.637500
3 -0.777600 -0.124202 17.082001 -0.856735 -0.515757 -0.000000 0.430200 -2.598500
3 -0.569700 -0.191702 17.082001 0.019494 -0.999810 -0.000000 0.441600 -2.598500
larry.png
9 -0.777600 -0.124202 17.885700 -0.603520 -0.797348 -0.000000 0.430200 -2.637500
3 -0.569700 -0.191702 17.082001 0.019494 -0.999810 -0.000000 0.441600 -2.598500
9 -0.569700 -0.191702 17.885700 0.389130 -0.921183 -0.000000 0.441600 -2.637500
larry.png
9 -0.569700 -0.191702 17.885700 0.389130 -0.921183 -0.000000 0.441600 -2.637500
3 -0.569700 -0.191702 17.082001 0.019494 -0.999810 -0.000000 0.441600 -2.598500
3 -0.406800 -0.045002 17.082001 0.875896 -0.482500 -0.000000 0.444100 -2.598500
larry.png
9 -0.569700 -0.191702 17.885700 0.389130 -0.921183 -0.000000 0.441600 -2.637500
3 -0.406800 -0.045002 17.082001 0.875896 -0.482500 -0.000000 0.444100 -2.598500
9 -0.406800 -0.045002 17.885700 0.992541 -0.121907 -0.000000 0.444100 -2.637500
larry.png
9 -0.406800 -0.045002 17.885700 0.992541 -0.121907 -0.000000 0.444100 -2.637500
3 -0.406800 -0.045002 17.082001 0.875896 -0.482500 -0.000000 0.444100 -2.598500
3 -0.452700 0.168298 17.082001 0.855244 0.518225 0.000000 0.435200 -2.598500
larry.png
9 -0.406800 -0.045002 17.885700 0.992541 -0.121907 -0.000000 0.444100 -2.637500
3 -0.452700 0.168298 17.082001 0.855244 0.518225 0.000000 0.435200 -2.598500
9 -0.452700 0.168298 17.885700 0.602600 0.798044 0.000000 0.435200 -2.637500
larry.png
9 -0.660600 0.235798 17.885700 0.000002 -0.000000 1.000000 0.423800 -2.637500
9 -0.822600 0.089098 17.885700 0.000001 -0.000000 1.000000 0.421300 -2.637500
9 -0.738900 0.062098 17.885700 -0.172110 0.408324 0.896465 0.425900 -2.637500
larry.png
9 -0.738900 0.062098 17.885700 -0.172110 0.408324 0.896465 0.425900 -2.637500
9 -0.822600 0.089098 17.885700 0.000001 -0.000000 1.000000 0.421300 -2.637500
9 -0.777600 -0.124202 17.885700 -0.000002 -0.000000 1.000000 0.430200 -2.637500
larry.png
9 -0.738900 0.062098 17.885700 -0.172110 0.408324 0.896465 0.425900 -2.637500
9 -0.777600 -0.124202 17.885700 -0.000002 -0.000000 1.000000 0.430200 -2.637500
9 -0.649800 -0.084602 17.885700 -0.000000 -0.000000 1.000000 0.434600 -2.637500
larry.png
9 -0.649800 -0.084602 17.885700 -0.000000 -0.000000 1.000000 0.434600 -2.637500
9 -0.777600 -0.124202 17.885700 -0.000002 -0.000000 1.000000 0.430200 -2.637500
9 -0.569700 -0.191702 17.885700 -0.000000 -0.000000 1.000000 0.441600 -2.637500
larry.png
9 -0.649800 -0.084602 17.885700 -0.000000 -0.000000 1.000000 0.434600 -2.637500
9 -0.569700 -0.191702 17.885700 -0.000000 -0.000000 1.000000 0.441600 -2.637500
9 -0.491400 -0.018002 17.885700 0.379026 0.229775 0.896405 0.439400 -2.637500
larry.png
10 -0.990900 -0.874803 21.490200 -0.456699 0.710065 0.535943 0.444900 -2.812100
10 -1.361700 -2.276103 22.542297 0.173164 0.529370 0.830531 0.473600 -2.863100
10 -0.898200 -0.850503 21.536999 0.233578 0.713975 0.660061 0.448200 -2.814400
larry.png
10 -0.930600 -0.948603 21.443401 -0.229439 -0.702837 -0.673333 0.450000 -2.809800
10 -1.361700 -2.276103 22.542297 -0.192197 -0.587986 -0.785706 0.473600 -2.863100
10 -0.990900 -0.874803 21.490200 -0.803515 -0.355818 -0.477239 0.444900 -2.812100
larry.png
10 -0.837900 -0.924303 21.490200 0.438305 -0.760913 -0.478434 0.453300 -2.812100
10 -1.361700 -2.276103 22.542297 -0.192197 -0.587986 -0.785706 0.473600 -2.863100
10 -0.930600 -0.948603 21.443401 -0.229439 -0.702837 -0.673333 0.450000 -2.809800
larry.png
10 -0.898200 -0.850503 21.536999 0.233578 0.713975 0.660061 0.448200 -2.814400
10 -1.361700 -2.276103 22.542297 0.173164 0.529370 0.830531 0.473600 -2.863100
10 -0.837900 -0.924303 21.490200 0.788035 0.304643 0.534970 0.453300 -2.812100
larry.png
9 -0.590400 0.096297 19.043999 0.307734 0.949407 0.062657 0.431300 -2.693600
9 -0.580500 0.128698 17.885700 0.137351 0.423683 0.895336 0.430800 -2.637500
9 -0.738900 0.062098 17.885700 -0.172110 0.408324 0.896465 0.425900 -2.637500
larry.png
9 -0.590400 0.096297 19.043999 0.307734 0.949407 0.062657 0.431300 -2.693600
9 -0.738900 0.062098 17.885700 -0.172110 0.408324 0.896465 0.425900 -2.637500
9 -0.729000 0.037797 19.041300 -0.385504 0.919851 0.072530 0.427100 -2.693500
larry.png
9 -0.729000 0.037797 19.041300 -0.855043 -0.517750 -0.028929 0.427100 -2.693500
9 -0.738900 0.062098 17.885700 -0.854699 -0.519112 -0.003594 0.425900 -2.637500
9 -0.649800 -0.084602 17.885700 -0.308343 -0.951263 -0.004818 0.434600 -2.637500
larry.png
9 -0.729000 0.037797 19.041300 -0.855043 -0.517750 -0.028929 0.427100 -2.693500
9 -0.649800 -0.084602 17.885700 -0.308343 -0.951263 -0.004818 0.434600 -2.637500
9 -0.651600 -0.090003 19.038601 -0.308608 -0.948505 -0.071406 0.434700 -2.693300
larry.png
9 -0.649800 -0.084602 17.885700 -0.308343 -0.951263 -0.004818 0.434600 -2.637500
9 -0.491400 -0.018002 17.885700 0.387586 -0.921827 -0.003525 0.439400 -2.637500
9 -0.513000 -0.031503 19.041300 0.388732 -0.920893 -0.029052 0.438900 -2.693500
larry.png
9 -0.651600 -0.090003 19.038601 -0.308608 -0.948505 -0.071406 0.434700 -2.693300
9 -0.649800 -0.084602 17.885700 -0.308343 -0.951263 -0.004818 0.434600 -2.637500
9 -0.513000 -0.031503 19.041300 0.388732 -0.920893 -0.029052 0.438900 -2.693500
larry.png
9 -0.491400 -0.018002 17.885700 0.379026 0.229775 0.896405 0.439400 -2.637500
9 -0.580500 0.128698 17.885700 0.137351 0.423683 0.895336 0.430800 -2.637500
9 -0.590400 0.096297 19.043999 0.307734 0.949407 0.062657 0.431300 -2.693600
larry.png
9 -0.513000 -0.031503 19.041300 0.852982 0.516875 0.072538 0.438900 -2.693500
9 -0.491400 -0.018002 17.885700 0.379026 0.229775 0.896405 0.439400 -2.637500
9 -0.590400 0.096297 19.043999 0.307734 0.949407 0.062657 0.431300 -2.693600
larry.png
19 1.207800 -0.543600 2.421000 -0.728324 0.683902 -0.042697 1.746700 -1.764100
1 1.232100 -0.498600 3.150900 -0.884328 0.462160 0.066122 1.808500 -1.913000
1 1.619100 -0.302400 3.107700 -0.000057 0.995606 -0.093639 1.885700 -1.873700
larry.png
19 1.207800 -0.543600 2.421000 -0.728324 0.683902 -0.042697 1.746700 -1.764100
1 1.619100 -0.302400 3.107700 -0.000057 0.995606 -0.093639 1.885700 -1.873700
19 1.620000 -0.403200 2.393100 0.000321 0.988761 -0.149507 1.830200 -1.726000
larry.png
19 2.031300 -1.350900 2.584800 0.662466 -0.676494 0.321705 0.724300 -1.714600
1 2.007000 -1.026900 3.270600 0.874956 -0.390007 0.286959 0.732100 -1.575600
1 1.619100 -1.212300 3.312000 -0.000061 -0.914925 0.403623 0.832300 -1.602900
larry.png
19 2.031300 -1.350900 2.584800 0.662466 -0.676494 0.321705 0.724300 -1.714600
1 1.619100 -1.212300 3.312000 -0.000061 -0.914925 0.403623 0.832300 -1.602900
19 1.620000 -1.488600 2.612700 0.000319 -0.926935 0.375222 0.814300 -1.739900
larry.png
1 1.619100 -1.212300 3.312000 -0.000061 -0.914925 0.403623 0.846300 -2.971400
1 1.232100 -1.026900 3.270600 -0.875086 -0.389797 0.286850 0.879300 -2.843900
19 1.207800 -1.350900 2.584800 -0.662370 -0.676626 0.321625 0.690000 -2.828100
larry.png
19 1.620000 -1.488600 2.612700 0.000319 -0.926935 0.375222 0.659700 -2.942400
1 1.619100 -1.212300 3.312000 -0.000061 -0.914925 0.403623 0.846300 -2.971400
19 1.207800 -1.350900 2.584800 -0.662370 -0.676626 0.321625 0.690000 -2.828100
larry.png
1 1.619100 -0.302400 3.107700 -0.000057 0.995606 -0.093639 1.885700 -1.873700
1 2.007000 -0.498600 3.150900 0.884197 0.462411 0.066115 1.969700 -1.852300
19 2.031300 -0.543600 2.421000 0.728356 0.683878 -0.042532 1.918100 -1.699600
larry.png
19 1.620000 -0.403200 2.393100 0.000321 0.988761 -0.149507 1.830200 -1.726000
1 1.619100 -0.302400 3.107700 -0.000057 0.995606 -0.093639 1.885700 -1.873700
19 2.031300 -0.543600 2.421000 0.728356 0.683878 -0.042532 1.918100 -1.699600
larry.png
19 2.031300 -0.543600 2.421000 0.728356 0.683878 -0.042532 0.556800 -1.667800
1 2.007000 -0.498600 3.150900 0.884197 0.462411 0.066115 0.620800 -1.547300
19 2.164500 -0.955800 2.504700 0.990919 0.023441 0.132399 0.642200 -1.691700
larry.png
19 2.164500 -0.955800 2.504700 0.990919 0.023441 0.132399 0.642200 -1.691700
1 2.007000 -0.498600 3.150900 0.884197 0.462411 0.066115 0.620800 -1.547300
1 2.007000 -1.026900 3.270600 0.874956 -0.390007 0.286959 0.732100 -1.575600
larry.png
19 1.074600 -0.955800 2.504700 -0.990919 0.023441 0.132399 0.719300 -2.722300
1 1.232100 -1.026900 3.270600 -0.875086 -0.389797 0.286850 0.879300 -2.843900
1 1.232100 -0.498600 3.150900 -0.884328 0.462160 0.066122 0.915700 -2.700700
larry.png
19 1.207800 -1.350900 2.584800 -0.662370 -0.676626 0.321625 0.690000 -2.828100
1 1.232100 -1.026900 3.270600 -0.875086 -0.389797 0.286850 0.879300 -2.843900
19 1.074600 -0.955800 2.504700 -0.990919 0.023441 0.132399 0.719300 -2.722300
larry.png
19 1.074600 -0.955800 2.504700 -0.990919 0.023441 0.132399 1.582700 -1.948100
1 1.232100 -0.498600 3.150900 -0.884328 0.462160 0.066122 1.620100 -1.984500
19 1.207800 -0.543600 2.421000 -0.728324 0.683902 -0.042697 1.616400 -1.943400
larry.png
23 -1.620000 -0.791100 1.858500 0.000334 -0.477657 -0.878547 1.596100 -1.911700
23 -1.890000 -0.981000 1.897200 0.211719 -0.286952 -0.934256 1.580600 -1.913800
23 -1.620000 -0.605700 1.757700 0.000053 -0.118692 -0.992931 1.611300 -1.906000
larry.png
23 -1.847700 -1.269900 1.955700 -0.908601 -0.416798 0.026914 0.434900 -1.293100
23 -1.890000 -0.981000 1.897200 -0.819385 0.535025 -0.205807 0.460200 -1.285100
23 -1.863000 -1.085400 1.514700 -0.976806 0.192800 -0.093152 0.451100 -1.232600
larry.png
23 -2.031300 -0.543600 2.421000 -0.728324 0.683901 -0.042697 1.679500 -1.673800
1 -2.007000 -0.498600 3.150900 -0.884328 0.462160 0.066122 1.564800 -1.787000
1 -1.620000 -0.302400 3.107700 -0.000057 0.995606 -0.093639 1.636600 -1.850100
larry.png
23 -2.031300 -0.543600 2.421000 -0.728324 0.683901 -0.042697 1.679500 -1.673800
1 -1.620000 -0.302400 3.107700 -0.000057 0.995606 -0.093639 1.636600 -1.850100
23 -1.619100 -0.403200 2.393100 0.000127 0.988761 -0.149507 1.752500 -1.743100
larry.png
23 -1.207800 -1.350900 2.584800 0.662408 -0.676578 0.321648 0.817200 -1.697800
1 -1.232100 -1.026900 3.270600 0.874956 -0.390008 0.286959 0.695900 -1.608200
1 -1.620000 -1.212300 3.312000 -0.000061 -0.914925 0.403623 0.773000 -1.558100
larry.png
23 -1.207800 -1.350900 2.584800 0.662408 -0.676578 0.321648 0.817200 -1.697800
1 -1.620000 -1.212300 3.312000 -0.000061 -0.914925 0.403623 0.773000 -1.558100
23 -1.619100 -1.488600 2.612700 0.000334 -0.926935 0.375222 0.894800 -1.646400
larry.png
1 -1.620000 -1.212300 3.312000 -0.000061 -0.914925 0.403623 0.515900 -2.796400
1 -2.007000 -1.026900 3.270600 -0.875086 -0.389796 0.286850 0.612800 -2.885600
23 -2.031300 -1.350900 2.584800 -0.662429 -0.676542 0.321682 0.715900 -2.726000
larry.png
23 -1.619100 -1.488600 2.612700 0.000334 -0.926935 0.375222 0.629400 -2.645500
1 -1.620000 -1.212300 3.312000 -0.000061 -0.914925 0.403623 0.515900 -2.796400
23 -2.031300 -1.350900 2.584800 -0.662429 -0.676542 0.321682 0.715900 -2.726000
larry.png
1 -1.620000 -0.302400 3.107700 -0.000057 0.995606 -0.093639 1.636600 -1.850100
1 -1.232100 -0.498600 3.150900 0.884197 0.462411 0.066115 1.688000 -1.919900
23 -1.207800 -0.543600 2.421000 0.728355 0.683878 -0.042532 1.810000 -1.814600
larry.png
23 -1.619100 -0.403200 2.393100 0.000127 0.988761 -0.149507 1.752500 -1.743100
1 -1.620000 -0.302400 3.107700 -0.000057 0.995606 -0.093639 1.636600 -1.850100
23 -1.207800 -0.543600 2.421000 0.728355 0.683878 -0.042532 1.810000 -1.814600
larry.png
23 -1.207800 -0.543600 2.421000 0.728355 0.683878 -0.042532 -0.366300 -1.661200
1 -1.232100 -0.498600 3.150900 0.884197 0.462411 0.066115 -0.421600 -1.661500
23 -1.074600 -0.955800 2.504700 0.990919 0.023441 0.132399 -0.437700 -1.578400
larry.png
23 -2.164500 -0.955800 2.504700 -0.990919 0.023441 0.132399 0.795500 -2.801700
1 -2.007000 -1.026900 3.270600 -0.875086 -0.389796 0.286850 0.612800 -2.885600
1 -2.007000 -0.498600 3.150900 -0.884328 0.462160 0.066122 0.722000 -2.985100
larry.png
23 -2.031300 -1.350900 2.584800 -0.662429 -0.676542 0.321682 0.715900 -2.726000
1 -2.007000 -1.026900 3.270600 -0.875086 -0.389796 0.286850 0.612800 -2.885600
23 -2.164500 -0.955800 2.504700 -0.990919 0.023441 0.132399 0.795500 -2.801700
larry.png
23 -2.164500 -0.955800 2.504700 -0.990919 0.023441 0.132399 1.582700 -1.948100
1 -2.007000 -0.498600 3.150900 -0.884328 0.462160 0.066122 1.620100 -1.984500
23 -2.031300 -0.543600 2.421000 -0.728324 0.683901 -0.042697 1.616400 -1.943400
larry.png
23 -1.074600 -0.955800 2.504700 0.990919 0.023441 0.132399 0.742900 -1.746300
1 -1.232100 -0.498600 3.150900 0.884197 0.462411 0.066115 0.600700 -1.672300
1 -1.232100 -1.026900 3.270600 0.874956 -0.390008 0.286959 0.695900 -1.608200
larry.png
15 -8.065800 0.087298 13.340700 0.101939 0.917599 0.384214 -0.865700 -2.301700
15 -6.528600 0.027898 13.304700 -0.016356 0.875390 0.483140 -0.870100 -2.301700
15 -6.528600 0.027898 13.113000 -0.008117 0.835759 -0.549036 -0.870100 -2.296900
larry.png
15 -8.065800 -0.127802 13.473900 0.132760 0.090501 0.987008 -0.865700 -2.304200
15 -6.528600 -0.127802 13.403700 -0.018074 0.002690 0.999833 -0.870100 -2.304200
15 -6.528600 0.027898 13.304700 -0.016356 0.875390 0.483140 -0.870100 -2.301700
larry.png
16 -9.315900 0.042298 12.251699 0.439379 0.550587 -0.709789 -0.813900 -2.280600
16 -9.315900 0.569698 12.510900 0.526533 0.600943 -0.601357 -0.813900 -2.285700
16 -8.489700 0.171898 13.024799 0.522839 0.692184 -0.497515 -0.829500 -2.295600
larry.png
16 -9.135900 1.151998 13.208400 0.772113 0.382062 0.507810 -0.816500 -2.299300
16 -9.315900 0.805498 13.433399 0.419607 0.740136 0.525479 -0.813900 -2.303700
16 -9.143100 0.769498 13.246200 0.839065 0.541579 0.051602 -0.817000 -2.300100
larry.png
15 -8.065800 -0.127802 12.942900 0.122836 0.000985 -0.992426 -0.865700 -2.294500
15 -6.528600 0.027898 13.113000 -0.008117 0.835759 -0.549036 -0.870100 -2.296900
15 -6.528600 -0.127802 13.013100 -0.031252 -0.124490 -0.991729 -0.870100 -2.294500
larry.png
16 -10.219500 0.874798 12.205800 0.604443 0.569730 -0.556827 -0.797600 -2.279700
16 -10.556100 0.556198 11.937600 0.252569 0.211973 -0.944074 -0.791500 -2.274400
16 -10.410300 1.264498 11.820601 0.626000 0.202726 -0.753011 -0.793200 -2.273600
larry.png
16 -10.219500 0.874798 12.205800 0.604443 0.569730 -0.556827 -0.797600 -2.279700
16 -9.315900 0.569698 12.510900 0.526533 0.600943 -0.601357 -0.813900 -2.285700
16 -9.315900 0.042298 12.251699 0.439379 0.550587 -0.709789 -0.813900 -2.280600
larry.png
16 -10.556100 0.556198 11.937600 0.252569 0.211973 -0.944074 -0.791500 -2.274400
16 -10.219500 0.874798 12.205800 0.604443 0.569730 -0.556827 -0.797600 -2.279700
16 -9.315900 0.042298 12.251699 0.439379 0.550587 -0.709789 -0.813900 -2.280600
larry.png
16 -9.055799 -0.131402 14.600700 0.249474 0.892354 0.376120 -0.817900 -2.325000
16 -9.050400 -0.134102 14.081400 0.778132 0.275051 0.564675 -0.818700 -2.316400
16 -9.303300 0.130498 14.143499 0.465153 0.539122 0.702125 -0.814100 -2.317600
larry.png
16 -10.412101 1.302298 14.605200 0.642429 0.111825 0.758142 -0.793200 -2.325100
16 -10.557899 0.664198 14.477400 0.251419 0.217762 0.943063 -0.791500 -2.324200
16 -10.248301 0.837898 14.229899 0.606207 0.575910 0.548490 -0.797100 -2.319300
larry.png
16 -9.135900 1.151998 13.208400 0.821692 0.400721 -0.405272 -0.816500 -2.299300
16 -9.143100 0.769498 13.246200 0.839065 0.541579 0.051602 -0.817000 -2.300100
16 -9.315900 0.809098 12.991500 0.456699 0.738202 -0.496472 -0.813900 -2.295100
larry.png
16 -9.135900 1.151998 13.208400 0.335363 0.371565 -0.865720 -0.816500 -2.299300
16 -9.315900 0.809098 12.991500 0.456699 0.738202 -0.496472 -0.813900 -2.295100
16 -9.472500 0.976498 13.208400 0.251305 0.955516 -0.154384 -0.811100 -2.299300
larry.png
16 -10.248301 0.837898 14.229899 0.606207 0.575910 0.548490 -0.797100 -2.319300
16 -10.567801 1.089898 13.946400 0.256739 0.945538 0.200108 -0.791300 -2.313800
16 -10.412101 1.302298 14.605200 0.659895 0.747119 0.079700 -0.793200 -2.325100
larry.png
16 -10.410300 1.264498 11.820601 0.198526 -0.199376 -0.959602 -0.793200 -2.273600
16 -10.556100 0.556198 11.937600 0.252569 0.211973 -0.944074 -0.791500 -2.274400
16 -10.856700 1.039498 12.044700 0.039872 0.582557 -0.811812 -0.786100 -2.276500
larry.png
16 -10.557899 0.664198 14.477400 0.251419 0.217762 0.943063 -0.791500 -2.324200
16 -10.412101 1.302298 14.605200 0.166120 -0.230007 0.958906 -0.793200 -2.325100
16 -10.890000 1.016998 14.355901 0.023210 0.596418 0.802338 -0.785500 -2.321800
larry.png
16 -10.556100 1.118698 12.457800 0.250821 0.948476 -0.193602 -0.791500 -2.284600
16 -10.410300 1.264498 11.820601 0.182218 0.948602 0.258747 -0.793200 -2.273600
16 -10.856700 1.039498 12.044700 0.045632 0.823162 -0.565969 -0.786100 -2.276500
larry.png
16 -10.412101 1.302298 14.605200 0.204631 0.916463 -0.343834 -0.793200 -2.325100
16 -10.567801 1.089898 13.946400 0.256739 0.945538 0.200108 -0.791300 -2.313800
16 -10.890000 1.016998 14.355901 0.020696 0.835738 0.548738 -0.785500 -2.321800
larry.png
17 -13.255200 1.157398 15.777901 0.331196 0.711907 0.619272 -0.741300 -2.350800
17 -12.440701 1.028698 15.297300 0.626197 0.483112 0.611948 -0.756400 -2.341200
17 -12.950100 1.748698 14.277600 0.281657 0.948596 0.144340 -0.747000 -2.320800
larry.png
17 -13.795199 -0.127802 12.023100 0.249941 0.000171 -0.968261 -0.731300 -2.275600
17 -13.530600 0.861298 12.212100 -0.200903 0.489083 -0.848785 -0.736200 -2.279400
17 -13.427099 -0.127802 11.946600 -0.621842 0.086330 -0.778370 -0.738100 -2.274000
larry.png
18 -13.573800 -0.127802 11.713500 -0.339888 0.000236 0.940466 -0.735400 -2.269400
18 -13.205701 0.673198 11.432700 -0.457257 0.708412 0.537651 -0.742200 -2.263700
18 -13.645800 0.516598 11.501100 -0.396660 0.446712 0.801941 -0.734100 -2.265100
larry.png
18 -13.573800 -0.127802 11.713500 -0.339888 0.000236 0.940466 -0.735400 -2.269400
18 -13.645800 0.516598 11.501100 -0.396660 0.446712 0.801941 -0.734100 -2.265100
18 -13.909500 -0.127802 11.659500 -0.618581 0.000267 0.785721 -0.730100 -2.267600
larry.png
18 -13.645800 0.516598 11.501100 -0.396660 0.446712 0.801941 -0.734100 -2.265100
18 -14.239800 0.759599 10.978200 -0.293839 0.522592 0.800347 -0.723100 -2.254600
18 -14.036400 -0.127802 11.327400 -0.561602 0.000206 0.827407 -0.726900 -2.261600
larry.png
18 -13.909500 -0.127802 11.659500 -0.618581 0.000267 0.785721 -0.730100 -2.267600
18 -13.645800 0.516598 11.501100 -0.396660 0.446712 0.801941 -0.734100 -2.265100
18 -14.036400 -0.127802 11.327400 -0.561602 0.000206 0.827407 -0.726900 -2.261600
larry.png
18 -14.036400 -0.127802 11.327400 -0.561602 0.000206 0.827407 -0.726900 -2.261600
18 -14.239800 0.759599 10.978200 -0.293839 0.522592 0.800347 -0.723100 -2.254600
18 -14.400001 -0.127802 11.363400 -0.392859 0.000203 0.919599 -0.721000 -2.261600
larry.png
18 -14.400001 -0.127802 11.363400 -0.392859 0.000203 0.919599 -0.721000 -2.261600
18 -14.239800 0.759599 10.978200 -0.293839 0.522592 0.800347 -0.723100 -2.254600
18 -14.577299 -0.127802 11.137500 -0.241447 0.000273 0.970414 -0.716900 -2.257800
larry.png
18 -14.239800 0.759599 10.978200 -0.293839 0.522592 0.800347 -0.723100 -2.254600
18 -13.645800 0.516598 11.501100 -0.396660 0.446712 0.801941 -0.734100 -2.265100
18 -13.205701 0.673198 11.432700 -0.457257 0.708412 0.537651 -0.742200 -2.263700
larry.png
18 -14.577299 -0.127802 11.137500 -0.241447 0.000273 0.970414 -0.716900 -2.257800
18 -14.239800 0.759599 10.978200 -0.293839 0.522592 0.800347 -0.723100 -2.254600
18 -15.071400 0.286199 11.024100 -0.340652 0.492183 0.801069 -0.707700 -2.255600
larry.png
18 -14.577299 -0.127802 11.137500 -0.241447 0.000273 0.970414 -0.716900 -2.257800
18 -15.071400 0.286199 11.024100 -0.340652 0.492183 0.801069 -0.707700 -2.255600
18 -15.107400 -0.127802 11.250000 -0.292231 0.000481 0.956348 -0.707100 -2.260100
larry.png
18 -15.107400 -0.127802 11.250000 -0.292231 0.000481 0.956348 -0.707100 -2.260100
18 -15.071400 0.286199 11.024100 -0.340652 0.492183 0.801069 -0.707700 -2.255600
18 -15.312600 -0.127801 11.043900 -0.960995 0.000295 0.276565 -0.703200 -2.255900
larry.png
18 -15.312600 -0.127801 11.043900 -0.960995 0.000295 0.276565 -0.703200 -2.255900
18 -15.071400 0.286199 11.024100 -0.340652 0.492183 0.801069 -0.707700 -2.255600
18 -15.010200 0.728099 10.686600 -0.793215 0.554794 -0.251025 -0.708800 -2.248800
larry.png
18 -14.254200 0.687599 10.283401 -0.209951 0.370428 -0.904823 -0.722800 -2.240700
18 -14.148900 -0.127801 10.060200 -0.195184 0.000126 -0.980767 -0.724800 -2.236200
18 -15.014700 -0.127801 10.465199 -0.620559 0.000098 -0.784160 -0.708800 -2.244300
larry.png
18 -15.014700 -0.127801 10.465199 -0.620559 0.000098 -0.784160 -0.708800 -2.244300
18 -15.010200 0.728099 10.686600 -0.761717 0.413821 -0.498537 -0.708800 -2.248800
18 -14.254200 0.687599 10.283401 -0.209951 0.370428 -0.904823 -0.722800 -2.240700
larry.png
18 -14.148900 -0.127801 10.060200 -0.195184 0.000126 -0.980767 -0.724800 -2.236200
18 -14.254200 0.687599 10.283401 -0.209951 0.370428 -0.904823 -0.722800 -2.240700
18 -13.530600 -0.127801 10.090799 0.146326 0.000128 -0.989236 -0.736200 -2.236800
larry.png
18 -14.254200 0.687599 10.283401 -0.209951 0.370428 -0.904823 -0.722800 -2.240700
18 -13.539600 0.761399 10.318500 0.201149 0.591154 -0.781074 -0.736100 -2.241400
18 -13.530600 -0.127801 10.090799 0.146326 0.000128 -0.989236 -0.736200 -2.236800
larry.png
18 -13.539600 0.761399 10.318500 0.201149 0.591154 -0.781074 -0.736100 -2.241400
18 -12.762000 0.988199 10.985400 0.091311 0.873196 -0.478739 -0.750400 -2.254800
18 -12.360600 -0.127801 10.542600 0.686466 0.000156 -0.727162 -0.757900 -2.245900
larry.png
18 -13.530600 -0.127801 10.090799 0.146326 0.000128 -0.989236 -0.736200 -2.236800
18 -13.539600 0.761399 10.318500 0.201149 0.591154 -0.781074 -0.736100 -2.241400
18 -12.360600 -0.127801 10.542600 0.686466 0.000156 -0.727162 -0.757900 -2.245900
larry.png
16 -11.757600 -0.127802 14.908500 0.495143 0.003271 0.868805 -0.769000 -2.333400
16 -10.557899 0.664198 14.477400 0.251419 0.217762 0.943063 -0.791500 -2.324200
16 -10.890000 1.016998 14.355901 -0.071898 0.726720 0.683161 -0.785500 -2.321800
larry.png
16 -11.757600 -0.127802 14.908500 0.495143 0.003271 0.868805 -0.769000 -2.333400
16 -10.890000 1.016998 14.355901 -0.071898 0.726720 0.683161 -0.785500 -2.321800
16 -11.757600 1.062898 14.511600 0.385688 0.701035 0.599829 -0.769000 -2.325500
larry.png
17 -12.066300 0.955798 14.853601 0.565098 0.628651 0.534287 -0.763300 -2.332300
17 -12.159900 1.579498 13.766400 0.287099 0.938011 0.194190 -0.761600 -2.310500
17 -12.950100 1.748698 14.277600 0.281657 0.948596 0.144340 -0.747000 -2.320800
larry.png
17 -12.440701 1.028698 15.297300 0.626197 0.483112 0.611948 -0.756400 -2.341200
17 -12.184200 -0.127802 15.491700 0.712187 0.000100 0.701990 -0.761100 -2.345100
16 -11.757600 -0.127802 14.908500 0.495143 0.003271 0.868805 -0.769000 -2.333400
larry.png
17 -12.440701 1.028698 15.297300 0.626197 0.483112 0.611948 -0.756400 -2.341200
17 -13.255200 1.157398 15.777901 0.331196 0.711907 0.619272 -0.741300 -2.350800
17 -13.089600 -0.127802 16.174799 0.430697 0.000099 0.902497 -0.744400 -2.358800
larry.png
17 -12.184200 -0.127802 15.491700 0.712187 0.000100 0.701990 -0.761100 -2.345100
17 -12.440701 1.028698 15.297300 0.626197 0.483112 0.611948 -0.756400 -2.341200
17 -13.089600 -0.127802 16.174799 0.430697 0.000099 0.902497 -0.744400 -2.358800
larry.png
17 -14.373900 1.280698 16.085699 0.071693 0.549187 0.832618 -0.720600 -2.357000
17 -14.384700 -0.127802 16.507801 0.035931 0.000088 0.999354 -0.720400 -2.365500
17 -13.089600 -0.127802 16.174799 0.430697 0.000099 0.902497 -0.744400 -2.358800
larry.png
17 -13.089600 -0.127802 16.174799 0.430697 0.000099 0.902497 -0.744400 -2.358800
17 -13.255200 1.157398 15.777901 0.331196 0.711907 0.619272 -0.741300 -2.350800
17 -14.373900 1.280698 16.085699 0.071693 0.549187 0.832618 -0.720600 -2.357000
larry.png
17 -15.752701 -0.127802 16.258499 -0.350209 0.000076 0.936671 -0.695100 -2.360500
17 -14.384700 -0.127802 16.507801 0.035931 0.000088 0.999354 -0.720400 -2.365500
17 -14.373900 1.280698 16.085699 0.071693 0.549187 0.832618 -0.720600 -2.357000
larry.png
17 -15.752701 -0.127802 16.258499 -0.350209 0.000076 0.936671 -0.695100 -2.360500
17 -15.664499 1.249198 15.950700 -0.260769 0.727480 0.634643 -0.696700 -2.354300
17 -16.637400 1.042198 15.402600 -0.645581 0.463512 0.606944 -0.678700 -2.343300
larry.png
17 -15.752701 -0.127802 16.258499 -0.350209 0.000076 0.936671 -0.695100 -2.360500
17 -14.373900 1.280698 16.085699 0.071693 0.549187 0.832618 -0.720600 -2.357000
17 -15.664499 1.249198 15.950700 -0.260769 0.727480 0.634643 -0.696700 -2.354300
larry.png
17 -15.752701 -0.127802 16.258499 -0.350209 0.000076 0.936671 -0.695100 -2.360500
17 -16.637400 1.042198 15.402600 -0.645581 0.463512 0.606944 -0.678700 -2.343300
17 -16.803900 -0.127802 15.567300 -0.731187 0.000074 0.682177 -0.675700 -2.346600
larry.png
17 -17.532000 -0.127802 14.273100 -0.957687 0.000062 0.287812 -0.662200 -2.320700
17 -16.803900 -0.127802 15.567300 -0.731187 0.000074 0.682177 -0.675700 -2.346600
17 -16.637400 1.042198 15.402600 -0.645581 0.463512 0.606944 -0.678700 -2.343300
larry.png
17 -17.532000 -0.127802 14.273100 -0.957687 0.000062 0.287812 -0.662200 -2.320700
17 -16.637400 1.042198 15.402600 -0.645581 0.463512 0.606944 -0.678700 -2.343300
17 -17.343000 1.155598 14.235300 -0.716944 0.672298 0.184407 -0.665700 -2.319900
larry.png
17 -17.532000 -0.127802 14.273100 -0.957687 0.000062 0.287812 -0.662200 -2.320700
17 -17.343000 1.155598 14.235300 -0.716944 0.672298 0.184407 -0.665700 -2.319900
17 -17.424000 1.014298 12.628800 -0.848728 0.476989 -0.228345 -0.664200 -2.287700
larry.png
17 -17.532000 -0.127802 14.273100 -0.957687 0.000062 0.287812 -0.662200 -2.320700
17 -17.424000 1.014298 12.628800 -0.848728 0.476989 -0.228345 -0.664200 -2.287700
17 -17.640900 -0.127802 12.537000 -0.986568 0.000076 -0.163352 -0.660200 -2.285900
larry.png
17 -17.108101 -0.127802 11.247299 -0.701585 0.000148 -0.712585 -0.670000 -2.260000
17 -17.640900 -0.127802 12.537000 -0.986568 0.000076 -0.163352 -0.660200 -2.285900
17 -17.424000 1.014298 12.628800 -0.848728 0.476989 -0.228345 -0.664200 -2.287700
larry.png
17 -17.108101 -0.127802 11.247299 -0.701585 0.000148 -0.712585 -0.670000 -2.260000
17 -17.424000 1.014298 12.628800 -0.848728 0.476989 -0.228345 -0.664200 -2.287700
17 -16.841700 0.672298 11.415600 -0.134651 0.636826 -0.759159 -0.675000 -2.263400
larry.png
17 -17.108101 -0.127802 11.247299 -0.701585 0.000148 -0.712585 -0.670000 -2.260000
17 -16.841700 0.672298 11.415600 -0.134651 0.636826 -0.759159 -0.675000 -2.263400
17 -16.626600 -0.127802 11.198700 0.309816 0.000175 -0.950796 -0.679000 -2.259100
larry.png
17 -16.626600 -0.127802 11.198700 0.309816 0.000175 -0.950796 -0.679000 -2.259100
17 -16.841700 0.672298 11.415600 -0.134651 0.636826 -0.759159 -0.675000 -2.263400
17 -16.181099 0.720898 11.850300 0.128903 0.625227 -0.769724 -0.687200 -2.272100
larry.png
17 -16.626600 -0.127802 11.198700 0.309816 0.000175 -0.950796 -0.679000 -2.259100
17 -16.181099 0.720898 11.850300 0.128903 0.625227 -0.769724 -0.687200 -2.272100
17 -16.049700 -0.127802 11.511001 0.006715 0.000185 -0.999977 -0.689600 -2.265300
larry.png
17 -16.049700 -0.127802 11.511001 0.006715 0.000185 -0.999977 -0.689600 -2.265300
17 -16.181099 0.720898 11.850300 0.128903 0.625227 -0.769724 -0.687200 -2.272100
17 -15.651899 0.665098 11.692801 0.256724 0.515780 -0.817351 -0.697000 -2.268900
larry.png
17 -16.049700 -0.127802 11.511001 0.006715 0.000185 -0.999977 -0.689600 -2.265300
17 -15.651899 0.665098 11.692801 0.256724 0.515780 -0.817351 -0.697000 -2.268900
17 -15.548400 -0.127802 11.412900 0.336040 0.000193 -0.941848 -0.698900 -2.264800
larry.png
17 -15.548400 -0.127802 11.412900 0.336040 0.000193 -0.941848 -0.698900 -2.264800
17 -15.651899 0.665098 11.692801 0.256724 0.515780 -0.817351 -0.697000 -2.268900
17 -15.219900 -0.127802 11.809799 0.338330 0.000263 -0.941027 -0.705600 -2.271000
larry.png
17 -14.796000 -0.127802 11.618100 -0.003486 0.181765 -0.983336 -0.712900 -2.270300
17 -15.219900 -0.127802 11.809799 0.200644 0.084811 -0.975986 -0.705600 -2.271000
17 -14.879701 0.503998 11.978100 0.153634 0.474861 -0.866547 -0.711300 -2.274700
larry.png
17 -14.796000 -0.127802 11.618100 0.493640 0.188287 -0.849039 -0.712900 -2.270300
17 -14.879701 0.503998 11.978100 0.153634 0.474861 -0.866547 -0.711300 -2.274700
17 -14.503500 -0.127802 12.020400 0.323287 0.196776 -0.925616 -0.718200 -2.275500
larry.png
17 -13.795199 -0.127802 12.023100 0.249941 0.000171 -0.968261 -0.731300 -2.275600
17 -14.114700 0.384298 12.011399 -0.111968 0.447536 -0.887229 -0.725400 -2.275300
17 -13.530600 0.861298 12.212100 -0.200903 0.489083 -0.848785 -0.736200 -2.279400
larry.png
17 -14.112000 -0.127802 11.724300 -0.211441 0.172073 -0.962124 -0.725500 -2.271000
17 -14.503500 -0.127802 12.020400 -0.099959 0.082409 -0.991573 -0.718200 -2.275500
17 -14.114700 0.384298 12.011399 -0.111968 0.447536 -0.887229 -0.725400 -2.275300
larry.png
17 -14.112000 -0.127802 11.724300 0.321542 0.182002 -0.929239 -0.725500 -2.271000
17 -14.114700 0.384298 12.011399 -0.111968 0.447536 -0.887229 -0.725400 -2.275300
17 -13.795199 -0.127802 12.023100 0.249941 0.000171 -0.968261 -0.731300 -2.275600
larry.png
18 -13.775399 1.083598 10.786500 -0.031469 0.972573 0.230458 -0.731700 -2.250800
18 -14.239800 0.759599 10.978200 -0.293839 0.522592 0.800347 -0.723100 -2.254600
18 -13.205701 0.673198 11.432700 -0.457257 0.708412 0.537651 -0.742200 -2.263700
larry.png
18 -13.775399 1.083598 10.786500 -0.031469 0.972573 0.230458 -0.731700 -2.250800
18 -13.205701 0.673198 11.432700 -0.457257 0.708412 0.537651 -0.742200 -2.263700
18 -12.762000 0.988199 10.985400 -0.043859 0.987495 -0.151424 -0.750400 -2.254800
larry.png
18 -15.071400 0.286199 11.024100 -0.340652 0.492183 0.801069 -0.707700 -2.255600
18 -14.239800 0.759599 10.978200 -0.293839 0.522592 0.800347 -0.723100 -2.254600
18 -14.424300 1.084499 10.643400 -0.201380 0.831454 0.517813 -0.719700 -2.247900
larry.png
18 -14.424300 1.084499 10.643400 -0.201380 0.831454 0.517813 -0.719700 -2.247900
18 -14.239800 0.759599 10.978200 -0.293839 0.522592 0.800347 -0.723100 -2.254600
18 -13.775399 1.083598 10.786500 -0.031469 0.972573 0.230458 -0.731700 -2.250800
larry.png
18 -15.071400 0.286199 11.024100 -0.340652 0.492183 0.801069 -0.707700 -2.255600
18 -14.424300 1.084499 10.643400 -0.201380 0.831454 0.517813 -0.719700 -2.247900
18 -15.010200 0.728099 10.686600 -0.553517 0.552570 0.623126 -0.708800 -2.248800
larry.png
18 -12.360600 -0.127801 10.542600 0.686466 0.000156 -0.727162 -0.757900 -2.245900
18 -12.762000 0.988199 10.985400 0.260085 0.916921 -0.302674 -0.750400 -2.254800
18 -12.555900 1.108798 11.475900 0.245773 0.827821 -0.504290 -0.754300 -2.264600
larry.png
18 -12.555900 1.108798 11.475900 0.245773 0.827821 -0.504290 -0.754300 -2.264600
18 -12.762000 0.988199 10.985400 0.073170 0.952705 -0.294957 -0.750400 -2.254800
17 -13.050000 0.896398 11.810699 -0.658773 0.704187 -0.264837 -0.745100 -2.271300
larry.png
18 -12.762000 0.988199 10.985400 -0.115506 0.967831 -0.223520 -0.750400 -2.254800
18 -13.205701 0.673198 11.432700 -0.457257 0.708412 0.537651 -0.742200 -2.263700
17 -13.050000 0.896398 11.810699 -0.658773 0.704187 -0.264837 -0.745100 -2.271300
larry.png
18 -13.573800 -0.127802 11.713500 -0.339888 0.000236 0.940466 -0.735400 -2.269400
17 -13.427099 -0.127802 11.946600 -0.998442 0.000175 -0.055804 -0.738100 -2.274000
18 -13.205701 0.673198 11.432700 -0.457257 0.708412 0.537651 -0.742200 -2.263700
larry.png
18 -13.539600 0.761399 10.318500 0.201149 0.591154 -0.781074 -0.736100 -2.241400
18 -13.775399 1.083598 10.786500 -0.031469 0.972573 0.230458 -0.731700 -2.250800
18 -12.762000 0.988199 10.985400 0.073170 0.952705 -0.294957 -0.750400 -2.254800
larry.png
18 -14.254200 0.687599 10.283401 -0.209951 0.370428 -0.904823 -0.722800 -2.240700
18 -15.010200 0.728099 10.686600 -0.761717 0.413821 -0.498537 -0.708800 -2.248800
18 -14.424300 1.084499 10.643400 -0.101292 0.704541 -0.702398 -0.719700 -2.247900
larry.png
18 -13.539600 0.761399 10.318500 0.201149 0.591154 -0.781074 -0.736100 -2.241400
18 -14.424300 1.084499 10.643400 -0.263198 0.963731 0.044158 -0.719700 -2.247900
18 -13.775399 1.083598 10.786500 -0.031469 0.972573 0.230458 -0.731700 -2.250800
larry.png
18 -13.539600 0.761399 10.318500 0.201149 0.591154 -0.781074 -0.736100 -2.241400
18 -14.254200 0.687599 10.283401 -0.209951 0.370428 -0.904823 -0.722800 -2.240700
18 -14.424300 1.084499 10.643400 -0.101292 0.704541 -0.702398 -0.719700 -2.247900
larry.png
17 -14.503500 -0.127802 12.020400 -0.099959 0.082409 -0.991573 -0.718200 -2.275500
17 -14.130899 1.598398 12.870899 0.009852 0.804003 -0.594543 -0.725100 -2.292600
17 -14.114700 0.384298 12.011399 -0.111968 0.447536 -0.887229 -0.725400 -2.275300
larry.png
17 -14.503500 -0.127802 12.020400 0.045716 0.000296 -0.998954 -0.718200 -2.275500
17 -14.879701 0.503998 11.978100 0.153634 0.474861 -0.866547 -0.711300 -2.274700
17 -14.130899 1.598398 12.870899 0.009852 0.804003 -0.594543 -0.725100 -2.292600
larry.png
17 -14.114700 0.384298 12.011399 -0.111968 0.447536 -0.887229 -0.725400 -2.275300
17 -14.130899 1.598398 12.870899 0.009852 0.804003 -0.594543 -0.725100 -2.292600
17 -13.530600 0.861298 12.212100 -0.200903 0.489083 -0.848785 -0.736200 -2.279400
larry.png
17 -12.159900 1.579498 13.766400 0.287099 0.938011 0.194190 -0.761600 -2.310500
17 -12.701699 1.524598 12.960899 -0.055806 0.953127 -0.297378 -0.751600 -2.294400
17 -12.950100 1.748698 14.277600 0.281657 0.948596 0.144340 -0.747000 -2.320800
larry.png
17 -12.701699 1.524598 12.960899 -0.055806 0.953127 -0.297378 -0.751600 -2.294400
17 -14.130899 1.598398 12.870899 0.009852 0.804003 -0.594543 -0.725100 -2.292600
17 -12.950100 1.748698 14.277600 0.281657 0.948596 0.144340 -0.747000 -2.320800
larry.png
17 -13.530600 0.861298 12.212100 -0.200903 0.489083 -0.848785 -0.736200 -2.279400
17 -14.130899 1.598398 12.870899 0.009852 0.804003 -0.594543 -0.725100 -2.292600
17 -12.701699 1.524598 12.960899 -0.055806 0.953127 -0.297378 -0.751600 -2.294400
larry.png
17 -13.050000 0.896398 11.810699 -0.658773 0.704187 -0.264837 -0.745100 -2.271300
17 -13.530600 0.861298 12.212100 -0.200903 0.489083 -0.848785 -0.736200 -2.279400
17 -12.701699 1.524598 12.960899 -0.055806 0.953127 -0.297378 -0.751600 -2.294400
larry.png
17 -15.219900 -0.127802 11.809799 0.200644 0.084811 -0.975986 -0.705600 -2.271000
17 -15.725700 1.480498 12.681001 0.041797 0.783523 -0.619955 -0.695600 -2.288800
17 -14.879701 0.503998 11.978100 0.153634 0.474861 -0.866547 -0.711300 -2.274700
larry.png
17 -15.725700 1.480498 12.681001 0.041797 0.783523 -0.619955 -0.695600 -2.288800
17 -14.130899 1.598398 12.870899 0.009852 0.804003 -0.594543 -0.725100 -2.292600
17 -14.879701 0.503998 11.978100 0.153634 0.474861 -0.866547 -0.711300 -2.274700
larry.png
17 -16.181099 0.720898 11.850300 0.128903 0.625227 -0.769724 -0.687200 -2.272100
17 -15.725700 1.480498 12.681001 0.041797 0.783523 -0.619955 -0.695600 -2.288800
17 -15.651899 0.665098 11.692801 0.256724 0.515780 -0.817351 -0.697000 -2.268900
larry.png
17 -16.181099 0.720898 11.850300 0.128903 0.625227 -0.769724 -0.687200 -2.272100
17 -16.841700 0.672298 11.415600 -0.134651 0.636826 -0.759159 -0.675000 -2.263400
17 -16.807499 1.385998 12.764700 -0.232699 0.913544 -0.333600 -0.675600 -2.290400
larry.png
17 -16.841700 0.672298 11.415600 -0.134651 0.636826 -0.759159 -0.675000 -2.263400
17 -17.424000 1.014298 12.628800 -0.848728 0.476989 -0.228345 -0.664200 -2.287700
17 -16.807499 1.385998 12.764700 -0.232699 0.913544 -0.333600 -0.675600 -2.290400
larry.png
17 -16.807499 1.385998 12.764700 -0.232699 0.913544 -0.333600 -0.675600 -2.290400
17 -15.725700 1.480498 12.681001 0.041797 0.783523 -0.619955 -0.695600 -2.288800
17 -16.181099 0.720898 11.850300 0.128903 0.625227 -0.769724 -0.687200 -2.272100
larry.png
17 -14.265901 2.001598 14.208301 0.064169 0.985994 0.153945 -0.722600 -2.319400
17 -12.950100 1.748698 14.277600 0.281657 0.948596 0.144340 -0.747000 -2.320800
17 -14.130899 1.598398 12.870899 0.009852 0.804003 -0.594543 -0.725100 -2.292600
larry.png
17 -14.265901 2.001598 14.208301 0.064169 0.985994 0.153945 -0.722600 -2.319400
17 -13.255200 1.157398 15.777901 0.331196 0.711907 0.619272 -0.741300 -2.350800
17 -12.950100 1.748698 14.277600 0.281657 0.948596 0.144340 -0.747000 -2.320800
larry.png
17 -14.373900 1.280698 16.085699 0.071693 0.549187 0.832618 -0.720600 -2.357000
17 -13.255200 1.157398 15.777901 0.331196 0.711907 0.619272 -0.741300 -2.350800
17 -14.265901 2.001598 14.208301 0.064169 0.985994 0.153945 -0.722600 -2.319400
larry.png
17 -15.719400 1.908898 14.015700 -0.214049 0.976813 0.004416 -0.695700 -2.315500
17 -14.265901 2.001598 14.208301 0.064169 0.985994 0.153945 -0.722600 -2.319400
17 -14.130899 1.598398 12.870899 0.009852 0.804003 -0.594543 -0.725100 -2.292600
larry.png
17 -14.130899 1.598398 12.870899 0.009852 0.804003 -0.594543 -0.725100 -2.292600
17 -15.725700 1.480498 12.681001 0.041797 0.783523 -0.619955 -0.695600 -2.288800
17 -15.719400 1.908898 14.015700 -0.214049 0.976813 0.004416 -0.695700 -2.315500
larry.png
17 -16.807499 1.385998 12.764700 -0.232699 0.913544 -0.333600 -0.675600 -2.290400
17 -15.719400 1.908898 14.015700 -0.214049 0.976813 0.004416 -0.695700 -2.315500
17 -15.725700 1.480498 12.681001 0.041797 0.783523 -0.619955 -0.695600 -2.288800
larry.png
17 -15.664499 1.249198 15.950700 -0.260769 0.727480 0.634643 -0.696700 -2.354300
17 -14.373900 1.280698 16.085699 0.071693 0.549187 0.832618 -0.720600 -2.357000
17 -14.265901 2.001598 14.208301 0.064169 0.985994 0.153945 -0.722600 -2.319400
larry.png
17 -14.265901 2.001598 14.208301 0.064169 0.985994 0.153945 -0.722600 -2.319400
17 -15.719400 1.908898 14.015700 -0.214049 0.976813 0.004416 -0.695700 -2.315500
17 -15.664499 1.249198 15.950700 -0.260769 0.727480 0.634643 -0.696700 -2.354300
larry.png
17 -15.664499 1.249198 15.950700 -0.260769 0.727480 0.634643 -0.696700 -2.354300
17 -15.719400 1.908898 14.015700 -0.214049 0.976813 0.004416 -0.695700 -2.315500
17 -16.637400 1.042198 15.402600 -0.645581 0.463512 0.606944 -0.678700 -2.343300
larry.png
17 -17.424000 1.014298 12.628800 -0.848728 0.476989 -0.228345 -0.664200 -2.287700
17 -17.343000 1.155598 14.235300 -0.716944 0.672298 0.184407 -0.665700 -2.319900
17 -16.807499 1.385998 12.764700 -0.232699 0.913544 -0.333600 -0.675600 -2.290400
larry.png
17 -17.343000 1.155598 14.235300 -0.716944 0.672298 0.184407 -0.665700 -2.319900
17 -16.637400 1.042198 15.402600 -0.645581 0.463512 0.606944 -0.678700 -2.343300
17 -15.719400 1.908898 14.015700 -0.214049 0.976813 0.004416 -0.695700 -2.315500
larry.png
17 -17.343000 1.155598 14.235300 -0.716944 0.672298 0.184407 -0.665700 -2.319900
17 -15.719400 1.908898 14.015700 -0.214049 0.976813 0.004416 -0.695700 -2.315500
17 -16.807499 1.385998 12.764700 -0.232699 0.913544 -0.333600 -0.675600 -2.290400
larry.png
16 -11.757600 1.504798 13.212001 0.164573 0.986354 0.004534 -0.769000 -2.299400
16 -10.556100 1.118698 12.457800 0.250821 0.948476 -0.193602 -0.791500 -2.284600
16 -10.856700 1.039498 12.044700 -0.051134 0.715262 -0.696983 -0.786100 -2.276500
larry.png
16 -11.757600 1.504798 13.212001 0.164573 0.986354 0.004534 -0.769000 -2.299400
17 -12.159900 1.579498 13.766400 0.287099 0.938011 0.194190 -0.761600 -2.310500
16 -11.757600 1.062898 14.511600 0.385688 0.701035 0.599829 -0.769000 -2.325500
larry.png
17 -12.701699 1.524598 12.960899 -0.055806 0.953127 -0.297378 -0.751600 -2.294400
17 -12.159900 1.579498 13.766400 0.287099 0.938011 0.194190 -0.761600 -2.310500
16 -11.757600 1.504798 13.212001 0.164573 0.986354 0.004534 -0.769000 -2.299400
larry.png
15 -6.528600 -0.284402 13.113000 -0.016344 -0.875484 -0.482971 -0.870100 -2.296900
15 -6.528600 -0.284402 13.304700 -0.016868 -0.875808 0.482366 -0.870100 -2.301700
15 -8.065800 -0.343802 13.076100 0.102057 -0.917323 -0.384842 -0.865700 -2.296900
larry.png
15 -6.528600 -0.284402 13.304700 -0.016868 -0.875808 0.482366 -0.870100 -2.301700
15 -6.528600 -0.127802 13.403700 -0.018074 0.002690 0.999833 -0.870100 -2.304200
15 -8.065800 -0.343802 13.340700 0.116347 -0.867645 0.483380 -0.865700 -2.301700
larry.png
16 -8.489700 -0.428402 13.024799 0.523486 -0.691145 -0.498278 -0.829500 -2.295600
16 -9.315900 -0.826202 12.510900 0.526508 -0.604376 -0.597928 -0.813900 -2.285700
16 -9.315900 -0.343802 12.266100 0.450426 -0.522805 -0.723734 -0.813900 -2.280900
larry.png
16 -8.489700 -0.127802 12.816900 0.565181 0.011750 -0.824883 -0.829500 -2.291500
16 -9.315900 -0.343802 12.266100 0.450426 -0.522805 -0.723734 -0.813900 -2.280900
16 -9.119699 -0.126902 12.285000 0.852462 0.046989 -0.520673 -0.817500 -2.281200
larry.png
16 -8.489700 -0.428402 13.392900 0.515781 -0.759065 0.397229 -0.829500 -2.303000
16 -9.315900 -0.826202 13.905900 0.525513 -0.619126 0.583540 -0.813900 -2.313000
16 -9.315900 -1.069202 13.419900 0.451323 -0.720306 0.526752 -0.813900 -2.303500
larry.png
16 -8.489700 -0.428402 13.392900 0.515781 -0.759065 0.397229 -0.829500 -2.303000
16 -9.315900 -1.069202 13.419900 0.451323 -0.720306 0.526752 -0.813900 -2.303500
16 -9.180000 -1.058402 13.238101 0.860969 -0.506170 0.050243 -0.816400 -2.299900
larry.png
16 -9.315900 -0.343802 12.266100 0.450426 -0.522805 -0.723734 -0.813900 -2.280900
16 -9.315900 -0.826202 12.510900 0.526508 -0.604376 -0.597928 -0.813900 -2.285700
16 -10.287900 -1.154701 12.182401 0.640334 -0.558250 -0.527570 -0.796300 -2.279200
larry.png
16 -9.315900 -0.343802 12.266100 0.450426 -0.522805 -0.723734 -0.813900 -2.280900
16 -10.287900 -1.154701 12.182401 0.640334 -0.558250 -0.527570 -0.796300 -2.279200
16 -10.556100 -0.912602 11.973600 0.255527 -0.171204 -0.951523 -0.791500 -2.275100
larry.png
16 -10.556100 0.556198 11.937600 0.252569 0.211973 -0.944074 -0.791500 -2.274400
16 -9.315900 0.042298 12.251699 0.439379 0.550587 -0.709789 -0.813900 -2.280600
16 -9.490499 -0.127802 12.096900 0.156277 0.016517 -0.987575 -0.810800 -2.277600
larry.png
16 -9.490499 -0.127802 12.096900 0.248123 -0.170456 -0.953614 -0.810800 -2.277600
16 -9.315900 -0.343802 12.266100 0.450426 -0.522805 -0.723734 -0.813900 -2.280900
16 -10.556100 -0.912602 11.973600 0.255527 -0.171204 -0.951523 -0.791500 -2.275100
larry.png
16 -10.556100 0.556198 11.937600 0.252569 0.211973 -0.944074 -0.791500 -2.274400
16 -10.556100 -0.127802 11.694600 0.229970 -0.000105 -0.973198 -0.791500 -2.269700
16 -11.757600 -0.127802 11.571300 0.363933 0.000547 -0.931425 -0.769000 -2.266500
larry.png
16 -11.757600 -0.127802 11.571300 0.363933 0.000547 -0.931425 -0.769000 -2.266500
16 -10.556100 -0.127802 11.694600 0.229970 -0.000105 -0.973198 -0.791500 -2.269700
16 -10.556100 -0.912602 11.973600 0.255527 -0.171204 -0.951523 -0.791500 -2.275100
larry.png
16 -10.556100 -0.912602 11.973600 0.255527 -0.171204 -0.951523 -0.791500 -2.275100
16 -10.556100 -0.127802 11.694600 0.229970 -0.000105 -0.973198 -0.791500 -2.269700
16 -9.490499 -0.127802 12.096900 0.156277 0.016517 -0.987575 -0.810800 -2.277600
larry.png
16 -9.490499 -0.127802 12.096900 0.156277 0.016517 -0.987575 -0.810800 -2.277600
16 -10.556100 -0.127802 11.694600 0.229970 -0.000105 -0.973198 -0.791500 -2.269700
16 -10.556100 0.556198 11.937600 0.252569 0.211973 -0.944074 -0.791500 -2.274400
larry.png
16 -9.304200 -0.364502 14.160601 0.454023 -0.543318 0.706165 -0.814100 -2.318000
16 -9.315900 -0.826202 13.905900 0.525513 -0.619126 0.583540 -0.813900 -2.313000
16 -8.489700 -0.428402 13.392900 0.515781 -0.759065 0.397229 -0.829500 -2.303000
larry.png
16 -9.055799 -0.131402 14.600700 0.223795 -0.907865 0.354538 -0.817900 -2.325000
16 -9.304200 -0.364502 14.160601 0.454023 -0.543318 0.706165 -0.814100 -2.318000
16 -9.050400 -0.134102 14.081400 0.761534 -0.308261 0.570124 -0.818700 -2.316400
larry.png
16 -9.517500 -0.134102 14.352300 0.250583 -0.188940 0.949479 -0.810300 -2.321700
16 -9.304200 -0.364502 14.160601 0.454023 -0.543318 0.706165 -0.814100 -2.318000
16 -9.055799 -0.131402 14.600700 0.223795 -0.907865 0.354538 -0.817900 -2.325000
larry.png
16 -9.315900 -1.065602 12.989700 0.472490 -0.724543 -0.501788 -0.813900 -2.295000
16 -9.315900 -0.826202 12.510900 0.526508 -0.604376 -0.597928 -0.813900 -2.285700
16 -8.489700 -0.428402 13.024799 0.523486 -0.691145 -0.498278 -0.829500 -2.295600
larry.png
16 -10.287900 -1.154701 12.182401 0.640334 -0.558250 -0.527570 -0.796300 -2.279200
16 -9.315900 -0.826202 12.510900 0.526508 -0.604376 -0.597928 -0.813900 -2.285700
16 -9.315900 -1.065602 12.989700 0.472490 -0.724543 -0.501788 -0.813900 -2.295000
larry.png
16 -9.180000 -1.058402 13.238101 0.860969 -0.506170 0.050243 -0.816400 -2.299900
16 -9.315900 -1.065602 12.989700 0.472490 -0.724543 -0.501788 -0.813900 -2.295000
16 -8.489700 -0.428402 13.024799 0.523486 -0.691145 -0.498278 -0.829500 -2.295600
larry.png
16 -9.315900 -1.065602 12.989700 0.472490 -0.724543 -0.501788 -0.813900 -2.295000
16 -10.556100 -1.332902 12.339001 0.251931 -0.957422 -0.140971 -0.791500 -2.282300
16 -10.287900 -1.154701 12.182401 0.640334 -0.558250 -0.527570 -0.796300 -2.279200
larry.png
16 -9.315900 -1.065602 12.989700 0.472490 -0.724543 -0.501788 -0.813900 -2.295000
16 -9.539999 -1.259102 13.208400 0.173261 -0.984876 0.000868 -0.809900 -2.299300
16 -10.556100 -1.332902 12.339001 0.251931 -0.957422 -0.140971 -0.791500 -2.282300
larry.png
16 -9.539999 -1.259102 13.208400 0.173261 -0.984876 0.000868 -0.809900 -2.299300
16 -10.556100 -1.642502 13.208400 0.228085 -0.973641 -0.000326 -0.791500 -2.299300
16 -10.556100 -1.332902 12.339001 0.251931 -0.957422 -0.140971 -0.791500 -2.282300
larry.png
16 -10.403100 -1.541702 14.625900 0.655613 -0.752238 -0.065649 -0.793300 -2.325500
16 -10.556100 -1.328402 14.092199 0.235771 -0.956848 0.169864 -0.791500 -2.316600
16 -10.314000 -1.163702 14.243400 0.629226 -0.570764 0.527545 -0.795900 -2.319600
larry.png
16 -10.773001 -1.262702 14.363101 0.006421 -0.576186 0.817294 -0.787600 -2.321900
16 -10.403100 -1.541702 14.625900 0.177399 0.331931 0.926473 -0.793300 -2.325500
16 -10.556100 -0.932402 14.436900 0.257542 -0.193099 0.946776 -0.791500 -2.323400
larry.png
16 -10.556100 -1.332902 12.339001 0.251931 -0.957422 -0.140971 -0.791500 -2.282300
16 -10.556100 -1.642502 13.208400 0.228085 -0.973641 -0.000326 -0.791500 -2.299300
16 -11.757600 -1.761302 13.212001 0.160439 -0.987037 0.004210 -0.769000 -2.299400
larry.png
16 -10.834200 -1.292402 12.048301 0.047814 -0.838942 -0.542116 -0.786500 -2.276600
16 -10.556100 -1.332902 12.339001 0.251931 -0.957422 -0.140971 -0.791500 -2.282300
16 -11.757600 -1.761302 13.212001 0.160439 -0.987037 0.004210 -0.769000 -2.299400
larry.png
16 -10.834200 -1.292402 12.048301 0.047814 -0.838942 -0.542116 -0.786500 -2.276600
16 -11.757600 -1.761302 13.212001 0.160439 -0.987037 0.004210 -0.769000 -2.299400
16 -11.757600 -1.423802 11.926800 0.220933 -0.775805 -0.591029 -0.769000 -2.273600
larry.png
16 -10.403100 -1.541702 14.625900 0.112009 -0.911260 -0.396306 -0.793300 -2.325500
16 -10.773001 -1.262702 14.363101 -0.103535 -0.981878 0.158733 -0.787600 -2.321900
16 -10.556100 -1.328402 14.092199 0.235771 -0.956848 0.169864 -0.791500 -2.316600
larry.png
16 -11.757600 -0.127802 14.908500 0.495143 0.003271 0.868805 -0.769000 -2.333400
17 -12.184200 -0.127802 15.491700 0.712187 0.000100 0.701990 -0.761100 -2.345100
17 -12.440701 -1.285202 15.297300 0.626237 -0.482991 0.612003 -0.756400 -2.341200
larry.png
17 -12.440701 -1.285202 15.297300 0.626237 -0.482991 0.612003 -0.756400 -2.341200
17 -12.184200 -0.127802 15.491700 0.712187 0.000100 0.701990 -0.761100 -2.345100
17 -13.089600 -0.127802 16.174799 0.430697 0.000099 0.902497 -0.744400 -2.358800
larry.png
17 -13.255200 -1.413902 15.777901 0.331211 -0.711852 0.619328 -0.741300 -2.350800
17 -12.440701 -1.285202 15.297300 0.626237 -0.482991 0.612003 -0.756400 -2.341200
17 -13.089600 -0.127802 16.174799 0.430697 0.000099 0.902497 -0.744400 -2.358800
larry.png
17 -12.950100 -2.005202 14.277600 0.281657 -0.948596 0.144339 -0.747000 -2.320800
17 -12.440701 -1.285202 15.297300 0.626237 -0.482991 0.612003 -0.756400 -2.341200
17 -13.255200 -1.413902 15.777901 0.331211 -0.711852 0.619328 -0.741300 -2.350800
larry.png
17 -13.427099 -0.127802 11.946600 -0.621885 -0.086116 -0.778359 -0.738100 -2.274000
17 -13.530600 -1.117802 12.212100 -0.200893 -0.489014 -0.848827 -0.736200 -2.279400
17 -13.795199 -0.127802 12.023100 0.249941 0.000171 -0.968261 -0.731300 -2.275600
larry.png
18 -13.645800 -0.773102 11.501100 -0.396722 -0.446424 0.802070 -0.734100 -2.265100
18 -13.205701 -0.929702 11.432700 -0.457313 -0.708288 0.537766 -0.742200 -2.263700
18 -13.573800 -0.127802 11.713500 -0.339888 0.000236 0.940466 -0.735400 -2.269400
larry.png
18 -13.645800 -0.773102 11.501100 -0.396722 -0.446424 0.802070 -0.734100 -2.265100
18 -13.573800 -0.127802 11.713500 -0.339888 0.000236 0.940466 -0.735400 -2.269400
18 -13.909500 -0.127802 11.659500 -0.618581 0.000267 0.785721 -0.730100 -2.267600
larry.png
18 -14.400001 -0.127802 11.363400 -0.392859 0.000203 0.919599 -0.721000 -2.261600
18 -14.239800 -1.016101 10.978200 -0.293856 -0.522470 0.800421 -0.723100 -2.254600
18 -14.036400 -0.127802 11.327400 -0.561602 0.000206 0.827407 -0.726900 -2.261600
larry.png
18 -14.036400 -0.127802 11.327400 -0.561602 0.000206 0.827407 -0.726900 -2.261600
18 -14.239800 -1.016101 10.978200 -0.293856 -0.522470 0.800421 -0.723100 -2.254600
18 -13.645800 -0.773102 11.501100 -0.396722 -0.446424 0.802070 -0.734100 -2.265100
larry.png
18 -14.036400 -0.127802 11.327400 -0.561602 0.000206 0.827407 -0.726900 -2.261600
18 -13.645800 -0.773102 11.501100 -0.396722 -0.446424 0.802070 -0.734100 -2.265100
18 -13.909500 -0.127802 11.659500 -0.618581 0.000267 0.785721 -0.730100 -2.267600
larry.png
18 -14.577299 -0.127802 11.137500 -0.241447 0.000273 0.970414 -0.716900 -2.257800
18 -14.239800 -1.016101 10.978200 -0.293856 -0.522470 0.800421 -0.723100 -2.254600
18 -14.400001 -0.127802 11.363400 -0.392859 0.000203 0.919599 -0.721000 -2.261600
larry.png
18 -13.205701 -0.929702 11.432700 -0.457313 -0.708288 0.537766 -0.742200 -2.263700
18 -13.645800 -0.773102 11.501100 -0.396722 -0.446424 0.802070 -0.734100 -2.265100
18 -14.239800 -1.016101 10.978200 -0.293856 -0.522470 0.800421 -0.723100 -2.254600
larry.png
18 -15.071400 -0.542701 11.024100 -0.340870 -0.491853 0.801179 -0.707700 -2.255600
18 -14.239800 -1.016101 10.978200 -0.293856 -0.522470 0.800421 -0.723100 -2.254600
18 -14.577299 -0.127802 11.137500 -0.241447 0.000273 0.970414 -0.716900 -2.257800
larry.png
18 -15.071400 -0.542701 11.024100 -0.340870 -0.491853 0.801179 -0.707700 -2.255600
18 -14.577299 -0.127802 11.137500 -0.241447 0.000273 0.970414 -0.716900 -2.257800
18 -15.107400 -0.127802 11.250000 -0.292231 0.000481 0.956348 -0.707100 -2.260100
larry.png
18 -15.312600 -0.127801 11.043900 -0.960995 0.000295 0.276565 -0.703200 -2.255900
18 -15.071400 -0.542701 11.024100 -0.340870 -0.491853 0.801179 -0.707700 -2.255600
18 -15.107400 -0.127802 11.250000 -0.292231 0.000481 0.956348 -0.707100 -2.260100
larry.png
18 -15.010200 -0.984601 10.686600 -0.793372 -0.554466 -0.251253 -0.708800 -2.248800
18 -15.071400 -0.542701 11.024100 -0.340870 -0.491853 0.801179 -0.707700 -2.255600
18 -15.312600 -0.127801 11.043900 -0.960995 0.000295 0.276565 -0.703200 -2.255900
larry.png
18 -13.530600 -0.127801 10.090799 0.146326 0.000128 -0.989236 -0.736200 -2.236800
18 -14.254200 -0.944101 10.283401 -0.209960 -0.370274 -0.904884 -0.722800 -2.240700
18 -14.148900 -0.127801 10.060200 -0.195184 0.000126 -0.980767 -0.724800 -2.236200
larry.png
18 -15.014700 -0.127801 10.465199 -0.620559 0.000098 -0.784160 -0.708800 -2.244300
18 -14.148900 -0.127801 10.060200 -0.195184 0.000126 -0.980767 -0.724800 -2.236200
18 -14.254200 -0.944101 10.283401 -0.209960 -0.370274 -0.904884 -0.722800 -2.240700
larry.png
18 -14.254200 -0.944101 10.283401 -0.209960 -0.370274 -0.904884 -0.722800 -2.240700
18 -15.010200 -0.984601 10.686600 -0.761815 -0.413446 -0.498699 -0.708800 -2.248800
18 -15.014700 -0.127801 10.465199 -0.620559 0.000098 -0.784160 -0.708800 -2.244300
larry.png
18 -13.530600 -0.127801 10.090799 0.146326 0.000128 -0.989236 -0.736200 -2.236800
18 -13.539600 -1.017901 10.318500 0.201194 -0.591046 -0.781143 -0.736100 -2.241400
18 -14.254200 -0.944101 10.283401 -0.209960 -0.370274 -0.904884 -0.722800 -2.240700
larry.png
18 -12.360600 -0.127801 10.542600 0.686466 0.000156 -0.727162 -0.757900 -2.245900
18 -13.539600 -1.017901 10.318500 0.201194 -0.591046 -0.781143 -0.736100 -2.241400
18 -13.530600 -0.127801 10.090799 0.146326 0.000128 -0.989236 -0.736200 -2.236800
larry.png
16 -12.159900 -1.836002 13.766400 0.287099 -0.938011 0.194190 -0.761600 -2.310500
16 -11.757600 -1.319402 14.511600 0.379812 -0.702546 0.601807 -0.769000 -2.325500
16 -12.066300 -1.212302 14.853601 0.565135 -0.628593 0.534316 -0.763300 -2.332300
larry.png
17 -14.373900 -1.537202 16.085699 0.071696 -0.549084 0.832686 -0.720600 -2.357000
17 -13.255200 -1.413902 15.777901 0.331211 -0.711852 0.619328 -0.741300 -2.350800
17 -13.089600 -0.127802 16.174799 0.430697 0.000099 0.902497 -0.744400 -2.358800
larry.png
17 -13.089600 -0.127802 16.174799 0.430697 0.000099 0.902497 -0.744400 -2.358800
17 -14.384700 -0.127802 16.507801 0.035931 0.000088 0.999354 -0.720400 -2.365500
17 -14.373900 -1.537202 16.085699 0.071696 -0.549084 0.832686 -0.720600 -2.357000
larry.png
17 -14.373900 -1.537202 16.085699 0.071696 -0.549084 0.832686 -0.720600 -2.357000
17 -14.384700 -0.127802 16.507801 0.035931 0.000088 0.999354 -0.720400 -2.365500
17 -15.752701 -0.127802 16.258499 -0.350209 0.000076 0.936671 -0.695100 -2.360500
larry.png
17 -14.373900 -1.537202 16.085699 0.071696 -0.549084 0.832686 -0.720600 -2.357000
17 -15.752701 -0.127802 16.258499 -0.350209 0.000076 0.936671 -0.695100 -2.360500
17 -15.664499 -1.505702 15.950700 -0.260777 -0.727444 0.634681 -0.696700 -2.354300
larry.png
17 -16.637400 -1.298702 15.402600 -0.645609 -0.463431 0.606976 -0.678700 -2.343300
17 -16.803900 -0.127802 15.567300 -0.731187 0.000074 0.682177 -0.675700 -2.346600
17 -17.532000 -0.127802 14.273100 -0.957687 0.000062 0.287812 -0.662200 -2.320700
larry.png
17 -16.637400 -1.298702 15.402600 -0.645609 -0.463431 0.606976 -0.678700 -2.343300
17 -15.664499 -1.505702 15.950700 -0.260777 -0.727444 0.634681 -0.696700 -2.354300
17 -15.752701 -0.127802 16.258499 -0.350209 0.000076 0.936671 -0.695100 -2.360500
larry.png
17 -16.637400 -1.298702 15.402600 -0.645609 -0.463431 0.606976 -0.678700 -2.343300
17 -15.752701 -0.127802 16.258499 -0.350209 0.000076 0.936671 -0.695100 -2.360500
17 -16.803900 -0.127802 15.567300 -0.731187 0.000074 0.682177 -0.675700 -2.346600
larry.png
17 -17.343000 -1.412102 14.235300 -0.716969 -0.672270 0.184414 -0.665700 -2.319900
17 -16.637400 -1.298702 15.402600 -0.645609 -0.463431 0.606976 -0.678700 -2.343300
17 -17.532000 -0.127802 14.273100 -0.957687 0.000062 0.287812 -0.662200 -2.320700
larry.png
17 -17.424000 -1.270802 12.628800 -0.848798 -0.476864 -0.228349 -0.664200 -2.287700
17 -17.343000 -1.412102 14.235300 -0.716969 -0.672270 0.184414 -0.665700 -2.319900
17 -17.532000 -0.127802 14.273100 -0.957687 0.000062 0.287812 -0.662200 -2.320700
larry.png
17 -17.424000 -1.270802 12.628800 -0.848798 -0.476864 -0.228349 -0.664200 -2.287700
17 -17.640900 -0.127802 12.537000 -0.986568 0.000076 -0.163352 -0.660200 -2.285900
17 -17.108101 -0.127802 11.247299 -0.701585 0.000148 -0.712585 -0.670000 -2.260000
larry.png
17 -17.424000 -1.270802 12.628800 -0.848798 -0.476864 -0.228349 -0.664200 -2.287700
17 -17.532000 -0.127802 14.273100 -0.957687 0.000062 0.287812 -0.662200 -2.320700
17 -17.640900 -0.127802 12.537000 -0.986568 0.000076 -0.163352 -0.660200 -2.285900
larry.png
17 -16.841700 -0.928802 11.415600 -0.134690 -0.636670 -0.759282 -0.675000 -2.263400
17 -17.424000 -1.270802 12.628800 -0.848798 -0.476864 -0.228349 -0.664200 -2.287700
17 -17.108101 -0.127802 11.247299 -0.701585 0.000148 -0.712585 -0.670000 -2.260000
larry.png
17 -16.626600 -0.127802 11.198700 0.309816 0.000175 -0.950796 -0.679000 -2.259100
17 -16.841700 -0.928802 11.415600 -0.134690 -0.636670 -0.759282 -0.675000 -2.263400
17 -17.108101 -0.127802 11.247299 -0.701585 0.000148 -0.712585 -0.670000 -2.260000
larry.png
17 -16.181099 -0.977402 11.850300 0.128929 -0.625086 -0.769834 -0.687200 -2.272100
17 -16.626600 -0.127802 11.198700 0.309816 0.000175 -0.950796 -0.679000 -2.259100
17 -16.049700 -0.127802 11.511001 0.006715 0.000185 -0.999977 -0.689600 -2.265300
larry.png
17 -16.181099 -0.977402 11.850300 0.128929 -0.625086 -0.769834 -0.687200 -2.272100
17 -16.841700 -0.928802 11.415600 -0.134690 -0.636670 -0.759282 -0.675000 -2.263400
17 -16.626600 -0.127802 11.198700 0.309816 0.000175 -0.950796 -0.679000 -2.259100
larry.png
17 -15.651899 -0.921602 11.692801 0.256819 -0.515550 -0.817467 -0.697000 -2.268900
17 -16.049700 -0.127802 11.511001 0.006715 0.000185 -0.999977 -0.689600 -2.265300
17 -15.548400 -0.127802 11.412900 0.336040 0.000193 -0.941848 -0.698900 -2.264800
larry.png
17 -15.651899 -0.921602 11.692801 0.256819 -0.515550 -0.817467 -0.697000 -2.268900
17 -16.181099 -0.977402 11.850300 0.128929 -0.625086 -0.769834 -0.687200 -2.272100
17 -16.049700 -0.127802 11.511001 0.006715 0.000185 -0.999977 -0.689600 -2.265300
larry.png
17 -15.219900 -0.127802 11.809799 0.338330 0.000263 -0.941027 -0.705600 -2.271000
17 -15.651899 -0.921602 11.692801 0.256819 -0.515550 -0.817467 -0.697000 -2.268900
17 -15.548400 -0.127802 11.412900 0.336040 0.000193 -0.941848 -0.698900 -2.264800
larry.png
17 -15.725700 -1.737002 12.681001 0.041777 -0.783504 -0.619981 -0.695600 -2.288800
17 -15.651899 -0.921602 11.692801 0.256819 -0.515550 -0.817467 -0.697000 -2.268900
17 -15.219900 -0.127802 11.809799 0.576061 -0.183973 -0.796435 -0.705600 -2.271000
larry.png
17 -15.651899 -0.921602 11.692801 0.256819 -0.515550 -0.817467 -0.697000 -2.268900
17 -15.725700 -1.737002 12.681001 0.041777 -0.783504 -0.619981 -0.695600 -2.288800
17 -16.181099 -0.977402 11.850300 0.128929 -0.625086 -0.769834 -0.687200 -2.272100
larry.png
17 -14.879701 -0.760502 11.978100 0.153635 -0.474567 -0.866708 -0.711300 -2.274700
17 -15.725700 -1.737002 12.681001 0.041777 -0.783504 -0.619981 -0.695600 -2.288800
17 -15.219900 -0.127802 11.809799 0.200710 -0.084303 -0.976017 -0.705600 -2.271000
larry.png
17 -14.879701 -0.760502 11.978100 0.153635 -0.474567 -0.866708 -0.711300 -2.274700
17 -14.130899 -1.854902 12.870900 0.009802 -0.804010 -0.594535 -0.725100 -2.292600
17 -15.725700 -1.737002 12.681001 0.041777 -0.783504 -0.619981 -0.695600 -2.288800
larry.png
17 -14.130899 -1.854902 12.870900 0.009802 -0.804010 -0.594535 -0.725100 -2.292600
17 -14.879701 -0.760502 11.978100 0.153635 -0.474567 -0.866708 -0.711300 -2.274700
17 -14.503500 -0.127802 12.020400 0.045716 0.000296 -0.998954 -0.718200 -2.275500
larry.png
17 -13.795199 -0.127802 12.023100 0.249941 0.000171 -0.968261 -0.731300 -2.275600
17 -14.114700 -0.640802 12.011400 -0.112110 -0.447235 -0.887362 -0.725400 -2.275300
17 -14.112000 -0.127802 11.724300 0.321495 -0.181240 -0.929405 -0.725500 -2.271000
larry.png
17 -13.530600 -1.117802 12.212100 -0.200893 -0.489014 -0.848827 -0.736200 -2.279400
17 -14.114700 -0.640802 12.011400 -0.112110 -0.447235 -0.887362 -0.725400 -2.275300
17 -13.795199 -0.127802 12.023100 0.249941 0.000171 -0.968261 -0.731300 -2.275600
larry.png
17 -13.530600 -1.117802 12.212100 -0.200893 -0.489014 -0.848827 -0.736200 -2.279400
17 -14.130899 -1.854902 12.870900 0.009802 -0.804010 -0.594535 -0.725100 -2.292600
17 -14.114700 -0.640802 12.011400 -0.112110 -0.447235 -0.887362 -0.725400 -2.275300
larry.png
17 -14.114700 -0.640802 12.011400 -0.112110 -0.447235 -0.887362 -0.725400 -2.275300
17 -14.130899 -1.854902 12.870900 0.009802 -0.804010 -0.594535 -0.725100 -2.292600
17 -14.503500 -0.127802 12.020400 -0.099927 -0.081857 -0.991622 -0.718200 -2.275500
larry.png
18 -13.205701 -0.929702 11.432700 -0.457313 -0.708288 0.537766 -0.742200 -2.263700
18 -14.239800 -1.016101 10.978200 -0.293856 -0.522470 0.800421 -0.723100 -2.254600
18 -13.775399 -1.340101 10.786500 -0.031469 -0.972573 0.230458 -0.731700 -2.250800
larry.png
18 -12.762000 -1.244702 10.985400 -0.043817 -0.987495 -0.151436 -0.750400 -2.254800
18 -13.205701 -0.929702 11.432700 -0.457313 -0.708288 0.537766 -0.742200 -2.263700
18 -13.775399 -1.340101 10.786500 -0.031469 -0.972573 0.230458 -0.731700 -2.250800
larry.png
18 -14.424300 -1.341001 10.643400 -0.201381 -0.831454 0.517814 -0.719700 -2.247900
18 -15.071400 -0.542701 11.024100 -0.340870 -0.491853 0.801179 -0.707700 -2.255600
18 -15.010200 -0.984601 10.686600 -0.554068 -0.552393 0.622793 -0.708800 -2.248800
larry.png
18 -13.775399 -1.340101 10.786500 -0.031469 -0.972573 0.230458 -0.731700 -2.250800
18 -14.239800 -1.016101 10.978200 -0.293856 -0.522470 0.800421 -0.723100 -2.254600
18 -14.424300 -1.341001 10.643400 -0.201381 -0.831454 0.517814 -0.719700 -2.247900
larry.png
18 -14.424300 -1.341001 10.643400 -0.201381 -0.831454 0.517814 -0.719700 -2.247900
18 -14.239800 -1.016101 10.978200 -0.293856 -0.522470 0.800421 -0.723100 -2.254600
18 -15.071400 -0.542701 11.024100 -0.340870 -0.491853 0.801179 -0.707700 -2.255600
larry.png
18 -13.205701 -0.929702 11.432700 -0.457313 -0.708288 0.537766 -0.742200 -2.263700
17 -13.427099 -0.127802 11.946600 -0.998442 0.000175 -0.055804 -0.738100 -2.274000
18 -13.573800 -0.127802 11.713500 -0.339888 0.000236 0.940466 -0.735400 -2.269400
larry.png
18 -12.762000 -1.244702 10.985400 0.073253 -0.952682 -0.295010 -0.750400 -2.254800
18 -13.775399 -1.340101 10.786500 -0.031469 -0.972573 0.230458 -0.731700 -2.250800
18 -13.539600 -1.017901 10.318500 0.201194 -0.591046 -0.781143 -0.736100 -2.241400
larry.png
18 -14.424300 -1.341001 10.643400 -0.101292 -0.704540 -0.702398 -0.719700 -2.247900
18 -15.010200 -0.984601 10.686600 -0.761815 -0.413446 -0.498699 -0.708800 -2.248800
18 -14.254200 -0.944101 10.283401 -0.209960 -0.370274 -0.904884 -0.722800 -2.240700
larry.png
18 -13.775399 -1.340101 10.786500 -0.031469 -0.972573 0.230458 -0.731700 -2.250800
18 -14.424300 -1.341001 10.643400 -0.263198 -0.963731 0.044158 -0.719700 -2.247900
18 -13.539600 -1.017901 10.318500 0.201194 -0.591046 -0.781143 -0.736100 -2.241400
larry.png
18 -14.424300 -1.341001 10.643400 -0.101292 -0.704540 -0.702398 -0.719700 -2.247900
18 -14.254200 -0.944101 10.283401 -0.209960 -0.370274 -0.904884 -0.722800 -2.240700
18 -13.539600 -1.017901 10.318500 0.201194 -0.591046 -0.781143 -0.736100 -2.241400
larry.png
17 -12.701699 -1.781102 12.960899 -0.055806 -0.953127 -0.297378 -0.751600 -2.294400
17 -14.130899 -1.854902 12.870900 0.009802 -0.804010 -0.594535 -0.725100 -2.292600
17 -13.530600 -1.117802 12.212100 -0.200893 -0.489014 -0.848827 -0.736200 -2.279400
larry.png
17 -12.701699 -1.781102 12.960899 -0.055806 -0.953127 -0.297378 -0.751600 -2.294400
17 -13.530600 -1.117802 12.212100 -0.200893 -0.489014 -0.848827 -0.736200 -2.279400
17 -13.050000 -1.152902 11.810699 -0.658820 -0.704151 -0.264818 -0.745100 -2.271300
larry.png
17 -12.950100 -2.005202 14.277600 0.281657 -0.948596 0.144339 -0.747000 -2.320800
17 -14.130899 -1.854902 12.870900 0.009802 -0.804010 -0.594535 -0.725100 -2.292600
17 -12.701699 -1.781102 12.960899 -0.055806 -0.953127 -0.297378 -0.751600 -2.294400
larry.png
17 -16.807499 -1.642502 12.764700 -0.232699 -0.913544 -0.333600 -0.675600 -2.290400
17 -16.841700 -0.928802 11.415600 -0.134690 -0.636670 -0.759282 -0.675000 -2.263400
17 -16.181099 -0.977402 11.850300 0.128929 -0.625086 -0.769834 -0.687200 -2.272100
larry.png
17 -16.807499 -1.642502 12.764700 -0.232699 -0.913544 -0.333600 -0.675600 -2.290400
17 -17.424000 -1.270802 12.628800 -0.848798 -0.476864 -0.228349 -0.664200 -2.287700
17 -16.841700 -0.928802 11.415600 -0.134690 -0.636670 -0.759282 -0.675000 -2.263400
larry.png
17 -16.181099 -0.977402 11.850300 0.128929 -0.625086 -0.769834 -0.687200 -2.272100
17 -15.725700 -1.737002 12.681001 0.041777 -0.783504 -0.619981 -0.695600 -2.288800
17 -16.807499 -1.642502 12.764700 -0.232699 -0.913544 -0.333600 -0.675600 -2.290400
larry.png
17 -12.950100 -2.005202 14.277600 0.281657 -0.948596 0.144339 -0.747000 -2.320800
17 -13.255200 -1.413902 15.777901 0.331211 -0.711852 0.619328 -0.741300 -2.350800
17 -14.265901 -2.258102 14.208300 0.064169 -0.985994 0.153944 -0.722600 -2.319400
larry.png
17 -14.265901 -2.258102 14.208300 0.064169 -0.985994 0.153944 -0.722600 -2.319400
17 -13.255200 -1.413902 15.777901 0.331211 -0.711852 0.619328 -0.741300 -2.350800
17 -14.373900 -1.537202 16.085699 0.071696 -0.549084 0.832686 -0.720600 -2.357000
larry.png
17 -14.130899 -1.854902 12.870900 0.009802 -0.804010 -0.594535 -0.725100 -2.292600
17 -14.265901 -2.258102 14.208300 0.064169 -0.985994 0.153944 -0.722600 -2.319400
17 -15.719400 -2.165402 14.015699 -0.214049 -0.976813 0.004416 -0.695700 -2.315500
larry.png
17 -15.719400 -2.165402 14.015699 -0.214049 -0.976813 0.004416 -0.695700 -2.315500
17 -15.725700 -1.737002 12.681001 0.041777 -0.783504 -0.619981 -0.695600 -2.288800
17 -14.130899 -1.854902 12.870900 0.009802 -0.804010 -0.594535 -0.725100 -2.292600
larry.png
17 -15.725700 -1.737002 12.681001 0.041777 -0.783504 -0.619981 -0.695600 -2.288800
17 -15.719400 -2.165402 14.015699 -0.214049 -0.976813 0.004416 -0.695700 -2.315500
17 -16.807499 -1.642502 12.764700 -0.232699 -0.913544 -0.333600 -0.675600 -2.290400
larry.png
17 -14.265901 -2.258102 14.208300 0.064169 -0.985994 0.153944 -0.722600 -2.319400
17 -14.373900 -1.537202 16.085699 0.071696 -0.549084 0.832686 -0.720600 -2.357000
17 -15.664499 -1.505702 15.950700 -0.260777 -0.727444 0.634681 -0.696700 -2.354300
larry.png
17 -15.664499 -1.505702 15.950700 -0.260777 -0.727444 0.634681 -0.696700 -2.354300
17 -15.719400 -2.165402 14.015699 -0.214049 -0.976813 0.004416 -0.695700 -2.315500
17 -14.265901 -2.258102 14.208300 0.064169 -0.985994 0.153944 -0.722600 -2.319400
larry.png
17 -16.637400 -1.298702 15.402600 -0.645609 -0.463431 0.606976 -0.678700 -2.343300
17 -15.719400 -2.165402 14.015699 -0.214049 -0.976813 0.004416 -0.695700 -2.315500
17 -15.664499 -1.505702 15.950700 -0.260777 -0.727444 0.634681 -0.696700 -2.354300
larry.png
17 -16.807499 -1.642502 12.764700 -0.232699 -0.913544 -0.333600 -0.675600 -2.290400
17 -15.719400 -2.165402 14.015699 -0.214049 -0.976813 0.004416 -0.695700 -2.315500
17 -17.343000 -1.412102 14.235300 -0.716969 -0.672270 0.184414 -0.665700 -2.319900
larry.png
17 -16.807499 -1.642502 12.764700 -0.232699 -0.913544 -0.333600 -0.675600 -2.290400
17 -17.343000 -1.412102 14.235300 -0.716969 -0.672270 0.184414 -0.665700 -2.319900
17 -17.424000 -1.270802 12.628800 -0.848798 -0.476864 -0.228349 -0.664200 -2.287700
larry.png
17 -15.719400 -2.165402 14.015699 -0.214049 -0.976813 0.004416 -0.695700 -2.315500
17 -16.637400 -1.298702 15.402600 -0.645609 -0.463431 0.606976 -0.678700 -2.343300
17 -17.343000 -1.412102 14.235300 -0.716969 -0.672270 0.184414 -0.665700 -2.319900
larry.png
18 -15.014700 -0.127801 10.465199 -0.620559 0.000098 -0.784160 -0.708800 -2.244300
18 -15.312600 -0.127801 11.043900 -0.960995 0.000295 0.276565 -0.703200 -2.255900
18 -15.010200 0.728099 10.686600 -0.761717 0.413821 -0.498537 -0.708800 -2.248800
larry.png
18 -15.014700 -0.127801 10.465199 -0.620559 0.000098 -0.784160 -0.708800 -2.244300
18 -15.010200 -0.984601 10.686600 -0.761815 -0.413446 -0.498699 -0.708800 -2.248800
18 -15.312600 -0.127801 11.043900 -0.960995 0.000295 0.276565 -0.703200 -2.255900
larry.png
15 -6.528600 0.027898 13.304700 -0.016356 0.875390 0.483140 -0.870100 -2.301700
15 -4.156200 0.186298 13.015800 0.112207 0.918979 -0.378004 -0.909600 -2.295500
15 -6.528600 0.027898 13.113000 -0.008117 0.835759 -0.549036 -0.870100 -2.296900
larry.png
15 -6.528600 0.027898 13.113000 -0.008117 0.835759 -0.549036 -0.870100 -2.296900
15 -4.156200 0.186298 13.015800 0.112207 0.918979 -0.378004 -0.909600 -2.295500
15 -4.156200 -0.127802 12.816900 0.205236 0.092851 -0.974298 -0.909600 -2.291500
larry.png
2 -3.768300 -0.127802 13.208400 1.000000 0.000569 -0.000380 -0.916800 -2.299300
2 -3.859200 0.080098 13.336200 0.670613 0.594502 0.443673 -0.915100 -2.301900
2 -3.859200 -0.127802 13.468500 0.752833 0.000730 0.658211 -0.915100 -2.304500
larry.png
2 -3.768300 -0.127802 13.208400 1.000000 0.000569 -0.000380 -0.916800 -2.299300
2 -3.859200 -0.127802 13.468500 0.752833 0.000730 0.658211 -0.915100 -2.304500
2 -3.859200 -0.336602 13.336200 0.628971 -0.682243 0.372746 -0.915100 -2.301900
larry.png
2 -3.768300 -0.127802 13.208400 1.000000 0.000569 -0.000380 -0.916800 -2.299300
2 -3.859200 -0.336602 13.336200 0.628971 -0.682243 0.372746 -0.915100 -2.301900
15 -3.859200 -0.336602 13.080600 0.671624 -0.592672 -0.444591 -0.915100 -2.296800
larry.png
15 -3.859200 0.080098 13.080600 0.629045 0.682234 -0.372638 -0.915100 -2.296800
15 -4.156200 0.186298 13.015800 0.112207 0.918979 -0.378004 -0.909600 -2.295500
15 -4.156200 0.186298 13.401000 0.158738 0.862839 0.479907 -0.909600 -2.303200
larry.png
15 -4.156200 -0.127802 12.816900 0.205236 0.092851 -0.974298 -0.909600 -2.291500
15 -4.156200 0.186298 13.015800 0.112207 0.918979 -0.378004 -0.909600 -2.295500
15 -3.859200 0.080098 13.080600 0.629045 0.682234 -0.372638 -0.915100 -2.296800
larry.png
16 -9.135900 1.151998 13.208400 0.258508 0.428046 0.865997 -0.816500 -2.299300
16 -9.472500 0.976498 13.208400 0.249117 0.952081 0.177434 -0.811100 -2.299300
16 -9.315900 0.805498 13.433399 0.419607 0.740136 0.525479 -0.813900 -2.303700
larry.png
16 -10.567801 1.089898 13.946400 0.256739 0.945538 0.200108 -0.791300 -2.313800
16 -10.556100 1.385998 13.208400 0.228322 0.973361 0.020925 -0.791500 -2.299300
16 -11.757600 1.504798 13.212001 0.164573 0.986354 0.004534 -0.769000 -2.299400
larry.png
16 -11.757600 1.504798 13.212001 0.164573 0.986354 0.004534 -0.769000 -2.299400
16 -10.556100 1.385998 13.208400 0.228322 0.973361 0.020925 -0.791500 -2.299300
16 -10.556100 1.118698 12.457800 0.250821 0.948476 -0.193602 -0.791500 -2.284600
larry.png
16 -11.757600 -0.127802 14.908500 0.495143 0.003271 0.868805 -0.769000 -2.333400
16 -10.556100 -0.127802 14.722200 0.245553 -0.019827 0.969180 -0.791500 -2.329000
16 -10.557899 0.664198 14.477400 0.251419 0.217762 0.943063 -0.791500 -2.324200
larry.png
16 -9.055799 -0.131402 14.600700 0.249474 0.892354 0.376120 -0.817900 -2.325000
16 -9.303300 0.130498 14.143499 0.465153 0.539122 0.702125 -0.814100 -2.317600
16 -9.517500 -0.134102 14.352300 0.246156 0.159237 0.956060 -0.810300 -2.321700
larry.png
16 -8.489700 0.171898 13.392900 0.515687 0.758731 0.397988 -0.829500 -2.303000
16 -9.315900 0.569698 13.905900 0.515136 0.622419 0.589262 -0.813900 -2.313000
16 -9.303300 0.130498 14.143499 0.465153 0.539122 0.702125 -0.814100 -2.317600
larry.png
16 -9.315900 0.805498 13.433399 0.419607 0.740136 0.525479 -0.813900 -2.303700
16 -9.315900 0.569698 13.905900 0.515136 0.622419 0.589262 -0.813900 -2.313000
16 -8.489700 0.171898 13.392900 0.515687 0.758731 0.397988 -0.829500 -2.303000
larry.png
16 -9.303300 0.130498 14.143499 0.465153 0.539122 0.702125 -0.814100 -2.317600
16 -9.315900 0.569698 13.905900 0.515136 0.622419 0.589262 -0.813900 -2.313000
16 -10.248301 0.837898 14.229899 0.606207 0.575910 0.548490 -0.797100 -2.319300
larry.png
16 -9.303300 0.130498 14.143499 0.465153 0.539122 0.702125 -0.814100 -2.317600
16 -10.248301 0.837898 14.229899 0.606207 0.575910 0.548490 -0.797100 -2.319300
16 -10.557899 0.664198 14.477400 0.251419 0.217762 0.943063 -0.791500 -2.324200
larry.png
16 -9.517500 -0.134102 14.352300 0.158585 -0.016324 0.987210 -0.810300 -2.321700
16 -10.557899 0.664198 14.477400 0.251419 0.217762 0.943063 -0.791500 -2.324200
16 -10.556100 -0.127802 14.722200 0.245553 -0.019827 0.969180 -0.791500 -2.329000
larry.png
16 -9.517500 -0.134102 14.352300 0.158585 -0.016324 0.987210 -0.810300 -2.321700
16 -9.303300 0.130498 14.143499 0.465153 0.539122 0.702125 -0.814100 -2.317600
16 -10.557899 0.664198 14.477400 0.251419 0.217762 0.943063 -0.791500 -2.324200
larry.png
16 -10.403100 -1.541702 14.625900 0.700529 -0.074573 0.709717 -0.793300 -2.325500
16 -10.314000 -1.163702 14.243400 0.629226 -0.570764 0.527545 -0.795900 -2.319600
16 -10.556100 -0.932402 14.436900 0.257542 -0.193099 0.946776 -0.791500 -2.323400
larry.png
16 -10.556100 -0.932402 14.436900 0.257542 -0.193099 0.946776 -0.791500 -2.323400
16 -9.304200 -0.364502 14.160601 0.454023 -0.543318 0.706165 -0.814100 -2.318000
16 -9.517500 -0.134102 14.352300 0.158585 -0.016324 0.987210 -0.810300 -2.321700
larry.png
16 -10.556100 -0.932402 14.436900 0.257542 -0.193099 0.946776 -0.791500 -2.323400
16 -10.556100 -0.127802 14.722200 0.245553 -0.019827 0.969180 -0.791500 -2.329000
16 -11.757600 -0.127802 14.908500 0.495143 0.003271 0.868805 -0.769000 -2.333400
larry.png
16 -10.556100 -0.932402 14.436900 0.257542 -0.193099 0.946776 -0.791500 -2.323400
16 -9.517500 -0.134102 14.352300 0.158585 -0.016324 0.987210 -0.810300 -2.321700
16 -10.556100 -0.127802 14.722200 0.245553 -0.019827 0.969180 -0.791500 -2.329000
larry.png
16 -10.773001 -1.262702 14.363101 0.006421 -0.576186 0.817294 -0.787600 -2.321900
16 -10.556100 -0.932402 14.436900 0.257542 -0.193099 0.946776 -0.791500 -2.323400
16 -11.757600 -0.127802 14.908500 0.495143 0.003271 0.868805 -0.769000 -2.333400
larry.png
16 -11.757600 -0.127802 14.908500 0.495143 0.003271 0.868805 -0.769000 -2.333400
16 -11.757600 -1.319402 14.511600 0.379812 -0.702546 0.601807 -0.769000 -2.325500
16 -10.773001 -1.262702 14.363101 0.006421 -0.576186 0.817294 -0.787600 -2.321900
larry.png
16 -10.556100 -1.328402 14.092199 0.235771 -0.956848 0.169864 -0.791500 -2.316600
16 -10.556100 -1.642502 13.208400 0.228085 -0.973641 -0.000326 -0.791500 -2.299300
16 -9.539999 -1.259102 13.208400 0.173261 -0.984876 0.000868 -0.809900 -2.299300
larry.png
16 -9.539999 -1.259102 13.208400 0.173261 -0.984876 0.000868 -0.809900 -2.299300
16 -9.315900 -1.069202 13.419900 0.451323 -0.720306 0.526752 -0.813900 -2.303500
16 -10.556100 -1.328402 14.092199 0.235771 -0.956848 0.169864 -0.791500 -2.316600
larry.png
16 -11.757600 -1.761302 13.212001 0.160439 -0.987037 0.004210 -0.769000 -2.299400
16 -10.556100 -1.642502 13.208400 0.228085 -0.973641 -0.000326 -0.791500 -2.299300
16 -10.556100 -1.328402 14.092199 0.235771 -0.956848 0.169864 -0.791500 -2.316600
larry.png
16 -10.773001 -1.262702 14.363101 -0.104087 -0.708439 0.698054 -0.787600 -2.321900
16 -11.757600 -1.319402 14.511600 0.379812 -0.702546 0.601807 -0.769000 -2.325500
16 -11.757600 -1.761302 13.212001 0.160439 -0.987037 0.004210 -0.769000 -2.299400
larry.png
16 -10.773001 -1.262702 14.363101 -0.104087 -0.708439 0.698054 -0.787600 -2.321900
16 -11.757600 -1.761302 13.212001 0.160439 -0.987037 0.004210 -0.769000 -2.299400
16 -10.556100 -1.328402 14.092199 0.235771 -0.956848 0.169864 -0.791500 -2.316600
larry.png
16 -9.315900 -1.069202 13.419900 0.451323 -0.720306 0.526752 -0.813900 -2.303500
16 -9.315900 -0.826202 13.905900 0.525513 -0.619126 0.583540 -0.813900 -2.313000
16 -10.314000 -1.163702 14.243400 0.629226 -0.570764 0.527545 -0.795900 -2.319600
larry.png
16 -10.314000 -1.163702 14.243400 0.629226 -0.570764 0.527545 -0.795900 -2.319600
16 -9.315900 -0.826202 13.905900 0.525513 -0.619126 0.583540 -0.813900 -2.313000
16 -9.304200 -0.364502 14.160601 0.454023 -0.543318 0.706165 -0.814100 -2.318000
larry.png
16 -9.315900 -1.069202 13.419900 0.451323 -0.720306 0.526752 -0.813900 -2.303500
16 -10.314000 -1.163702 14.243400 0.629226 -0.570764 0.527545 -0.795900 -2.319600
16 -10.556100 -1.328402 14.092199 0.235771 -0.956848 0.169864 -0.791500 -2.316600
larry.png
16 -10.556100 -0.932402 14.436900 0.257542 -0.193099 0.946776 -0.791500 -2.323400
16 -10.314000 -1.163702 14.243400 0.629226 -0.570764 0.527545 -0.795900 -2.319600
16 -9.304200 -0.364502 14.160601 0.454023 -0.543318 0.706165 -0.814100 -2.318000
larry.png
16 -9.315900 0.809098 12.991500 0.456699 0.738202 -0.496472 -0.813900 -2.295100
16 -9.315900 0.569698 12.510900 0.526533 0.600943 -0.601357 -0.813900 -2.285700
16 -10.219500 0.874798 12.205800 0.604443 0.569730 -0.556827 -0.797600 -2.279700
larry.png
16 -8.489700 0.171898 13.024799 0.522839 0.692184 -0.497515 -0.829500 -2.295600
16 -9.315900 0.569698 12.510900 0.526533 0.600943 -0.601357 -0.813900 -2.285700
16 -9.315900 0.809098 12.991500 0.456699 0.738202 -0.496472 -0.813900 -2.295100
larry.png
16 -10.219500 0.874798 12.205800 0.604443 0.569730 -0.556827 -0.797600 -2.279700
16 -10.556100 1.118698 12.457800 0.250821 0.948476 -0.193602 -0.791500 -2.284600
16 -9.315900 0.809098 12.991500 0.456699 0.738202 -0.496472 -0.813900 -2.295100
larry.png
16 -8.489700 0.171898 13.024799 0.522839 0.692184 -0.497515 -0.829500 -2.295600
16 -9.315900 0.809098 12.991500 0.456699 0.738202 -0.496472 -0.813900 -2.295100
16 -9.143100 0.769498 13.246200 0.839065 0.541579 0.051602 -0.817000 -2.300100
larry.png
16 -10.410300 1.264498 11.820601 0.619241 0.776097 -0.119224 -0.793200 -2.273600
16 -10.556100 1.118698 12.457800 0.250821 0.948476 -0.193602 -0.791500 -2.284600
16 -10.219500 0.874798 12.205800 0.604443 0.569730 -0.556827 -0.797600 -2.279700
larry.png
16 -10.248301 0.837898 14.229899 0.606207 0.575910 0.548490 -0.797100 -2.319300
16 -9.315900 0.569698 13.905900 0.515136 0.622419 0.589262 -0.813900 -2.313000
16 -9.315900 0.805498 13.433399 0.419607 0.740136 0.525479 -0.813900 -2.303700
larry.png
16 -10.567801 1.089898 13.946400 0.256739 0.945538 0.200108 -0.791300 -2.313800
16 -10.248301 0.837898 14.229899 0.606207 0.575910 0.548490 -0.797100 -2.319300
16 -9.315900 0.805498 13.433399 0.419607 0.740136 0.525479 -0.813900 -2.303700
larry.png
16 -10.556100 1.118698 12.457800 0.250821 0.948476 -0.193602 -0.791500 -2.284600
16 -9.472500 0.976498 13.208400 0.156252 0.987667 0.009920 -0.811100 -2.299300
16 -9.315900 0.809098 12.991500 0.456699 0.738202 -0.496472 -0.813900 -2.295100
larry.png
16 -10.556100 1.118698 12.457800 0.250821 0.948476 -0.193602 -0.791500 -2.284600
16 -10.556100 1.385998 13.208400 0.228322 0.973361 0.020925 -0.791500 -2.299300
16 -9.472500 0.976498 13.208400 0.156252 0.987667 0.009920 -0.811100 -2.299300
larry.png
16 -9.472500 0.976498 13.208400 0.156252 0.987667 0.009920 -0.811100 -2.299300
16 -10.556100 1.385998 13.208400 0.228322 0.973361 0.020925 -0.791500 -2.299300
16 -10.567801 1.089898 13.946400 0.256739 0.945538 0.200108 -0.791300 -2.313800
larry.png
16 -10.567801 1.089898 13.946400 0.256739 0.945538 0.200108 -0.791300 -2.313800
16 -9.315900 0.805498 13.433399 0.419607 0.740136 0.525479 -0.813900 -2.303700
16 -9.472500 0.976498 13.208400 0.156252 0.987667 0.009920 -0.811100 -2.299300
larry.png
16 -9.539999 -1.259102 13.208400 0.261515 -0.946862 -0.187249 -0.809900 -2.299300
16 -9.315900 -1.065602 12.989700 0.472490 -0.724543 -0.501788 -0.813900 -2.295000
16 -9.138600 -1.499402 13.207500 0.383327 -0.284503 -0.878703 -0.816500 -2.299300
larry.png
16 -9.138600 -1.499402 13.207500 0.314543 -0.312847 0.896208 -0.816500 -2.299300
16 -9.315900 -1.069202 13.419900 0.451323 -0.720306 0.526752 -0.813900 -2.303500
16 -9.539999 -1.259102 13.208400 0.263278 -0.946261 0.187816 -0.809900 -2.299300
larry.png
16 -9.138600 -1.499402 13.207500 0.808807 -0.221347 0.544828 -0.816500 -2.299300
16 -9.180000 -1.058402 13.238101 0.860969 -0.506170 0.050243 -0.816400 -2.299900
16 -9.315900 -1.069202 13.419900 0.451323 -0.720306 0.526752 -0.813900 -2.303500
larry.png
16 -9.138600 -1.499402 13.207500 0.869598 -0.242537 -0.430087 -0.816500 -2.299300
16 -9.315900 -1.065602 12.989700 0.472490 -0.724543 -0.501788 -0.813900 -2.295000
16 -9.180000 -1.058402 13.238101 0.860969 -0.506170 0.050243 -0.816400 -2.299900
larry.png
16 -9.119699 -0.126902 12.285000 0.765516 -0.248462 -0.593508 -0.817500 -2.281200
16 -9.315900 -0.343802 12.266100 0.450426 -0.522805 -0.723734 -0.813900 -2.280900
16 -9.178200 -0.125102 11.894400 0.236683 -0.873178 -0.426077 -0.815800 -2.275000
larry.png
16 -9.178200 -0.125102 11.894400 0.193662 0.914961 -0.354037 -0.815800 -2.275000
16 -9.315900 0.042298 12.251699 0.439379 0.550587 -0.709789 -0.813900 -2.280600
16 -9.119699 -0.126902 12.285000 0.736891 0.330175 -0.589895 -0.817500 -2.281200
larry.png
16 -9.178200 -0.125102 11.894400 0.193662 0.914961 -0.354037 -0.815800 -2.275000
16 -9.490499 -0.127802 12.096900 0.208333 0.346606 -0.914583 -0.810800 -2.277600
16 -9.315900 0.042298 12.251699 0.439379 0.550587 -0.709789 -0.813900 -2.280600
larry.png
16 -9.178200 -0.125102 11.894400 0.236683 -0.873178 -0.426077 -0.815800 -2.275000
16 -9.315900 -0.343802 12.266100 0.450426 -0.522805 -0.723734 -0.813900 -2.280900
16 -9.490499 -0.127802 12.096900 0.248123 -0.170456 -0.953614 -0.810800 -2.277600
larry.png
16 -10.351800 -1.638902 11.698200 0.730608 0.016951 -0.682586 -0.794200 -2.271300
16 -10.556100 -0.912602 11.973600 0.255527 -0.171204 -0.951523 -0.791500 -2.275100
16 -10.287900 -1.154701 12.182401 0.640334 -0.558250 -0.527570 -0.796300 -2.279200
larry.png
16 -10.351800 -1.638902 11.698200 0.182484 0.393059 -0.901224 -0.794200 -2.271300
16 -10.834200 -1.292402 12.048301 -0.068348 -0.128382 -0.989367 -0.786500 -2.276600
16 -10.556100 -0.912602 11.973600 0.255527 -0.171204 -0.951523 -0.791500 -2.275100
larry.png
16 -10.834200 -1.292402 12.048301 -0.038098 -0.995521 -0.086520 -0.786500 -2.276600
16 -10.351800 -1.638902 11.698200 0.148633 -0.873107 0.464319 -0.794200 -2.271300
16 -10.556100 -1.332902 12.339001 0.251931 -0.957422 -0.140971 -0.791500 -2.282300
larry.png
16 -10.351800 -1.638902 11.698200 0.687552 -0.704494 0.175958 -0.794200 -2.271300
16 -10.287900 -1.154701 12.182401 0.640334 -0.558250 -0.527570 -0.796300 -2.279200
16 -10.556100 -1.332902 12.339001 0.251931 -0.957422 -0.140971 -0.791500 -2.282300
larry.png
17 -15.219900 -0.127802 11.809799 0.576109 0.184427 -0.796295 -0.705600 -2.271000
17 -15.651899 0.665098 11.692801 0.256724 0.515780 -0.817351 -0.697000 -2.268900
17 -15.725700 1.480498 12.681001 0.041797 0.783523 -0.619955 -0.695600 -2.288800
larry.png
17 -14.796000 -0.127802 11.618100 -0.003409 -0.181118 -0.983455 -0.712900 -2.270300
17 -14.879701 -0.760502 11.978100 0.153635 -0.474567 -0.866708 -0.711300 -2.274700
17 -15.219900 -0.127802 11.809799 0.200710 -0.084303 -0.976017 -0.705600 -2.271000
larry.png
17 -14.503500 -0.127802 12.020400 0.323169 -0.196285 -0.925761 -0.718200 -2.275500
17 -14.879701 -0.760502 11.978100 0.153635 -0.474567 -0.866708 -0.711300 -2.274700
17 -14.796000 -0.127802 11.618100 0.493629 -0.187650 -0.849186 -0.712900 -2.270300
larry.png
17 -14.112000 -0.127802 11.724300 -0.211385 -0.171294 -0.962276 -0.725500 -2.271000
17 -14.114700 -0.640802 12.011400 -0.112110 -0.447235 -0.887362 -0.725400 -2.275300
17 -14.503500 -0.127802 12.020400 -0.099927 -0.081857 -0.991622 -0.718200 -2.275500
larry.png
11 6.634800 -0.304202 13.100400 -0.006654 -0.875119 -0.483861 -0.870100 -2.296900
11 8.052299 -0.356402 13.068000 -0.139047 -0.912858 -0.383871 -0.865700 -2.296900
11 8.052299 -0.356402 13.348800 -0.107315 -0.917003 0.384172 -0.865700 -2.301700
larry.png
11 6.634800 -0.304202 13.316400 0.011137 -0.875632 0.482850 -0.870100 -2.301700
11 8.052299 -0.356402 13.348800 -0.107315 -0.917003 0.384172 -0.865700 -2.301700
11 8.052299 -0.127802 13.490101 -0.140727 -0.089307 0.986012 -0.865700 -2.304200
larry.png
12 9.315900 -0.298802 12.251700 -0.439666 -0.549588 -0.710385 -0.813900 -2.280600
12 9.315900 -0.826202 12.510900 -0.526533 -0.600943 -0.601357 -0.813900 -2.285700
12 8.489700 -0.428402 13.024799 -0.491585 -0.706169 -0.509577 -0.829500 -2.295600
larry.png
12 9.315900 -0.298802 12.251700 -0.439666 -0.549588 -0.710385 -0.813900 -2.280600
12 8.489700 -0.428402 13.024799 -0.491585 -0.706169 -0.509577 -0.829500 -2.295600
12 8.489700 -0.127802 12.816900 -0.537350 -0.010300 -0.843297 -0.829500 -2.291500
larry.png
12 9.315900 -0.298802 12.251700 -0.439666 -0.549588 -0.710385 -0.813900 -2.280600
12 8.489700 -0.127802 12.816900 -0.537350 -0.010300 -0.843297 -0.829500 -2.291500
12 9.119699 -0.128702 12.285000 -0.852568 -0.044681 -0.520703 -0.817500 -2.281200
larry.png
12 9.135900 -1.408502 13.208400 -0.772113 -0.382062 0.507809 -0.816500 -2.299300
12 9.315900 -1.062002 13.433400 -0.419607 -0.740137 0.525478 -0.813900 -2.303700
12 9.143100 -1.026002 13.246200 -0.839065 -0.541578 0.051601 -0.817000 -2.300100
larry.png
11 8.288100 -0.398702 13.042800 -0.186488 -0.858041 -0.478526 -0.861400 -2.296800
12 8.489700 -0.428402 13.024799 -0.491585 -0.706169 -0.509577 -0.829500 -2.295600
12 8.489700 -0.428402 13.392900 -0.483852 -0.775318 0.405919 -0.829500 -2.303000
larry.png
11 8.052299 -0.356402 13.068000 -0.139047 -0.912858 -0.383871 -0.865700 -2.296900
11 8.288100 -0.398702 13.042800 -0.186488 -0.858041 -0.478526 -0.861400 -2.296800
11 8.288100 -0.398702 13.374000 -0.204128 -0.819191 0.535964 -0.861400 -2.301900
larry.png
11 8.052299 -0.356402 13.068000 -0.139047 -0.912858 -0.383871 -0.865700 -2.296900
11 8.288100 -0.398702 13.374000 -0.204128 -0.819191 0.535964 -0.861400 -2.301900
11 8.052299 -0.356402 13.348800 -0.107315 -0.917003 0.384172 -0.865700 -2.301700
larry.png
11 8.288100 -0.398702 13.374000 -0.204128 -0.819191 0.535964 -0.861400 -2.301900
11 8.288100 -0.398702 13.042800 -0.186488 -0.858041 -0.478526 -0.861400 -2.296800
12 8.489700 -0.428402 13.392900 -0.483852 -0.775318 0.405919 -0.829500 -2.303000
larry.png
11 8.052299 -0.356402 13.348800 -0.107315 -0.917003 0.384172 -0.865700 -2.301700
11 8.288100 -0.398702 13.374000 -0.204128 -0.819191 0.535964 -0.861400 -2.301900
11 8.052299 -0.127802 13.490101 -0.140727 -0.089307 0.986012 -0.865700 -2.304200
larry.png
11 8.288100 -0.127802 13.541401 -0.245851 0.000735 0.969307 -0.861400 -2.304400
11 8.288100 -0.398702 13.374000 -0.204128 -0.819191 0.535964 -0.861400 -2.301900
12 8.489700 -0.127802 13.599900 -0.467210 0.003064 0.884141 -0.829500 -2.307200
larry.png
11 8.288100 -0.398702 13.374000 -0.204128 -0.819191 0.535964 -0.861400 -2.301900
11 8.288100 -0.127802 13.541401 -0.245851 0.000735 0.969307 -0.861400 -2.304400
11 8.052299 -0.127802 13.490101 -0.140727 -0.089307 0.986012 -0.865700 -2.304200
larry.png
11 8.288100 -0.127802 12.876300 -0.222626 0.000718 -0.974904 -0.861400 -2.294300
12 8.489700 -0.127802 12.816900 -0.537350 -0.010300 -0.843297 -0.829500 -2.291500
12 8.489700 -0.428402 13.024799 -0.491585 -0.706169 -0.509577 -0.829500 -2.295600
larry.png
11 8.288100 -0.127802 12.876300 -0.222626 0.000718 -0.974904 -0.861400 -2.294300
12 8.489700 -0.428402 13.024799 -0.491585 -0.706169 -0.509577 -0.829500 -2.295600
11 8.288100 -0.398702 13.042800 -0.186488 -0.858041 -0.478526 -0.861400 -2.296800
larry.png
11 8.052299 -0.127802 12.926701 -0.128717 0.000909 -0.991681 -0.865700 -2.294500
11 8.288100 -0.398702 13.042800 -0.186488 -0.858041 -0.478526 -0.861400 -2.296800
11 8.052299 -0.356402 13.068000 -0.139047 -0.912858 -0.383871 -0.865700 -2.296900
larry.png
11 8.052299 -0.127802 12.926701 -0.128717 0.000909 -0.991681 -0.865700 -2.294500
11 8.052299 -0.356402 13.068000 -0.139047 -0.912858 -0.383871 -0.865700 -2.296900
11 6.634800 -0.304202 13.100400 -0.006654 -0.875119 -0.483861 -0.870100 -2.296900
larry.png
12 10.219500 -1.131302 12.205800 -0.604614 -0.569317 -0.557064 -0.797600 -2.279700
12 9.315900 -0.826202 12.510900 -0.526533 -0.600943 -0.601357 -0.813900 -2.285700
12 9.315900 -0.298802 12.251700 -0.439666 -0.549588 -0.710385 -0.813900 -2.280600
larry.png
12 9.050400 -0.121502 14.081400 -0.879406 0.023202 0.475507 -0.818700 -2.316400
12 8.489700 -0.127802 13.599900 -0.467210 0.003064 0.884141 -0.829500 -2.307200
12 9.303300 -0.387002 14.143499 -0.465357 -0.538440 0.702513 -0.814100 -2.317600
larry.png
12 9.055799 -0.124202 14.600700 -0.250086 -0.891732 0.377188 -0.817900 -2.325000
12 9.050400 -0.121502 14.081400 -0.778650 -0.273554 0.564687 -0.818700 -2.316400
12 9.303300 -0.387002 14.143499 -0.465357 -0.538440 0.702513 -0.814100 -2.317600
larry.png
12 9.135900 -1.408502 13.208400 -0.821693 -0.400718 -0.405273 -0.816500 -2.299300
12 9.143100 -1.026002 13.246200 -0.839065 -0.541578 0.051601 -0.817000 -2.300100
12 9.315900 -1.065602 12.991501 -0.456891 -0.738021 -0.496565 -0.813900 -2.295100
larry.png
12 10.557899 -0.920702 14.477400 -0.251357 -0.217522 0.943135 -0.791500 -2.324200
12 10.412101 -1.558802 14.605200 -0.166118 0.230008 0.958906 -0.793200 -2.325100
12 10.890000 -1.273502 14.355901 -0.023169 -0.596349 0.802391 -0.785500 -2.321800
larry.png
13 11.757600 -0.127802 14.908500 -0.495142 -0.003046 0.868807 -0.769000 -2.333400
12 10.890000 -1.273502 14.355901 0.071937 -0.726667 0.683213 -0.785500 -2.321800
13 11.757600 -1.319402 14.511600 -0.385719 -0.700981 0.599872 -0.769000 -2.325500
larry.png
13 12.066300 -1.212302 14.853601 -0.565135 -0.628593 0.534316 -0.763300 -2.332300
13 11.757600 -0.127802 14.908500 -0.495142 -0.003046 0.868807 -0.769000 -2.333400
13 11.757600 -1.319402 14.511600 -0.385719 -0.700981 0.599872 -0.769000 -2.325500
larry.png
13 12.066300 -1.212302 14.853601 -0.565135 -0.628593 0.534316 -0.763300 -2.332300
13 12.159900 -1.836002 13.766400 -0.287099 -0.938011 0.194190 -0.761600 -2.310500
13 12.950100 -2.005202 14.277600 -0.281657 -0.948596 0.144339 -0.747000 -2.320800
larry.png
13 12.066300 -1.212302 14.853601 -0.565135 -0.628593 0.534316 -0.763300 -2.332300
13 11.757600 -1.319402 14.511600 -0.385719 -0.700981 0.599872 -0.769000 -2.325500
13 12.159900 -1.836002 13.766400 -0.287099 -0.938011 0.194190 -0.761600 -2.310500
larry.png
12 10.556100 -0.812702 11.937600 -0.252492 -0.211650 -0.944167 -0.791500 -2.274400
13 11.757600 -0.127802 11.571300 -0.363931 -0.000313 -0.931426 -0.769000 -2.266500
12 10.856700 -1.296002 12.044700 0.051603 -0.714913 -0.697306 -0.786100 -2.276500
larry.png
13 12.555900 -1.365301 11.475900 -0.245867 -0.827748 -0.504363 -0.754300 -2.264600
13 11.757600 -0.127802 11.571300 -0.363931 -0.000313 -0.931426 -0.769000 -2.266500
14 12.360600 -0.127801 10.542600 -0.686466 0.000155 -0.727162 -0.757900 -2.245900
larry.png
13 11.757600 -1.761302 13.212001 -0.164413 -0.986381 0.004529 -0.769000 -2.299400
13 11.757600 -1.319402 14.511600 -0.385719 -0.700981 0.599872 -0.769000 -2.325500
12 10.890000 -1.273502 14.355901 0.071937 -0.726667 0.683213 -0.785500 -2.321800
larry.png
12 10.856700 -1.296002 12.044700 0.051603 -0.714913 -0.697306 -0.786100 -2.276500
13 11.757600 -1.423802 11.926800 -0.220628 -0.775854 -0.591078 -0.769000 -2.273600
13 11.757600 -1.761302 13.212001 -0.164413 -0.986381 0.004529 -0.769000 -2.299400
larry.png
13 11.757600 -1.761302 13.212001 -0.164413 -0.986381 0.004529 -0.769000 -2.299400
13 12.159900 -1.836002 13.766400 -0.287099 -0.938011 0.194190 -0.761600 -2.310500
13 11.757600 -1.319402 14.511600 -0.385719 -0.700981 0.599872 -0.769000 -2.325500
larry.png
13 11.757600 -1.761302 13.212001 -0.164413 -0.986381 0.004529 -0.769000 -2.299400
13 11.757600 -1.423802 11.926800 -0.220628 -0.775854 -0.591078 -0.769000 -2.273600
13 12.701699 -1.781102 12.960899 0.055806 -0.953127 -0.297379 -0.751600 -2.294400
larry.png
13 12.701699 -1.781102 12.960899 0.055806 -0.953127 -0.297379 -0.751600 -2.294400
13 12.159900 -1.836002 13.766400 -0.287099 -0.938011 0.194190 -0.761600 -2.310500
13 11.757600 -1.761302 13.212001 -0.164413 -0.986381 0.004529 -0.769000 -2.299400
larry.png
12 10.567801 -1.346402 13.946400 -0.256739 -0.945538 0.200108 -0.791300 -2.313800
13 11.757600 -1.761302 13.212001 -0.164413 -0.986381 0.004529 -0.769000 -2.299400
12 10.890000 -1.273502 14.355901 0.071937 -0.726667 0.683213 -0.785500 -2.321800
larry.png
13 11.757600 -0.127802 11.571300 -0.363931 -0.000313 -0.931426 -0.769000 -2.266500
13 11.757600 -1.423802 11.926800 -0.220628 -0.775854 -0.591078 -0.769000 -2.273600
12 10.856700 -1.296002 12.044700 0.051603 -0.714913 -0.697306 -0.786100 -2.276500
larry.png
11 6.634800 0.047698 13.316400 0.000443 0.924383 0.381465 -0.870100 -2.301700
11 8.052299 0.099898 13.348800 -0.123508 0.867737 0.481433 -0.865700 -2.301700
11 8.052299 0.099898 13.068000 -0.107310 0.917255 -0.383572 -0.865700 -2.296900
larry.png
11 6.634800 -0.127802 13.428900 0.020557 0.089726 0.995754 -0.870100 -2.304200
11 8.052299 -0.127802 13.490101 -0.140727 -0.089307 0.986012 -0.865700 -2.304200
11 8.052299 0.099898 13.348800 -0.123508 0.867737 0.481433 -0.865700 -2.301700
larry.png
12 8.489700 0.171898 13.024799 -0.491948 0.705863 -0.509651 -0.829500 -2.295600
12 9.315900 0.569698 12.510900 -0.526509 0.604376 -0.597928 -0.813900 -2.285700
12 9.315900 0.087298 12.266100 -0.450219 0.523643 -0.723257 -0.813900 -2.280900
larry.png
12 8.489700 -0.127802 12.816900 -0.537350 -0.010300 -0.843297 -0.829500 -2.291500
12 8.489700 0.171898 13.024799 -0.491948 0.705863 -0.509651 -0.829500 -2.295600
12 9.315900 0.087298 12.266100 -0.450219 0.523643 -0.723257 -0.813900 -2.280900
larry.png
12 8.489700 -0.127802 12.816900 -0.537350 -0.010300 -0.843297 -0.829500 -2.291500
12 9.315900 0.087298 12.266100 -0.450219 0.523643 -0.723257 -0.813900 -2.280900
12 9.119699 -0.128702 12.285000 -0.852568 -0.044681 -0.520703 -0.817500 -2.281200
larry.png
12 8.489700 0.171898 13.392900 -0.483720 0.776038 0.404698 -0.829500 -2.303000
12 9.315900 0.569698 13.905900 -0.525513 0.619125 0.583540 -0.813900 -2.313000
12 9.315900 0.812698 13.419900 -0.451323 0.720305 0.526752 -0.813900 -2.303500
larry.png
12 8.489700 0.171898 13.392900 -0.483720 0.776038 0.404698 -0.829500 -2.303000
12 9.315900 0.812698 13.419900 -0.451323 0.720305 0.526752 -0.813900 -2.303500
12 9.180000 0.801898 13.238100 -0.860969 0.506170 0.050242 -0.816400 -2.299900
larry.png
12 8.489700 0.171898 13.024799 -0.491948 0.705863 -0.509651 -0.829500 -2.295600
12 8.489700 0.171898 13.392900 -0.483720 0.776038 0.404698 -0.829500 -2.303000
12 9.180000 0.801898 13.238100 -0.860969 0.506170 0.050242 -0.816400 -2.299900
larry.png
12 8.489700 0.171898 13.392900 -0.483720 0.776038 0.404698 -0.829500 -2.303000
12 8.489700 0.171898 13.024799 -0.491948 0.705863 -0.509651 -0.829500 -2.295600
11 8.288100 0.142198 13.042800 -0.187963 0.893293 -0.408285 -0.861400 -2.296800
larry.png
11 8.052299 0.099898 13.348800 -0.123508 0.867737 0.481433 -0.865700 -2.301700
12 8.288100 0.142198 13.374000 -0.202141 0.760880 0.616604 -0.861400 -2.301900
11 8.288100 0.142198 13.042800 -0.187963 0.893293 -0.408285 -0.861400 -2.296800
larry.png
11 8.052299 -0.127802 13.490101 -0.140727 -0.089307 0.986012 -0.865700 -2.304200
12 8.288100 0.142198 13.374000 -0.202141 0.760880 0.616604 -0.861400 -2.301900
11 8.052299 0.099898 13.348800 -0.123508 0.867737 0.481433 -0.865700 -2.301700
larry.png
12 8.489700 -0.127802 13.599900 -0.467210 0.003064 0.884141 -0.829500 -2.307200
12 8.489700 0.171898 13.392900 -0.483720 0.776038 0.404698 -0.829500 -2.303000
12 8.288100 0.142198 13.374000 -0.202141 0.760880 0.616604 -0.861400 -2.301900
larry.png
12 8.489700 -0.127802 13.599900 -0.467210 0.003064 0.884141 -0.829500 -2.307200
12 8.288100 0.142198 13.374000 -0.202141 0.760880 0.616604 -0.861400 -2.301900
11 8.288100 -0.127802 13.541401 -0.245851 0.000735 0.969307 -0.861400 -2.304400
larry.png
11 8.052299 -0.127802 13.490101 -0.140727 -0.089307 0.986012 -0.865700 -2.304200
11 8.288100 -0.127802 13.541401 -0.245851 0.000735 0.969307 -0.861400 -2.304400
12 8.288100 0.142198 13.374000 -0.202141 0.760880 0.616604 -0.861400 -2.301900
larry.png
12 8.489700 0.171898 13.024799 -0.491948 0.705863 -0.509651 -0.829500 -2.295600
12 8.489700 -0.127802 12.816900 -0.537350 -0.010300 -0.843297 -0.829500 -2.291500
11 8.288100 -0.127802 12.876300 -0.222626 0.000718 -0.974904 -0.861400 -2.294300
larry.png
11 6.634800 0.047698 13.100400 0.011017 0.875562 -0.482981 -0.870100 -2.296900
11 8.052299 0.099898 13.068000 -0.107310 0.917255 -0.383572 -0.865700 -2.296900
11 8.052299 -0.127802 12.926701 -0.128717 0.000909 -0.991681 -0.865700 -2.294500
larry.png
11 6.634800 0.047698 13.100400 0.011017 0.875562 -0.482981 -0.870100 -2.296900
11 8.052299 -0.127802 12.926701 -0.128717 0.000909 -0.991681 -0.865700 -2.294500
11 6.634800 -0.127802 12.988800 0.031684 0.000986 -0.999497 -0.870100 -2.294500
larry.png
12 9.315900 0.087298 12.266100 -0.450219 0.523643 -0.723257 -0.813900 -2.280900
12 9.315900 0.569698 12.510900 -0.526509 0.604376 -0.597928 -0.813900 -2.285700
12 10.287900 0.898198 12.182400 -0.640334 0.558250 -0.527570 -0.796300 -2.279200
larry.png
12 9.315900 0.087298 12.266100 -0.450219 0.523643 -0.723257 -0.813900 -2.280900
12 10.287900 0.898198 12.182400 -0.640334 0.558250 -0.527570 -0.796300 -2.279200
12 10.556100 0.656098 11.973599 -0.255603 0.171484 -0.951452 -0.791500 -2.275100
larry.png
12 9.490499 -0.127802 12.096900 -0.248330 0.171436 -0.953384 -0.810800 -2.277600
12 9.315900 0.087298 12.266100 -0.450219 0.523643 -0.723257 -0.813900 -2.280900
12 10.556100 0.656098 11.973599 -0.255603 0.171484 -0.951452 -0.791500 -2.275100
larry.png
12 10.556100 0.656098 11.973599 -0.255603 0.171484 -0.951452 -0.791500 -2.275100
12 10.556100 -0.127802 11.694600 -0.229970 0.000486 -0.973198 -0.791500 -2.269700
12 9.490499 -0.127802 12.096900 -0.156206 -0.015286 -0.987606 -0.810800 -2.277600
larry.png
12 10.556100 -0.812702 11.937600 -0.252492 -0.211650 -0.944167 -0.791500 -2.274400
12 10.556100 -0.127802 11.694600 -0.229970 0.000486 -0.973198 -0.791500 -2.269700
13 11.757600 -0.127802 11.571300 -0.363931 -0.000313 -0.931426 -0.769000 -2.266500
larry.png
12 9.490499 -0.127802 12.096900 -0.156206 -0.015286 -0.987606 -0.810800 -2.277600
12 10.556100 -0.127802 11.694600 -0.229970 0.000486 -0.973198 -0.791500 -2.269700
12 10.556100 -0.812702 11.937600 -0.252492 -0.211650 -0.944167 -0.791500 -2.274400
larry.png
13 11.757600 -0.127802 11.571300 -0.363931 -0.000313 -0.931426 -0.769000 -2.266500
12 10.556100 -0.127802 11.694600 -0.229970 0.000486 -0.973198 -0.791500 -2.269700
12 10.556100 0.656098 11.973599 -0.255603 0.171484 -0.951452 -0.791500 -2.275100
larry.png
12 9.304200 0.107998 14.160600 -0.453797 0.544071 0.705730 -0.814100 -2.318000
12 9.315900 0.569698 13.905900 -0.525513 0.619125 0.583540 -0.813900 -2.313000
12 8.489700 0.171898 13.392900 -0.483720 0.776038 0.404698 -0.829500 -2.303000
larry.png
12 9.304200 0.107998 14.160600 -0.453797 0.544071 0.705730 -0.814100 -2.318000
12 8.489700 0.171898 13.392900 -0.483720 0.776038 0.404698 -0.829500 -2.303000
12 8.489700 -0.127802 13.599900 -0.467210 0.003064 0.884141 -0.829500 -2.307200
larry.png
12 9.304200 0.107998 14.160600 -0.453797 0.544071 0.705730 -0.814100 -2.318000
12 8.489700 -0.127802 13.599900 -0.467210 0.003064 0.884141 -0.829500 -2.307200
12 9.050400 -0.121502 14.081400 -0.879406 0.023202 0.475507 -0.818700 -2.316400
larry.png
12 9.055799 -0.124202 14.600700 -0.223119 0.908480 0.353388 -0.817900 -2.325000
12 9.304200 0.107998 14.160600 -0.453797 0.544071 0.705730 -0.814100 -2.318000
12 9.050400 -0.121502 14.081400 -0.760929 0.309826 0.570083 -0.818700 -2.316400
larry.png
12 9.517500 -0.121502 14.352300 -0.250786 0.189762 0.949261 -0.810300 -2.321700
12 9.304200 0.107998 14.160600 -0.453797 0.544071 0.705730 -0.814100 -2.318000
12 9.055799 -0.124202 14.600700 -0.223119 0.908480 0.353388 -0.817900 -2.325000
larry.png
12 10.287900 0.898198 12.182400 -0.640334 0.558250 -0.527570 -0.796300 -2.279200
12 9.315900 0.569698 12.510900 -0.526509 0.604376 -0.597928 -0.813900 -2.285700
12 9.315900 0.809098 12.989700 -0.472489 0.724543 -0.501788 -0.813900 -2.295000
larry.png
12 9.315900 0.809098 12.989700 -0.472489 0.724543 -0.501788 -0.813900 -2.295000
12 9.315900 0.569698 12.510900 -0.526509 0.604376 -0.597928 -0.813900 -2.285700
12 8.489700 0.171898 13.024799 -0.491948 0.705863 -0.509651 -0.829500 -2.295600
larry.png
12 9.180000 0.801898 13.238100 -0.860969 0.506170 0.050242 -0.816400 -2.299900
12 9.315900 0.809098 12.989700 -0.472489 0.724543 -0.501788 -0.813900 -2.295000
12 8.489700 0.171898 13.024799 -0.491948 0.705863 -0.509651 -0.829500 -2.295600
larry.png
12 9.315900 0.809098 12.989700 -0.472489 0.724543 -0.501788 -0.813900 -2.295000
12 10.556100 1.076398 12.339001 -0.251931 0.957422 -0.140971 -0.791500 -2.282300
12 10.287900 0.898198 12.182400 -0.640334 0.558250 -0.527570 -0.796300 -2.279200
larry.png
12 9.315900 0.809098 12.989700 -0.472489 0.724543 -0.501788 -0.813900 -2.295000
12 9.539999 1.002598 13.208400 -0.173260 0.984876 0.000869 -0.809900 -2.299300
12 10.556100 1.076398 12.339001 -0.251931 0.957422 -0.140971 -0.791500 -2.282300
larry.png
12 9.539999 1.002598 13.208400 -0.173260 0.984876 0.000869 -0.809900 -2.299300
12 10.556100 1.385998 13.208400 -0.228085 0.973641 -0.000326 -0.791500 -2.299300
12 10.556100 1.076398 12.339001 -0.251931 0.957422 -0.140971 -0.791500 -2.282300
larry.png
12 10.403100 1.285198 14.625900 -0.655613 0.752238 -0.065649 -0.793300 -2.325500
12 10.556100 1.071898 14.092199 -0.235771 0.956848 0.169865 -0.791500 -2.316600
12 10.314000 0.907198 14.243400 -0.629226 0.570763 0.527545 -0.795900 -2.319600
larry.png
12 10.834200 1.035898 12.048301 -0.030587 0.568216 -0.822311 -0.786500 -2.276600
13 11.757600 1.167298 11.926800 -0.220921 0.775843 -0.590984 -0.769000 -2.273600
13 11.757600 -0.127802 11.571300 -0.363931 -0.000313 -0.931426 -0.769000 -2.266500
larry.png
12 10.834200 1.035898 12.048301 -0.030587 0.568216 -0.822311 -0.786500 -2.276600
13 11.757600 -0.127802 11.571300 -0.363931 -0.000313 -0.931426 -0.769000 -2.266500
12 10.556100 0.656098 11.973599 -0.255603 0.171484 -0.951452 -0.791500 -2.275100
larry.png
12 10.773001 1.006198 14.363100 -0.006458 0.576249 0.817249 -0.787600 -2.321900
12 10.403100 1.285198 14.625900 -0.177398 -0.331931 0.926473 -0.793300 -2.325500
12 10.556100 0.675898 14.436900 -0.257614 0.193361 0.946703 -0.791500 -2.323400
larry.png
12 10.556100 1.076398 12.339001 -0.251931 0.957422 -0.140971 -0.791500 -2.282300
12 10.556100 1.385998 13.208400 -0.228085 0.973641 -0.000326 -0.791500 -2.299300
13 11.757600 1.504798 13.212001 -0.160439 0.987037 0.004210 -0.769000 -2.299400
larry.png
12 10.834200 1.035898 12.048301 -0.047851 0.838971 -0.542068 -0.786500 -2.276600
12 10.556100 1.076398 12.339001 -0.251931 0.957422 -0.140971 -0.791500 -2.282300
13 11.757600 1.504798 13.212001 -0.160439 0.987037 0.004210 -0.769000 -2.299400
larry.png
12 10.834200 1.035898 12.048301 -0.047851 0.838971 -0.542068 -0.786500 -2.276600
13 11.757600 1.504798 13.212001 -0.160439 0.987037 0.004210 -0.769000 -2.299400
13 11.757600 1.167298 11.926800 -0.220921 0.775843 -0.590984 -0.769000 -2.273600
larry.png
12 10.403100 1.285198 14.625900 -0.112009 0.911260 -0.396306 -0.793300 -2.325500
12 10.773001 1.006198 14.363100 0.103535 0.981878 0.158734 -0.787600 -2.321900
12 10.556100 1.071898 14.092199 -0.235771 0.956848 0.169865 -0.791500 -2.316600
larry.png
13 12.440701 1.028698 15.297300 -0.626197 0.483112 0.611948 -0.756400 -2.341200
13 12.066300 0.955798 14.853601 -0.565098 0.628651 0.534287 -0.763300 -2.332300
13 11.757600 -0.127802 14.908500 -0.495142 -0.003046 0.868807 -0.769000 -2.333400
larry.png
13 12.950100 1.748698 14.277600 -0.281657 0.948596 0.144340 -0.747000 -2.320800
13 12.066300 0.955798 14.853601 -0.565098 0.628651 0.534287 -0.763300 -2.332300
13 12.440701 1.028698 15.297300 -0.626197 0.483112 0.611948 -0.756400 -2.341200
larry.png
13 11.757600 1.062898 14.511600 -0.379782 0.702600 0.601763 -0.769000 -2.325500
13 11.757600 -0.127802 14.908500 -0.495142 -0.003046 0.868807 -0.769000 -2.333400
13 12.066300 0.955798 14.853601 -0.565098 0.628651 0.534287 -0.763300 -2.332300
larry.png
13 12.159900 1.579498 13.766400 -0.287100 0.938011 0.194191 -0.761600 -2.310500
13 11.757600 1.062898 14.511600 -0.379782 0.702600 0.601763 -0.769000 -2.325500
13 12.066300 0.955798 14.853601 -0.565098 0.628651 0.534287 -0.763300 -2.332300
larry.png
14 12.360600 -0.127801 10.542600 -0.686466 0.000155 -0.727162 -0.757900 -2.245900
13 11.757600 -0.127802 11.571300 -0.363931 -0.000313 -0.931426 -0.769000 -2.266500
13 12.555900 1.108798 11.475900 -0.245773 0.827821 -0.504290 -0.754300 -2.264600
larry.png
11 6.634800 -0.304202 13.316400 0.011137 -0.875632 0.482850 -0.870100 -2.301700
11 4.156200 -0.442802 13.401000 -0.198638 -0.817993 0.539843 -0.909600 -2.303200
11 4.156200 -0.442802 13.015800 -0.134519 -0.829370 -0.542264 -0.909600 -2.295500
larry.png
11 6.634800 -0.304202 13.316400 0.011137 -0.875632 0.482850 -0.870100 -2.301700
11 4.156200 -0.442802 13.015800 -0.134519 -0.829370 -0.542264 -0.909600 -2.295500
11 6.634800 -0.304202 13.100400 -0.006654 -0.875119 -0.483861 -0.870100 -2.296900
larry.png
11 6.634800 -0.127802 13.428900 0.020557 0.089726 0.995754 -0.870100 -2.304200
11 4.156200 -0.442802 13.401000 -0.198638 -0.817993 0.539843 -0.909600 -2.303200
11 6.634800 -0.304202 13.316400 0.011137 -0.875632 0.482850 -0.870100 -2.301700
larry.png
11 6.634800 -0.127802 13.428900 0.020557 0.089726 0.995754 -0.870100 -2.304200
11 4.156200 -0.127802 13.599900 -0.175790 0.000652 0.984428 -0.909600 -2.307200
11 4.156200 -0.442802 13.401000 -0.198638 -0.817993 0.539843 -0.909600 -2.303200
larry.png
11 6.634800 -0.304202 13.100400 -0.006654 -0.875119 -0.483861 -0.870100 -2.296900
11 4.156200 -0.442802 13.015800 -0.134519 -0.829370 -0.542264 -0.909600 -2.295500
11 6.634800 -0.127802 12.988800 0.031684 0.000986 -0.999497 -0.870100 -2.294500
larry.png
11 6.634800 0.047698 13.100400 0.011017 0.875562 -0.482981 -0.870100 -2.296900
11 4.156200 0.186298 13.015800 -0.198885 0.817985 -0.539764 -0.909600 -2.295500
11 4.156200 0.186298 13.401000 -0.134159 0.830473 0.540663 -0.909600 -2.303200
larry.png
11 6.634800 0.047698 13.100400 0.011017 0.875562 -0.482981 -0.870100 -2.296900
11 4.156200 0.186298 13.401000 -0.134159 0.830473 0.540663 -0.909600 -2.303200
11 6.634800 0.047698 13.316400 0.000443 0.924383 0.381465 -0.870100 -2.301700
larry.png
11 6.634800 0.047698 13.316400 0.000443 0.924383 0.381465 -0.870100 -2.301700
11 4.156200 0.186298 13.401000 -0.134159 0.830473 0.540663 -0.909600 -2.303200
11 6.634800 -0.127802 13.428900 0.020557 0.089726 0.995754 -0.870100 -2.304200
larry.png
11 4.156200 0.186298 13.401000 -0.134159 0.830473 0.540663 -0.909600 -2.303200
11 4.156200 -0.127802 13.599900 -0.175790 0.000652 0.984428 -0.909600 -2.307200
11 6.634800 -0.127802 13.428900 0.020557 0.089726 0.995754 -0.870100 -2.304200
larry.png
11 6.634800 -0.127802 12.988800 0.031684 0.000986 -0.999497 -0.870100 -2.294500
11 4.156200 0.186298 13.015800 -0.198885 0.817985 -0.539764 -0.909600 -2.295500
11 6.634800 0.047698 13.100400 0.011017 0.875562 -0.482981 -0.870100 -2.296900
larry.png
2 3.859200 -0.336602 13.080600 -0.668591 -0.696508 -0.260505 -0.915100 -2.296800
11 4.156200 -0.442802 13.015800 -0.134519 -0.829370 -0.542264 -0.909600 -2.295500
11 4.156200 -0.442802 13.401000 -0.198638 -0.817993 0.539843 -0.909600 -2.303200
larry.png
2 3.859200 -0.336602 13.080600 -0.668591 -0.696508 -0.260505 -0.915100 -2.296800
11 4.156200 -0.442802 13.401000 -0.198638 -0.817993 0.539843 -0.909600 -2.303200
2 3.859200 -0.336602 13.336200 -0.735514 -0.595094 0.323855 -0.915100 -2.301900
larry.png
11 4.156200 -0.442802 13.401000 -0.198638 -0.817993 0.539843 -0.909600 -2.303200
11 4.156200 -0.127802 13.599900 -0.175790 0.000652 0.984428 -0.909600 -2.307200
2 3.859200 -0.127802 13.468500 -0.649265 0.000680 0.760562 -0.915100 -2.304500
larry.png
2 3.859200 -0.336602 13.336200 -0.735514 -0.595094 0.323855 -0.915100 -2.301900
11 4.156200 -0.442802 13.401000 -0.198638 -0.817993 0.539843 -0.909600 -2.303200
2 3.859200 -0.127802 13.468500 -0.649265 0.000680 0.760562 -0.915100 -2.304500
larry.png
2 3.859200 -0.127802 12.949200 -0.649184 0.000679 -0.760631 -0.915100 -2.294100
11 4.156200 -0.442802 13.015800 -0.134519 -0.829370 -0.542264 -0.909600 -2.295500
2 3.859200 -0.336602 13.080600 -0.668591 -0.696508 -0.260505 -0.915100 -2.296800
larry.png
2 3.859200 0.080098 13.336200 -0.668025 0.697475 0.259365 -0.915100 -2.301900
11 4.156200 0.186298 13.401000 -0.134159 0.830473 0.540663 -0.909600 -2.303200
11 4.156200 0.186298 13.015800 -0.198885 0.817985 -0.539764 -0.909600 -2.295500
larry.png
2 3.859200 0.080098 13.336200 -0.668025 0.697475 0.259365 -0.915100 -2.301900
11 4.156200 0.186298 13.015800 -0.198885 0.817985 -0.539764 -0.909600 -2.295500
2 3.859200 0.080098 13.080600 -0.735155 0.595286 -0.324317 -0.915100 -2.296800
larry.png
2 3.859200 -0.127802 13.468500 -0.649265 0.000680 0.760562 -0.915100 -2.304500
11 4.156200 -0.127802 13.599900 -0.175790 0.000652 0.984428 -0.909600 -2.307200
11 4.156200 0.186298 13.401000 -0.134159 0.830473 0.540663 -0.909600 -2.303200
larry.png
2 3.859200 -0.127802 13.468500 -0.649265 0.000680 0.760562 -0.915100 -2.304500
11 4.156200 0.186298 13.401000 -0.134159 0.830473 0.540663 -0.909600 -2.303200
2 3.859200 0.080098 13.336200 -0.668025 0.697475 0.259365 -0.915100 -2.301900
larry.png
2 3.859200 0.080098 13.080600 -0.735155 0.595286 -0.324317 -0.915100 -2.296800
11 4.156200 0.186298 13.015800 -0.198885 0.817985 -0.539764 -0.909600 -2.295500
2 3.859200 -0.127802 12.949200 -0.649184 0.000679 -0.760631 -0.915100 -2.294100
larry.png
12 9.135900 -1.408502 13.208400 -0.258507 -0.428047 0.865997 -0.816500 -2.299300
12 9.472500 -1.233002 13.208400 -0.249212 -0.952004 0.177714 -0.811100 -2.299300
12 9.315900 -1.062002 13.433400 -0.419607 -0.740137 0.525478 -0.813900 -2.303700
larry.png
13 11.757600 -0.127802 14.908500 -0.495142 -0.003046 0.868807 -0.769000 -2.333400
12 10.556100 -0.127802 14.722200 -0.245551 0.020156 0.969174 -0.791500 -2.329000
12 10.557899 -0.920702 14.477400 -0.251357 -0.217522 0.943135 -0.791500 -2.324200
larry.png
12 9.055799 -0.124202 14.600700 -0.250086 -0.891732 0.377188 -0.817900 -2.325000
12 9.303300 -0.387002 14.143499 -0.465357 -0.538440 0.702513 -0.814100 -2.317600
12 9.517500 -0.121502 14.352300 -0.246015 -0.158447 0.956228 -0.810300 -2.321700
larry.png
12 8.489700 -0.428402 13.392900 -0.483852 -0.775318 0.405919 -0.829500 -2.303000
12 9.315900 -0.826202 13.905900 -0.515136 -0.622418 0.589262 -0.813900 -2.313000
12 9.303300 -0.387002 14.143499 -0.465357 -0.538440 0.702513 -0.814100 -2.317600
larry.png
12 9.315900 -1.062002 13.433400 -0.419607 -0.740137 0.525478 -0.813900 -2.303700
12 9.315900 -0.826202 13.905900 -0.515136 -0.622418 0.589262 -0.813900 -2.313000
12 8.489700 -0.428402 13.392900 -0.483852 -0.775318 0.405919 -0.829500 -2.303000
larry.png
12 9.303300 -0.387002 14.143499 -0.465357 -0.538440 0.702513 -0.814100 -2.317600
12 9.315900 -0.826202 13.905900 -0.515136 -0.622418 0.589262 -0.813900 -2.313000
12 10.248301 -1.094402 14.229900 -0.606206 -0.575909 0.548491 -0.797100 -2.319300
larry.png
12 9.517500 -0.121502 14.352300 -0.158626 0.017294 0.987187 -0.810300 -2.321700
12 9.303300 -0.387002 14.143499 -0.465357 -0.538440 0.702513 -0.814100 -2.317600
12 10.557899 -0.920702 14.477400 -0.251357 -0.217522 0.943135 -0.791500 -2.324200
larry.png
12 10.403100 1.285198 14.625900 -0.700529 0.074573 0.709717 -0.793300 -2.325500
12 10.314000 0.907198 14.243400 -0.629226 0.570763 0.527545 -0.795900 -2.319600
12 10.556100 0.675898 14.436900 -0.257614 0.193361 0.946703 -0.791500 -2.323400
larry.png
12 10.556100 0.675898 14.436900 -0.257614 0.193361 0.946703 -0.791500 -2.323400
12 9.517500 -0.121502 14.352300 -0.158626 0.017294 0.987187 -0.810300 -2.321700
12 10.556100 -0.127802 14.722200 -0.245551 0.020156 0.969174 -0.791500 -2.329000
larry.png
12 10.556100 0.675898 14.436900 -0.257614 0.193361 0.946703 -0.791500 -2.323400
12 9.304200 0.107998 14.160600 -0.453797 0.544071 0.705730 -0.814100 -2.318000
12 9.517500 -0.121502 14.352300 -0.158626 0.017294 0.987187 -0.810300 -2.321700
larry.png
12 10.556100 0.675898 14.436900 -0.257614 0.193361 0.946703 -0.791500 -2.323400
12 10.556100 -0.127802 14.722200 -0.245551 0.020156 0.969174 -0.791500 -2.329000
13 11.757600 -0.127802 14.908500 -0.495142 -0.003046 0.868807 -0.769000 -2.333400
larry.png
13 11.757600 -0.127802 14.908500 -0.495142 -0.003046 0.868807 -0.769000 -2.333400
13 11.757600 1.062898 14.511600 -0.379782 0.702600 0.601763 -0.769000 -2.325500
12 10.773001 1.006198 14.363100 -0.006458 0.576249 0.817249 -0.787600 -2.321900
larry.png
12 10.773001 1.006198 14.363100 -0.006458 0.576249 0.817249 -0.787600 -2.321900
12 10.556100 0.675898 14.436900 -0.257614 0.193361 0.946703 -0.791500 -2.323400
13 11.757600 -0.127802 14.908500 -0.495142 -0.003046 0.868807 -0.769000 -2.333400
larry.png
12 9.539999 1.002598 13.208400 -0.173260 0.984876 0.000869 -0.809900 -2.299300
12 9.315900 0.812698 13.419900 -0.451323 0.720305 0.526752 -0.813900 -2.303500
12 10.556100 1.071898 14.092199 -0.235771 0.956848 0.169865 -0.791500 -2.316600
larry.png
13 11.757600 1.504798 13.212001 -0.160439 0.987037 0.004210 -0.769000 -2.299400
12 10.556100 1.385998 13.208400 -0.228085 0.973641 -0.000326 -0.791500 -2.299300
12 10.556100 1.071898 14.092199 -0.235771 0.956848 0.169865 -0.791500 -2.316600
larry.png
12 10.556100 1.071898 14.092199 -0.235771 0.956848 0.169865 -0.791500 -2.316600
12 10.556100 1.385998 13.208400 -0.228085 0.973641 -0.000326 -0.791500 -2.299300
12 9.539999 1.002598 13.208400 -0.173260 0.984876 0.000869 -0.809900 -2.299300
larry.png
12 10.773001 1.006198 14.363100 0.104051 0.708489 0.698009 -0.787600 -2.321900
13 11.757600 1.062898 14.511600 -0.379782 0.702600 0.601763 -0.769000 -2.325500
13 11.757600 1.504798 13.212001 -0.160439 0.987037 0.004210 -0.769000 -2.299400
larry.png
12 10.773001 1.006198 14.363100 0.104051 0.708489 0.698009 -0.787600 -2.321900
13 11.757600 1.504798 13.212001 -0.160439 0.987037 0.004210 -0.769000 -2.299400
12 10.556100 1.071898 14.092199 -0.235771 0.956848 0.169865 -0.791500 -2.316600
larry.png
12 10.556100 0.675898 14.436900 -0.257614 0.193361 0.946703 -0.791500 -2.323400
12 10.314000 0.907198 14.243400 -0.629226 0.570763 0.527545 -0.795900 -2.319600
12 9.304200 0.107998 14.160600 -0.453797 0.544071 0.705730 -0.814100 -2.318000
larry.png
12 9.315900 0.812698 13.419900 -0.451323 0.720305 0.526752 -0.813900 -2.303500
12 9.315900 0.569698 13.905900 -0.525513 0.619125 0.583540 -0.813900 -2.313000
12 10.314000 0.907198 14.243400 -0.629226 0.570763 0.527545 -0.795900 -2.319600
larry.png
12 9.315900 0.812698 13.419900 -0.451323 0.720305 0.526752 -0.813900 -2.303500
12 10.314000 0.907198 14.243400 -0.629226 0.570763 0.527545 -0.795900 -2.319600
12 10.556100 1.071898 14.092199 -0.235771 0.956848 0.169865 -0.791500 -2.316600
larry.png
12 10.314000 0.907198 14.243400 -0.629226 0.570763 0.527545 -0.795900 -2.319600
12 9.315900 0.569698 13.905900 -0.525513 0.619125 0.583540 -0.813900 -2.313000
12 9.304200 0.107998 14.160600 -0.453797 0.544071 0.705730 -0.814100 -2.318000
larry.png
12 8.489700 -0.428402 13.024799 -0.491585 -0.706169 -0.509577 -0.829500 -2.295600
12 9.315900 -0.826202 12.510900 -0.526533 -0.600943 -0.601357 -0.813900 -2.285700
12 9.315900 -1.065602 12.991501 -0.456891 -0.738021 -0.496565 -0.813900 -2.295100
larry.png
12 9.315900 -1.065602 12.991501 -0.456891 -0.738021 -0.496565 -0.813900 -2.295100
12 9.315900 -0.826202 12.510900 -0.526533 -0.600943 -0.601357 -0.813900 -2.285700
12 10.219500 -1.131302 12.205800 -0.604614 -0.569317 -0.557064 -0.797600 -2.279700
larry.png
12 10.248301 -1.094402 14.229900 -0.606206 -0.575909 0.548491 -0.797100 -2.319300
12 9.315900 -0.826202 13.905900 -0.515136 -0.622418 0.589262 -0.813900 -2.313000
12 9.315900 -1.062002 13.433400 -0.419607 -0.740137 0.525478 -0.813900 -2.303700
larry.png
12 10.556100 -1.376101 12.457800 -0.250866 -0.948394 -0.193946 -0.791500 -2.284600
12 9.472500 -1.233002 13.208400 -0.156358 -0.987648 0.010194 -0.811100 -2.299300
12 9.315900 -1.065602 12.991501 -0.456891 -0.738021 -0.496565 -0.813900 -2.295100
larry.png
12 10.567801 -1.346402 13.946400 -0.256739 -0.945538 0.200108 -0.791300 -2.313800
12 9.315900 -1.062002 13.433400 -0.419607 -0.740137 0.525478 -0.813900 -2.303700
12 9.472500 -1.233002 13.208400 -0.156358 -0.987648 0.010194 -0.811100 -2.299300
larry.png
12 9.539999 1.002598 13.208400 -0.261515 0.946862 -0.187248 -0.809900 -2.299300
12 9.315900 0.809098 12.989700 -0.472489 0.724543 -0.501788 -0.813900 -2.295000
12 9.138600 1.242898 13.207500 -0.383325 0.284504 -0.878703 -0.816500 -2.299300
larry.png
12 9.138600 1.242898 13.207500 -0.314544 0.312846 0.896208 -0.816500 -2.299300
12 9.315900 0.812698 13.419900 -0.451323 0.720305 0.526752 -0.813900 -2.303500
12 9.539999 1.002598 13.208400 -0.263278 0.946261 0.187817 -0.809900 -2.299300
larry.png
12 9.138600 1.242898 13.207500 -0.808807 0.221347 0.544827 -0.816500 -2.299300
12 9.180000 0.801898 13.238100 -0.860969 0.506170 0.050242 -0.816400 -2.299900
12 9.315900 0.812698 13.419900 -0.451323 0.720305 0.526752 -0.813900 -2.303500
larry.png
12 9.138600 1.242898 13.207500 -0.869598 0.242537 -0.430088 -0.816500 -2.299300
12 9.315900 0.809098 12.989700 -0.472489 0.724543 -0.501788 -0.813900 -2.295000
12 9.180000 0.801898 13.238100 -0.860969 0.506170 0.050242 -0.816400 -2.299900
larry.png
12 9.119699 -0.128702 12.285000 -0.764913 0.250482 -0.593437 -0.817500 -2.281200
12 9.315900 0.087298 12.266100 -0.450219 0.523643 -0.723257 -0.813900 -2.280900
12 9.178200 -0.130502 11.894400 -0.236097 0.874020 -0.424672 -0.815800 -2.275000
larry.png
12 9.178200 -0.130502 11.894400 -0.194411 -0.914165 -0.355677 -0.815800 -2.275000
12 9.490499 -0.127802 12.096900 -0.207882 -0.345549 -0.915085 -0.810800 -2.277600
12 9.315900 -0.298802 12.251700 -0.439666 -0.549588 -0.710385 -0.813900 -2.280600
larry.png
12 9.178200 -0.130502 11.894400 -0.236097 0.874020 -0.424672 -0.815800 -2.275000
12 9.315900 0.087298 12.266100 -0.450219 0.523643 -0.723257 -0.813900 -2.280900
12 9.490499 -0.127802 12.096900 -0.248330 0.171436 -0.953384 -0.810800 -2.277600
larry.png
12 10.351800 1.382398 11.698200 -0.730609 -0.016949 -0.682586 -0.794200 -2.271300
12 10.556100 0.656098 11.973599 -0.255603 0.171484 -0.951452 -0.791500 -2.275100
12 10.287900 0.898198 12.182400 -0.640334 0.558250 -0.527570 -0.796300 -2.279200
larry.png
12 10.834200 1.035898 12.048301 0.038098 0.995521 -0.086520 -0.786500 -2.276600
12 10.351800 1.382398 11.698200 -0.148633 0.873107 0.464320 -0.794200 -2.271300
12 10.556100 1.076398 12.339001 -0.251931 0.957422 -0.140971 -0.791500 -2.282300
larry.png
12 10.351800 1.382398 11.698200 -0.687552 0.704494 0.175958 -0.794200 -2.271300
12 10.287900 0.898198 12.182400 -0.640334 0.558250 -0.527570 -0.796300 -2.279200
12 10.556100 1.076398 12.339001 -0.251931 0.957422 -0.140971 -0.791500 -2.282300
larry.png
5 0.972900 -1.749602 17.936100 0.483458 0.465871 0.741102 -0.279200 -1.458600
5 0.885600 -1.605602 17.702101 0.148819 0.988207 0.036045 -0.283200 -1.433700
5 0.757800 -1.676702 17.877600 -0.158711 0.835858 0.525502 -0.293700 -1.455900
larry.png
5 0.757800 -1.676702 17.877600 -0.158711 0.835858 0.525502 -0.293700 -1.455900
5 0.885600 -1.605602 17.702101 0.148819 0.988207 0.036045 -0.283200 -1.433700
5 0.624600 -1.652402 17.691299 -0.578958 0.807224 0.114877 -0.301400 -1.432200
larry.png
5 0.624600 -1.652402 17.691299 -0.578958 0.807224 0.114877 -0.301400 -1.432200
5 0.517500 -1.865702 17.745300 -0.964031 0.185702 0.190157 -0.308900 -1.431500
5 0.605700 -1.791002 17.913599 -0.699193 0.274756 0.660029 -0.303900 -1.456400
larry.png
5 0.757800 -1.676702 17.877600 -0.158711 0.835858 0.525502 -0.293700 -1.455900
5 0.624600 -1.652402 17.691299 -0.578958 0.807224 0.114877 -0.301400 -1.432200
5 0.605700 -1.791002 17.913599 -0.699193 0.274756 0.660029 -0.303900 -1.456400
larry.png
5 0.605700 -1.791002 17.913599 -0.699193 0.274756 0.660029 -0.303900 -1.456400
5 0.517500 -1.865702 17.745300 -0.964031 0.185702 0.190157 -0.308900 -1.431500
5 0.628200 -2.082602 17.821800 -0.751547 -0.459321 0.473499 -0.301100 -1.432200
larry.png
5 1.103400 -1.758602 17.769600 0.834325 0.519210 0.185266 -0.268000 -1.435000
5 0.896400 -1.663202 17.544600 0.367651 0.893155 -0.259051 -0.279100 -1.395700
5 0.885600 -1.605602 17.702101 0.148819 0.988207 0.036045 -0.283200 -1.433700
larry.png
5 0.885600 -1.605602 17.702101 0.148819 0.988207 0.036045 -0.283200 -1.433700
5 0.627300 -1.691102 17.556301 -0.551510 0.802883 -0.226310 -0.299500 -1.395300
5 0.624600 -1.652402 17.691299 -0.578958 0.807224 0.114877 -0.301400 -1.432200
larry.png
5 0.627300 -1.691102 17.556301 -0.551510 0.802883 -0.226310 -0.299500 -1.395300
5 0.896400 -1.663202 17.544600 0.367651 0.893155 -0.259051 -0.279100 -1.395700
5 0.889200 -1.734302 17.273699 0.225986 0.956038 -0.186871 -0.280800 -1.359000
larry.png
5 0.885600 -1.605602 17.702101 0.148819 0.988207 0.036045 -0.283200 -1.433700
5 0.896400 -1.663202 17.544600 0.367651 0.893155 -0.259051 -0.279100 -1.395700
5 0.627300 -1.691102 17.556301 -0.551510 0.802883 -0.226310 -0.299500 -1.395300
larry.png
5 0.624600 -1.652402 17.691299 -0.578958 0.807224 0.114877 -0.301400 -1.432200
5 0.627300 -1.691102 17.556301 -0.551510 0.802883 -0.226310 -0.299500 -1.395300
5 0.517500 -1.865702 17.745300 -0.964031 0.185702 0.190157 -0.308900 -1.431500
larry.png
5 0.627300 -1.691102 17.556301 -0.551510 0.802883 -0.226310 -0.299500 -1.395300
5 0.630000 -1.778402 17.287199 -0.478823 0.876142 -0.055714 -0.299700 -1.359900
5 0.508500 -1.963802 17.294399 -0.978137 0.201147 -0.052800 -0.308600 -1.360300
larry.png
5 0.496800 -1.894502 17.606701 -0.988176 -0.141333 0.059432 -0.308800 -1.395300
5 0.610200 -2.151002 17.645401 -0.674059 -0.694877 0.250579 -0.300100 -1.405600
5 0.628200 -2.082602 17.821800 -0.751547 -0.459321 0.473499 -0.301100 -1.432200
larry.png
5 1.008900 -2.072702 17.856899 0.776014 -0.374448 0.507535 -0.274600 -1.434400
5 1.017000 -2.150102 17.658001 0.691766 -0.676411 0.252839 -0.269200 -1.406700
5 1.129500 -1.813502 17.589600 0.998255 0.051964 -0.028039 -0.261400 -1.396100
larry.png
5 0.618300 -2.158202 17.288099 -0.774026 -0.618713 -0.134454 -0.300600 -1.360000
5 0.527400 -1.922402 17.018101 -0.993734 -0.099001 0.051890 -0.307600 -1.318200
5 0.602100 -2.084402 16.994699 -0.657979 -0.709287 -0.252936 -0.302400 -1.317000
larry.png
5 0.795600 -2.253602 17.254799 -0.047970 -0.945998 -0.320604 -0.287000 -1.363700
5 0.736200 -2.150102 16.959600 -0.066947 -0.860864 -0.504412 -0.293300 -1.315100
5 0.874800 -2.068202 16.940701 0.640566 -0.532218 -0.553551 -0.283900 -1.314100
larry.png
5 0.889200 -1.734302 17.273699 0.225986 0.956038 -0.186871 -0.280800 -1.359000
5 0.948600 -1.843202 16.939800 0.827898 0.471361 -0.303980 -0.278900 -1.314100
5 0.783900 -1.729802 16.972200 0.165159 0.977275 0.132874 -0.288400 -1.315800
larry.png
5 0.630000 -1.778402 17.287199 -0.478823 0.876142 -0.055714 -0.299700 -1.359900
5 0.783900 -1.729802 16.972200 0.165159 0.977275 0.132874 -0.288400 -1.315800
5 0.604800 -1.764902 17.001900 -0.657655 0.709889 0.252087 -0.300600 -1.317300
larry.png
5 0.508500 -1.963802 17.294399 -0.978137 0.201147 -0.052800 -0.308600 -1.360300
5 0.630000 -1.778402 17.287199 -0.478823 0.876142 -0.055714 -0.299700 -1.359900
5 0.604800 -1.764902 17.001900 -0.657655 0.709889 0.252087 -0.300600 -1.317300
larry.png
5 0.508500 -1.963802 17.294399 -0.978137 0.201147 -0.052800 -0.308600 -1.360300
5 0.604800 -1.764902 17.001900 -0.657655 0.709889 0.252087 -0.300600 -1.317300
5 0.527400 -1.922402 17.018101 -0.993734 -0.099001 0.051890 -0.307600 -1.318200
larry.png
5 0.779400 -1.784702 17.994600 -0.121441 0.311773 0.942364 -0.292800 -1.462700
5 0.757800 -1.676702 17.877600 -0.158711 0.835858 0.525502 -0.293700 -1.455900
5 0.605700 -1.791002 17.913599 -0.699193 0.274756 0.660029 -0.303900 -1.456400
larry.png
5 1.029600 -2.185202 17.455500 0.702723 -0.710993 -0.025869 -0.271900 -1.382200
5 1.017000 -2.150102 17.658001 0.691766 -0.676411 0.252839 -0.269200 -1.406700
5 0.924300 -2.233802 17.585100 0.451344 -0.882481 0.132348 -0.278400 -1.393400
larry.png
5 0.924300 -2.233802 17.585100 0.451344 -0.882481 0.132348 -0.278400 -1.393400
5 1.017000 -2.150102 17.658001 0.691766 -0.676411 0.252839 -0.269200 -1.406700
5 0.810000 -2.271603 17.652601 -0.023824 -0.967835 0.250455 -0.285800 -1.402100
larry.png
5 0.783900 -1.729802 16.972200 0.165159 0.977275 0.132874 -0.288400 -1.315800
3 0.591300 -1.644302 16.775999 -0.225939 0.899205 0.374676 -0.300800 -1.274900
5 0.604800 -1.764902 17.001900 -0.657655 0.709889 0.252087 -0.300600 -1.317300
larry.png
3 0.449100 -1.776602 16.683300 -0.932954 0.219444 0.285379 -0.307400 -1.275500
5 0.527400 -1.922402 17.018101 -0.993734 -0.099001 0.051890 -0.307600 -1.318200
5 0.604800 -1.764902 17.001900 -0.657655 0.709889 0.252087 -0.300600 -1.317300
larry.png
5 0.604800 -1.764902 17.001900 -0.657655 0.709889 0.252087 -0.300600 -1.317300
3 0.591300 -1.644302 16.775999 -0.225939 0.899205 0.374676 -0.300800 -1.274900
3 0.449100 -1.776602 16.683300 -0.932954 0.219444 0.285379 -0.307400 -1.275500
larry.png
5 0.736200 -2.150102 16.959600 -0.066947 -0.860864 -0.504412 -0.293300 -1.315100
3 0.594900 -1.782002 16.564501 -0.017252 -0.714091 -0.699840 -0.300200 -1.269600
5 0.874800 -2.068202 16.940701 0.640566 -0.532218 -0.553551 -0.283900 -1.314100
larry.png
3 0.449100 -1.776602 16.683300 -0.305926 -0.897361 -0.318044 -0.307400 -1.275500
3 0.594900 -1.782002 16.564501 -0.052486 -0.882409 -0.467546 -0.300200 -1.269600
5 0.602100 -2.084402 16.994699 -0.657979 -0.709287 -0.252936 -0.302400 -1.317000
larry.png
5 0.874800 -2.068202 16.940701 0.640566 -0.532218 -0.553551 -0.283900 -1.314100
3 0.594900 -1.782002 16.564501 -0.017252 -0.714091 -0.699840 -0.300200 -1.269600
3 0.762300 -1.661402 16.635599 0.528011 -0.669443 -0.522543 -0.293400 -1.271800
larry.png
5 0.874800 -2.068202 16.940701 0.640566 -0.532218 -0.553551 -0.283900 -1.314100
3 0.762300 -1.661402 16.635599 0.797784 -0.351761 -0.489698 -0.293400 -1.271800
5 0.948600 -1.843202 16.939800 0.827898 0.471361 -0.303980 -0.278900 -1.314100
larry.png
5 0.783900 -1.729802 16.972200 0.165159 0.977275 0.132874 -0.288400 -1.315800
5 0.948600 -1.843202 16.939800 0.827898 0.471361 -0.303980 -0.278900 -1.314100
3 0.762300 -1.661402 16.635599 0.714599 0.685685 -0.138503 -0.293400 -1.271800
larry.png
3 0.591300 -1.644302 16.775999 -0.225939 0.899205 0.374676 -0.300800 -1.274900
5 0.783900 -1.729802 16.972200 0.165159 0.977275 0.132874 -0.288400 -1.315800
3 0.762300 -1.661402 16.635599 0.417850 0.895180 0.155094 -0.293400 -1.271800
larry.png
2 2.533500 -4.002302 11.631600 0.397475 -0.906908 0.139754 1.298800 -2.281400
2 0.000000 -4.524301 11.636100 0.000000 -0.968873 0.247557 1.260100 -2.281500
2 0.000000 -4.641301 9.958501 -0.000000 -0.978047 -0.208382 1.260100 -2.260200
larry.png
2 2.533500 -4.002302 11.631600 0.397475 -0.906908 0.139754 1.298800 -2.281400
2 0.000000 -4.641301 9.958501 -0.000000 -0.978047 -0.208382 1.260100 -2.260200
2 2.248200 -4.109401 9.857699 0.397341 -0.856941 -0.328286 1.295300 -2.258900
larry.png
3 0.619200 -0.672302 17.434799 0.362773 -0.159828 0.918069 1.269800 -2.354900
3 0.000000 -0.672302 17.529301 0.000001 0.002878 0.999996 1.260100 -2.356100
3 0.000000 -1.681202 17.169300 0.000000 -0.456544 0.889701 1.260100 -2.351600
larry.png
3 0.619200 -0.672302 17.434799 0.362773 -0.159828 0.918069 1.269800 -2.354900
3 0.000000 -1.681202 17.169300 0.000000 -0.456544 0.889701 1.260100 -2.351600
3 0.528300 -1.591202 17.137800 0.360926 -0.578767 0.731274 1.268400 -2.351200
larry.png
2 2.343600 3.037498 13.780802 0.232274 0.946986 0.221959 2.127400 -2.964700
2 2.533500 2.983498 11.653201 0.251477 0.947461 -0.197677 2.121200 -2.891700
2 0.000000 3.374998 11.648701 0.000000 0.994006 -0.109322 2.241100 -2.891500
larry.png
2 2.343600 3.037498 13.780802 0.232274 0.946986 0.221959 2.127400 -2.964700
2 0.000000 3.374998 11.648701 0.000000 0.994006 -0.109322 2.241100 -2.891500
2 0.000000 3.366898 13.809601 -0.000000 0.967679 0.252185 2.241100 -2.965700
larry.png
2 4.175100 -2.734201 11.635200 0.833210 -0.552943 0.003776 1.323900 -2.281500
2 2.533500 -4.002302 11.631600 0.397475 -0.906908 0.139754 1.298800 -2.281400
2 2.248200 -4.109401 9.857699 0.397341 -0.856941 -0.328286 1.295300 -2.258900
larry.png
2 4.678200 -0.439202 11.648700 0.990715 -0.023970 -0.133826 1.331500 -2.281600
2 4.175100 -2.734201 11.635200 0.833210 -0.552943 0.003776 1.323900 -2.281500
2 3.879900 -2.919601 9.900901 0.801073 -0.455099 -0.388801 1.320800 -2.259500
larry.png
2 4.678200 -0.439202 11.648700 0.990715 -0.023970 -0.133826 1.331500 -2.281600
2 3.879900 -2.919601 9.900901 0.801073 -0.455099 -0.388801 1.320800 -2.259500
2 4.243500 -0.696601 9.981900 0.956628 0.004256 -0.291282 1.326500 -2.260500
larry.png
2 2.372400 2.270699 9.279902 0.197393 0.895605 -0.398657 2.126000 -2.805600
1 2.810700 1.114199 7.290000 0.402593 0.777057 -0.483840 2.104800 -2.733600
1 0.000000 1.481399 7.290000 -0.000000 0.912488 -0.409104 2.241100 -2.733600
larry.png
2 2.372400 2.270699 9.279902 0.197393 0.895605 -0.398657 2.126000 -2.805600
1 0.000000 1.481399 7.290000 -0.000000 0.912488 -0.409104 2.241100 -2.733600
2 0.000000 2.584799 9.279902 0.000000 0.930103 -0.367299 2.241100 -2.805600
larry.png
2 0.000000 2.584799 9.279902 0.000000 0.930103 -0.367299 2.241100 -2.805600
2 0.000000 3.374998 11.648701 0.000000 0.994006 -0.109322 2.241100 -2.891500
2 2.533500 2.983498 11.653201 0.251477 0.947461 -0.197677 2.121200 -2.891700
larry.png
2 4.247100 1.016999 9.387000 0.962538 -0.038732 -0.268365 2.035100 -2.809500
2 3.919500 0.574199 9.549000 0.930579 -0.320128 -0.177595 2.051000 -2.815400
1 3.379500 0.079199 7.289999 0.944582 -0.188076 -0.269060 2.077200 -2.733600
larry.png
1 3.379500 0.079199 7.289999 0.944582 -0.188076 -0.269060 2.077200 -2.733600
1 3.511800 0.381599 7.290000 0.870822 0.206361 -0.446188 2.070800 -2.733600
2 4.247100 1.016999 9.387000 0.962538 -0.038732 -0.268365 2.035100 -2.809500
larry.png
2 3.730500 -2.532601 9.520201 0.820145 -0.475436 -0.318312 1.318500 -2.254700
2 4.243500 -0.696601 9.981900 0.956628 0.004256 -0.291282 1.326500 -2.260500
2 3.879900 -2.919601 9.900901 0.801073 -0.455099 -0.388801 1.320800 -2.259500
larry.png
2 2.159100 -3.800701 9.403200 0.398985 -0.850264 -0.343311 1.293900 -2.253200
2 3.879900 -2.919601 9.900901 0.801073 -0.455099 -0.388801 1.320800 -2.259500
2 2.248200 -4.109401 9.857699 0.397341 -0.856941 -0.328286 1.295300 -2.258900
larry.png
2 2.159100 -3.800701 9.403200 0.398985 -0.850264 -0.343311 1.293900 -2.253200
2 3.730500 -2.532601 9.520201 0.820145 -0.475436 -0.318312 1.318500 -2.254700
2 3.879900 -2.919601 9.900901 0.801073 -0.455099 -0.388801 1.320800 -2.259500
larry.png
1 2.512800 -0.702000 4.032900 0.964481 0.098280 -0.245188 -0.169200 -2.761000
1 1.987200 0.672300 3.240000 0.920645 0.267221 -0.284614 -0.076100 -2.608400
1 1.882800 0.663299 4.608900 0.726996 0.657850 0.196748 -0.043500 -2.714900
larry.png
28 0.000000 5.427899 4.100401 0.000000 0.452586 0.891721 -0.574600 -1.486900
28 0.000000 5.040900 4.280401 0.000000 0.194478 0.980907 -0.617800 -1.486900
28 0.616500 5.506200 3.916801 0.208081 0.423728 0.881565 -0.569900 -1.437800
larry.png
28 0.616500 5.506200 3.916801 0.208081 0.423728 0.881565 -0.569900 -1.437800
28 1.098900 5.040900 3.925801 0.474933 0.036649 0.879259 -0.617800 -1.399500
28 1.403100 5.488199 3.780901 0.587490 0.194876 0.785417 -0.571000 -1.375100
larry.png
2 0.000000 -4.524301 11.636100 0.000000 -0.968873 0.247557 1.260100 -2.281500
2 2.533500 -4.002302 11.631600 0.397475 -0.906908 0.139754 1.298800 -2.281400
2 2.345400 -3.426302 13.503599 0.264405 -0.777579 0.570491 1.296800 -2.305900
larry.png
2 0.000000 -4.524301 11.636100 0.000000 -0.968873 0.247557 1.260100 -2.281500
2 2.345400 -3.426302 13.503599 0.264405 -0.777579 0.570491 1.296800 -2.305900
2 0.000000 -3.888902 13.315500 -0.000000 -0.751036 0.660261 1.260100 -2.305600
larry.png
2 0.000000 -3.888902 13.315500 -0.000000 -0.751036 0.660261 1.260100 -2.305600
2 2.345400 -3.426302 13.503599 0.264405 -0.777579 0.570491 1.296800 -2.305900
2 2.113200 -2.731502 14.135401 0.107292 -0.502757 0.857743 1.293200 -2.316900
larry.png
2 4.175100 -2.734201 11.635200 0.833210 -0.552943 0.003776 1.323900 -2.281500
2 4.678200 -0.439202 11.648700 0.990715 -0.023970 -0.133826 1.331500 -2.281600
2 4.781700 -0.270002 13.663800 0.931082 -0.105322 0.349275 1.329400 -2.307200
larry.png
2 2.533500 -4.002302 11.631600 0.397475 -0.906908 0.139754 1.298800 -2.281400
2 4.095900 -2.367902 13.644000 0.635870 -0.560472 0.530603 1.318700 -2.306900
2 2.345400 -3.426302 13.503599 0.264405 -0.777579 0.570491 1.296800 -2.305900
larry.png
2 4.095900 -2.367902 13.644000 0.635870 -0.560472 0.530603 1.318700 -2.306900
2 4.781700 -0.270002 13.663800 0.931082 -0.105322 0.349275 1.329400 -2.307200
2 3.884400 -0.330302 14.581800 0.465848 -0.229349 0.854625 1.315600 -2.318800
larry.png
2 4.175100 -2.734201 11.635200 0.833210 -0.552943 0.003776 1.323900 -2.281500
2 4.781700 -0.270002 13.663800 0.931082 -0.105322 0.349275 1.329400 -2.307200
2 4.095900 -2.367902 13.644000 0.635870 -0.560472 0.530603 1.318700 -2.306900
larry.png
2 2.533500 -4.002302 11.631600 0.397475 -0.906908 0.139754 1.298800 -2.281400
2 4.175100 -2.734201 11.635200 0.833210 -0.552943 0.003776 1.323900 -2.281500
2 4.095900 -2.367902 13.644000 0.635870 -0.560472 0.530603 1.318700 -2.306900
larry.png
2 2.113200 -2.731502 14.135401 0.107292 -0.502757 0.857743 1.293200 -2.316900
2 2.345400 -3.426302 13.503599 0.264405 -0.777579 0.570491 1.296800 -2.305900
2 3.250800 -1.692902 14.371200 0.188964 -0.367297 0.910706 1.306600 -2.316100
larry.png
2 2.345400 -3.426302 13.503599 0.264405 -0.777579 0.570491 1.296800 -2.305900
2 4.095900 -2.367902 13.644000 0.635870 -0.560472 0.530603 1.318700 -2.306900
2 3.250800 -1.692902 14.371200 0.188964 -0.367297 0.910706 1.306600 -2.316100
larry.png
2 2.343600 3.037498 13.780802 0.232274 0.946986 0.221959 2.127400 -2.964700
2 2.538000 2.112298 15.118201 0.232550 0.613696 0.754518 2.118000 -2.977400
2 4.650300 2.270698 13.770000 0.600291 0.707595 0.372773 2.035000 -2.966700
larry.png
3 0.000000 -2.525402 15.346800 -0.000000 -0.957003 0.290077 1.260100 -2.328500
3 0.585900 -2.288702 15.391800 0.693510 -0.720036 0.024351 1.269300 -2.329800
3 0.577800 -2.257202 15.622200 0.546719 -0.822707 0.155728 1.269200 -2.331900
larry.png
2 3.250800 -1.692902 14.371200 0.188964 -0.367297 0.910706 1.306600 -2.316100
3 1.902600 0.028798 15.051600 0.533770 -0.186617 0.824781 1.289900 -2.324700
2 1.684800 -1.329302 14.678101 0.535380 -0.562489 0.630059 1.286500 -2.320000
larry.png
3 1.405800 -1.338302 15.903000 0.813861 -0.544637 0.202486 1.282100 -2.339100
2 1.684800 -1.329302 14.678101 0.535380 -0.562489 0.630059 1.286500 -2.320000
3 1.902600 0.028798 15.051600 0.533770 -0.186617 0.824781 1.289900 -2.324700
larry.png
3 1.584000 -0.198902 16.145100 0.923124 0.136147 0.359592 1.283900 -2.340400
3 1.405800 -1.338302 15.903000 0.813861 -0.544637 0.202486 1.282100 -2.339100
3 1.902600 0.028798 15.051600 0.533770 -0.186617 0.824781 1.289900 -2.324700
larry.png
3 1.584000 -0.198902 16.145100 0.923124 0.136147 0.359592 1.283900 -2.340400
3 1.902600 0.028798 15.051600 0.533770 -0.186617 0.824781 1.289900 -2.324700
2 1.136700 1.223998 15.462001 0.441464 0.178679 0.879308 1.277900 -2.329900
larry.png
3 1.024200 0.831598 16.329599 0.446309 0.760513 0.471622 1.273800 -2.340900
3 1.584000 -0.198902 16.145100 0.923124 0.136147 0.359592 1.283900 -2.340400
2 1.136700 1.223998 15.462001 0.441464 0.178679 0.879308 1.277900 -2.329900
larry.png
3 0.619200 -0.672302 17.434799 0.362773 -0.159828 0.918069 1.269800 -2.354900
3 0.528300 -1.591202 17.137800 0.360926 -0.578767 0.731274 1.268400 -2.351200
3 1.062900 -1.296902 16.850700 0.740303 -0.376033 0.557271 1.276800 -2.347500
larry.png
3 1.062900 -1.296902 16.850700 0.740303 -0.376033 0.557271 1.276800 -2.347500
3 1.405800 -1.338302 15.903000 0.813861 -0.544637 0.202486 1.282100 -2.339100
3 1.584000 -0.198902 16.145100 0.923124 0.136147 0.359592 1.283900 -2.340400
larry.png
3 1.584000 -0.198902 16.145100 0.923124 0.136147 0.359592 1.283900 -2.340400
3 1.209600 -0.471602 17.060400 0.767787 -0.019053 0.640421 1.279100 -2.350200
3 1.062900 -1.296902 16.850700 0.740303 -0.376033 0.557271 1.276800 -2.347500
larry.png
3 0.619200 -0.672302 17.434799 0.362773 -0.159828 0.918069 1.269800 -2.354900
3 1.062900 -1.296902 16.850700 0.740303 -0.376033 0.557271 1.276800 -2.347500
3 1.209600 -0.471602 17.060400 0.767787 -0.019053 0.640421 1.279100 -2.350200
larry.png
3 0.619200 -0.672302 17.434799 0.362773 -0.159828 0.918069 1.269800 -2.354900
3 1.209600 -0.471602 17.060400 0.767787 -0.019053 0.640421 1.279100 -2.350200
3 0.833400 0.248398 17.186399 0.520122 0.356087 0.776322 1.273200 -2.351800
larry.png
3 1.584000 -0.198902 16.145100 0.923124 0.136147 0.359592 1.283900 -2.340400
3 1.024200 0.831598 16.329599 0.446309 0.760513 0.471622 1.273800 -2.340900
3 0.833400 0.248398 17.186399 0.520122 0.356087 0.776322 1.273200 -2.351800
larry.png
3 1.024200 0.831598 16.329599 0.446309 0.760513 0.471622 1.273800 -2.340900
3 0.000000 0.381598 17.402399 0.000000 0.638931 0.769264 1.260100 -2.354500
3 0.833400 0.248398 17.186399 0.520122 0.356087 0.776322 1.273200 -2.351800
larry.png
3 0.833400 0.248398 17.186399 0.520122 0.356087 0.776322 1.273200 -2.351800
3 0.000000 0.381598 17.402399 0.000000 0.638931 0.769264 1.260100 -2.354500
3 0.000000 -0.672302 17.529301 0.000001 0.002878 0.999996 1.260100 -2.356100
larry.png
2 2.533500 2.983498 11.653201 0.251477 0.947461 -0.197677 2.121200 -2.891700
2 2.343600 3.037498 13.780802 0.232274 0.946986 0.221959 2.127400 -2.964700
2 4.388400 2.228399 11.651402 0.692136 0.700186 -0.175176 2.033500 -2.891600
larry.png
2 2.533500 2.983498 11.653201 0.251477 0.947461 -0.197677 2.121200 -2.891700
2 4.388400 2.228399 11.651402 0.692136 0.700186 -0.175176 2.033500 -2.891600
2 3.711600 1.793699 9.279901 0.555543 0.736611 -0.385714 2.061100 -2.805600
larry.png
1 1.131300 -1.659600 2.619000 0.301494 -0.371960 -0.877922 -0.411000 -0.624700
1 0.000000 -1.985400 2.484900 -0.000000 -0.419075 -0.907952 -0.429800 -0.620000
1 0.000000 -0.396900 2.218500 -0.000000 -0.094384 -0.995536 -0.429800 -0.610500
larry.png
2 3.919500 0.574199 9.549000 0.930579 -0.320128 -0.177595 2.051000 -2.815400
2 4.247100 1.016999 9.387000 0.962538 -0.038732 -0.268365 2.035100 -2.809500
2 4.810500 1.394099 11.650500 0.968994 -0.197925 -0.147904 2.013500 -2.891500
larry.png
2 4.485600 0.917098 11.649600 0.964146 -0.223270 -0.143431 2.028800 -2.891500
2 3.919500 0.574199 9.549000 0.930579 -0.320128 -0.177595 2.051000 -2.815400
2 4.810500 1.394099 11.650500 0.968994 -0.197925 -0.147904 2.013500 -2.891500
larry.png
2 4.485600 0.917098 11.649600 0.964146 -0.223270 -0.143431 2.028800 -2.891500
2 4.810500 1.394099 11.650500 0.968994 -0.197925 -0.147904 2.013500 -2.891500
2 4.977900 1.526398 13.753800 0.964495 -0.167852 0.203897 2.020500 -2.967800
larry.png
2 4.485600 0.917098 11.649600 0.964146 -0.223270 -0.143431 2.028800 -2.891500
2 4.977900 1.526398 13.753800 0.964495 -0.167852 0.203897 2.020500 -2.967800
2 4.590000 0.937798 13.673699 0.971218 -0.147715 0.186861 2.037700 -2.964900
larry.png
2 2.248200 -4.109401 9.857699 0.397341 -0.856941 -0.328286 1.295300 -2.258900
2 0.000000 -4.641301 9.958501 -0.000000 -0.978047 -0.208382 1.260100 -2.260200
2 0.000000 -4.302001 9.581400 -0.000000 -0.897741 -0.440523 1.260100 -2.255500
larry.png
28 1.656000 6.030000 3.161701 0.780976 0.571751 0.251351 -0.538300 -1.355000
28 1.318500 6.289200 3.145501 0.244081 0.968830 -0.042345 -0.522700 -1.381900
28 1.390500 6.107399 3.458701 0.356175 0.646074 0.675076 -0.533700 -1.376200
larry.png
28 1.559700 5.445899 3.556801 0.853621 -0.359217 0.377219 -0.573600 -1.362700
28 1.656000 6.030000 3.161701 0.780976 0.571751 0.251351 -0.538300 -1.355000
28 1.403100 5.488199 3.780901 0.587490 0.194876 0.785417 -0.571000 -1.375100
larry.png
28 1.318500 6.289200 3.145501 0.244081 0.968830 -0.042345 -0.522700 -1.381900
28 1.656000 6.030000 3.161701 0.909061 0.415292 0.033773 -0.538300 -1.355000
28 1.371600 6.092100 2.973601 0.110433 0.068104 -0.991547 -0.534600 -1.377700
larry.png
28 0.698400 6.076799 3.088801 0.122054 0.010806 -0.992465 -0.535500 -1.431300
28 0.000000 6.197400 3.032101 0.000000 0.011581 -0.999933 -0.528300 -1.486900
28 0.405000 6.477299 3.124801 0.283541 0.349374 -0.893052 -0.511400 -1.454600
larry.png
28 0.725400 6.241499 3.280501 0.249913 0.951729 -0.178202 -0.525600 -1.429100
28 0.698400 6.076799 3.088801 0.122054 0.010806 -0.992465 -0.535500 -1.431300
28 0.405000 6.477299 3.124801 0.394280 0.775794 -0.492632 -0.511400 -1.454600
larry.png
1 2.027700 -0.900000 2.912400 0.718002 -0.099682 -0.688866 -0.291700 -2.632500
1 1.987200 0.672300 3.240000 0.920645 0.267221 -0.284614 -0.076100 -2.608400
1 2.512800 -0.702000 4.032900 0.964481 0.098280 -0.245188 -0.169200 -2.761000
larry.png
1 2.027700 -0.900000 2.912400 0.718002 -0.099682 -0.688866 -0.291700 -2.632500
1 2.512800 -0.702000 4.032900 0.964481 0.098280 -0.245188 -0.169200 -2.761000
1 1.657800 -2.715300 3.547800 0.648349 -0.518237 -0.557740 -0.429000 -2.806500
larry.png
1 2.027700 -0.900000 2.912400 0.718002 -0.099682 -0.688866 -0.396100 -0.635100
1 1.657800 -2.715300 3.547800 0.648349 -0.518237 -0.557740 -0.402200 -0.657600
1 1.131300 -1.659600 2.619000 0.301494 -0.371960 -0.877922 -0.411000 -0.624700
larry.png
1 1.238400 0.706500 2.469600 0.407351 0.118442 -0.905559 -0.227100 -1.791000
1 1.987200 0.672300 3.240000 0.920645 0.267221 -0.284614 -0.381700 -1.910400
1 2.027700 -0.900000 2.912400 0.718002 -0.099682 -0.688866 -0.487700 -1.727800
larry.png
1 1.131300 -1.659600 2.619000 0.301494 -0.371960 -0.877922 -0.411000 -0.624700
1 0.000000 -3.007800 3.355200 0.000000 -0.746584 -0.665291 -0.429800 -0.650700
1 0.000000 -1.985400 2.484900 -0.000000 -0.419075 -0.907952 -0.429800 -0.620000
larry.png
1 1.131300 -1.659600 2.619000 0.301494 -0.371960 -0.877922 -0.411000 -0.624700
1 1.657800 -2.715300 3.547800 0.648349 -0.518237 -0.557740 -0.402200 -0.657600
1 0.000000 -3.007800 3.355200 0.000000 -0.746584 -0.665291 -0.429800 -0.650700
larry.png
28 0.616500 5.506200 3.916801 0.208081 0.423728 0.881565 -0.569900 -1.437800
28 0.000000 5.040900 4.280401 0.000000 0.194478 0.980907 -0.617800 -1.486900
28 1.098900 5.040900 3.925801 0.634715 0.072145 0.769371 -0.617800 -1.399500
larry.png
28 1.559700 5.445899 3.556801 0.693837 -0.607963 -0.385967 -0.573600 -1.362700
28 1.098900 5.040900 3.925801 0.915360 -0.306181 0.261475 -0.617800 -1.399500
28 1.001700 5.040900 3.594601 0.626189 -0.246746 -0.739597 -0.617800 -1.407200
larry.png
28 0.676800 5.472899 3.437101 0.063659 -0.420887 -0.904877 -0.571900 -1.432900
28 0.698400 6.076799 3.088801 0.122054 0.010806 -0.992465 -0.535500 -1.431300
28 1.371600 6.092100 2.973601 0.110433 0.068104 -0.991547 -0.534600 -1.377700
larry.png
28 0.676800 5.472899 3.437101 0.063659 -0.420887 -0.904877 -0.571900 -1.432900
28 1.001700 5.040900 3.594601 0.547603 -0.151547 -0.822900 -0.617800 -1.407200
28 0.000000 5.040900 3.490201 -0.000000 -0.002675 -0.999996 -0.617800 -1.486900
larry.png
28 0.676800 5.472899 3.437101 0.063659 -0.420887 -0.904877 -0.571900 -1.432900
28 0.000000 5.040900 3.490201 -0.000000 -0.002675 -0.999996 -0.617800 -1.486900
28 0.000000 5.536799 3.330901 -0.000000 -0.408336 -0.912831 -0.568000 -1.486900
larry.png
28 0.000000 5.536799 3.330901 -0.000000 -0.408336 -0.912831 -0.568000 -1.486900
28 0.000000 6.197400 3.032101 0.000000 0.011581 -0.999933 -0.528300 -1.486900
28 0.698400 6.076799 3.088801 0.122054 0.010806 -0.992465 -0.535500 -1.431300
larry.png
2 3.250800 -1.692902 14.371200 0.188964 -0.367297 0.910706 1.306600 -2.316100
2 1.684800 -1.329302 14.678101 0.535380 -0.562489 0.630059 1.286500 -2.320000
2 1.008000 -2.169002 14.356799 0.248490 -0.614385 0.748855 1.275900 -2.315900
larry.png
2 0.666900 -3.255302 13.919400 -0.124987 -0.405727 0.905408 1.270600 -2.315400
2 1.984500 -2.516402 14.170500 -0.006236 -0.283398 0.958982 1.291200 -2.317300
2 0.768600 -2.996102 14.001300 -0.125357 -0.307098 0.943386 1.272200 -2.316400
larry.png
2 1.984500 -2.516402 14.170500 -0.006236 -0.283398 0.958982 1.291200 -2.317300
2 1.008000 -2.169002 14.356799 0.248490 -0.614385 0.748855 1.275900 -2.315900
2 0.768600 -2.996102 14.001300 -0.125357 -0.307098 0.943386 1.272200 -2.316400
larry.png
2 3.811500 0.791098 14.823899 0.524871 -0.295486 0.798247 2.072200 -2.975700
2 4.590000 0.937798 13.673699 0.971218 -0.147715 0.186861 2.037700 -2.964900
2 4.977900 1.526398 13.753800 0.964495 -0.167852 0.203897 2.020500 -2.967800
larry.png
2 3.884400 -0.330302 14.581800 0.465848 -0.229349 0.854625 1.315600 -2.318800
2 4.781700 -0.270002 13.663800 0.931082 -0.105322 0.349275 1.329400 -2.307200
2 3.811500 0.791098 14.823899 0.524871 -0.295486 0.798247 1.314600 -2.321800
larry.png
2 0.000000 2.592898 15.207301 0.000000 0.755453 0.655202 2.241100 -2.980600
2 2.343600 3.037498 13.780802 0.232274 0.946986 0.221959 2.127400 -2.964700
2 0.000000 3.366898 13.809601 -0.000000 0.967679 0.252185 2.241100 -2.965700
larry.png
2 0.000000 2.592898 15.207301 0.000000 0.755453 0.655202 2.241100 -2.980600
2 2.538000 2.112298 15.118201 0.232550 0.613696 0.754518 2.118000 -2.977400
2 2.343600 3.037498 13.780802 0.232274 0.946986 0.221959 2.127400 -2.964700
larry.png
2 4.083300 1.313998 14.958899 0.547181 0.098287 0.831224 2.060100 -2.980600
2 2.538000 2.112298 15.118201 0.232550 0.613696 0.754518 2.118000 -2.977400
2 1.809900 1.506598 15.561900 0.126223 -0.141232 0.981897 2.153300 -2.991000
larry.png
3 0.883800 -1.877402 15.623100 0.755770 -0.654032 -0.032449 1.273000 -2.334700
3 0.585900 -2.288702 15.391800 0.693510 -0.720036 0.024351 1.269300 -2.329800
3 0.853200 -1.862102 15.438600 0.562399 -0.741605 -0.365692 1.272500 -2.333300
larry.png
2 4.781700 -0.270002 13.663800 0.931082 -0.105322 0.349275 1.329400 -2.307200
2 4.590000 0.937798 13.673699 0.971218 -0.147715 0.186861 1.325700 -2.307300
2 3.811500 0.791098 14.823899 0.524871 -0.295486 0.798247 1.314600 -2.321800
larry.png
2 4.678200 -0.439202 11.648700 0.990715 -0.023970 -0.133826 1.331500 -2.281600
2 4.590000 0.937798 13.673699 0.971218 -0.147715 0.186861 1.325700 -2.307300
2 4.781700 -0.270002 13.663800 0.931082 -0.105322 0.349275 1.329400 -2.307200
larry.png
2 4.678200 -0.439202 11.648700 0.990715 -0.023970 -0.133826 1.331500 -2.281600
2 4.485600 0.917098 11.649600 0.964146 -0.223270 -0.143431 1.328600 -2.281600
2 4.590000 0.937798 13.673699 0.971218 -0.147715 0.186861 1.325700 -2.307300
larry.png
2 4.678200 -0.439202 11.648700 0.990715 -0.023970 -0.133826 1.331500 -2.281600
2 4.243500 -0.696601 9.981900 0.956628 0.004256 -0.291282 1.326500 -2.260500
2 4.485600 0.917098 11.649600 0.964146 -0.223270 -0.143431 1.328600 -2.281600
larry.png
2 4.243500 -0.696601 9.981900 0.956628 0.004256 -0.291282 1.326500 -2.260500
2 3.919500 0.574199 9.549000 0.930579 -0.320128 -0.177595 1.321400 -2.255000
2 4.485600 0.917098 11.649600 0.964146 -0.223270 -0.143431 1.328600 -2.281600
larry.png
2 4.243500 -0.696601 9.981900 0.956628 0.004256 -0.291282 0.384800 -2.308400
1 3.495600 -1.309501 7.289999 0.949570 -0.063650 -0.307028 0.351400 -2.157600
1 3.379500 0.079199 7.289999 0.944582 -0.188076 -0.269060 0.346200 -2.157600
larry.png
2 4.243500 -0.696601 9.981900 0.956628 0.004256 -0.291282 0.384800 -2.308400
1 3.379500 0.079199 7.289999 0.944582 -0.188076 -0.269060 0.346200 -2.157600
2 3.919500 0.574199 9.549000 0.930579 -0.320128 -0.177595 0.370300 -2.284200
larry.png
1 0.000000 1.481399 7.290000 -0.000000 0.912488 -0.409104 2.241100 -2.733600
1 2.810700 1.114199 7.290000 0.402593 0.777057 -0.483840 2.104800 -2.733600
1 1.636200 0.665999 5.601600 0.315771 0.924285 0.214442 2.160100 -2.671100
larry.png
1 0.000000 0.900899 5.607900 -0.000000 0.973412 0.229062 2.241100 -2.671300
1 0.000000 1.481399 7.290000 -0.000000 0.912488 -0.409104 2.241100 -2.733600
1 1.636200 0.665999 5.601600 0.315771 0.924285 0.214442 2.160100 -2.671100
larry.png
1 2.727000 -1.773901 5.238899 0.952622 -0.271869 0.136378 0.317000 -2.042700
1 3.495600 -1.309501 7.289999 0.949570 -0.063650 -0.307028 0.351400 -2.157600
1 3.120300 -2.828701 7.289999 0.830005 -0.498373 -0.250433 0.334600 -2.157600
larry.png
1 3.120300 -2.828701 7.289999 0.830005 -0.498373 -0.250433 0.334600 -2.157600
1 1.790100 -3.251701 4.886099 0.569148 -0.820016 0.060371 0.275200 -2.022900
1 2.727000 -1.773901 5.238899 0.952622 -0.271869 0.136378 0.317000 -2.042700
larry.png
1 1.790100 -3.251701 4.886099 0.569148 -0.820016 0.060371 0.275200 -2.022900
1 1.972800 -3.814201 7.289999 0.467686 -0.874193 -0.130601 0.283300 -2.157600
1 0.000000 -3.888001 4.783499 0.000000 -0.998727 -0.050443 0.195200 -2.017200
larry.png
1 1.790100 -3.251701 4.886099 0.569148 -0.820016 0.060371 0.275200 -2.022900
1 3.120300 -2.828701 7.289999 0.830005 -0.498373 -0.250433 0.334600 -2.157600
1 1.972800 -3.814201 7.289999 0.467686 -0.874193 -0.130601 0.283300 -2.157600
larry.png
1 1.972800 -3.814201 7.289999 0.467686 -0.874193 -0.130601 0.283300 -2.157600
1 0.000000 -4.307401 7.289999 -0.000000 -0.998225 -0.059556 0.195200 -2.157600
1 0.000000 -3.888001 4.783499 0.000000 -0.998727 -0.050443 0.195200 -2.017200
larry.png
1 2.600100 -0.212401 5.524199 0.941162 0.334422 -0.048743 0.311400 -2.058700
1 3.379500 0.079199 7.289999 0.944582 -0.188076 -0.269060 0.346200 -2.157600
1 3.495600 -1.309501 7.289999 0.949570 -0.063650 -0.307028 0.351400 -2.157600
larry.png
1 3.495600 -1.309501 7.289999 0.949570 -0.063650 -0.307028 0.351400 -2.157600
1 2.727000 -1.773901 5.238899 0.952622 -0.271869 0.136378 0.317000 -2.042700
1 2.600100 -0.212401 5.524199 0.941162 0.334422 -0.048743 0.311400 -2.058700
larry.png
1 2.600100 -0.212401 5.524199 0.941162 0.334422 -0.048743 2.106500 -2.669600
1 1.636200 0.665999 5.601600 0.315771 0.924285 0.214442 2.160100 -2.671100
1 2.810700 1.114199 7.290000 0.402593 0.777057 -0.483840 2.104800 -2.733600
larry.png
1 3.379500 0.079199 7.289999 0.944582 -0.188076 -0.269060 2.077200 -2.733600
1 2.600100 -0.212401 5.524199 0.942198 0.280506 -0.183246 2.106500 -2.669600
1 3.511800 0.381599 7.290000 0.870822 0.206361 -0.446188 2.070800 -2.733600
larry.png
2 2.538000 2.112298 15.118201 0.232550 0.613696 0.754518 2.118000 -2.977400
2 0.000000 2.592898 15.207301 0.000000 0.755453 0.655202 2.241100 -2.980600
2 0.000000 1.812598 15.647400 -0.000000 0.213879 0.976860 2.241100 -2.994100
larry.png
2 4.977900 1.526398 13.753800 0.964495 -0.167852 0.203897 2.020500 -2.967800
2 4.810500 1.394099 11.650500 0.968994 -0.197925 -0.147904 2.013500 -2.891500
2 4.388400 2.228399 11.651402 0.692136 0.700186 -0.175176 2.033500 -2.891600
larry.png
2 4.977900 1.526398 13.753800 0.964495 -0.167852 0.203897 2.020500 -2.967800
2 4.388400 2.228399 11.651402 0.692136 0.700186 -0.175176 2.033500 -2.891600
2 4.650300 2.270698 13.770000 0.600291 0.707595 0.372773 2.035000 -2.966700
larry.png
2 4.388400 2.228399 11.651402 0.692136 0.700186 -0.175176 2.033500 -2.891600
2 4.810500 1.394099 11.650500 0.968994 -0.197925 -0.147904 2.013500 -2.891500
2 4.247100 1.016999 9.387000 0.962538 -0.038732 -0.268365 2.035100 -2.809500
larry.png
1 2.600100 -0.212401 5.524199 0.941162 0.334422 -0.048743 2.106500 -2.669600
1 2.810700 1.114199 7.290000 0.402593 0.777057 -0.483840 2.104800 -2.733600
1 3.511800 0.381599 7.290000 0.870822 0.206361 -0.446188 2.070800 -2.733600
larry.png
1 3.511800 0.381599 7.290000 0.870822 0.206361 -0.446188 2.070800 -2.733600
1 2.810700 1.114199 7.290000 0.402593 0.777057 -0.483840 2.104800 -2.733600
2 3.711600 1.793699 9.279901 0.555543 0.736611 -0.385714 2.061100 -2.805600
larry.png
3 0.138600 -3.360602 16.099199 0.911468 -0.264281 0.315249 1.262300 -2.337800
3 0.183600 -2.813402 16.440300 0.904694 -0.204015 0.374042 1.263000 -2.342300
3 0.000000 -3.103202 16.362000 0.000001 -0.455640 0.890164 1.260100 -2.341500
larry.png
3 0.528300 -1.591202 17.137800 0.360926 -0.578767 0.731274 1.268400 -2.351200
3 0.000000 -1.681202 17.169300 0.000000 -0.456544 0.889701 1.260100 -2.351600
3 0.000000 -2.094302 16.775999 -0.000000 -0.738394 0.674370 1.260100 -2.346600
larry.png
3 0.237600 -2.173502 16.508701 0.709333 -0.529915 0.464797 1.263800 -2.343200
3 0.000000 -2.094302 16.775999 0.173074 -0.729707 0.661493 1.260100 -2.346600
3 0.000000 -2.770202 16.690500 0.766120 -0.138631 0.627568 1.260100 -2.345200
larry.png
3 0.000000 -3.451502 16.465500 0.956705 -0.278600 -0.084242 1.260100 -2.342600
3 0.183600 -2.813402 16.440300 0.954506 -0.229435 0.190466 1.263000 -2.342300
3 0.000000 -2.770202 16.690500 0.766120 -0.138631 0.627568 1.260100 -2.345200
larry.png
3 0.000000 -3.103202 16.362000 0.594984 -0.467329 -0.653910 1.260100 -2.341500
3 0.183600 -2.813402 16.440300 0.987973 -0.147412 0.046672 1.263000 -2.342300
3 0.000000 -3.451502 16.465500 0.589111 -0.480651 -0.649556 1.260100 -2.342600
larry.png
3 0.577800 -2.257202 15.622200 0.546719 -0.822707 0.155728 1.269200 -2.331900
3 0.883800 -1.877402 15.623100 0.755770 -0.654032 -0.032449 1.273000 -2.334700
3 0.910800 -1.824302 15.972301 0.647920 -0.754290 0.106049 1.273400 -2.335900
larry.png
3 1.405800 -1.338302 15.903000 0.813861 -0.544637 0.202486 1.282100 -2.339100
3 0.910800 -1.824302 15.972301 0.647920 -0.754290 0.106049 1.273400 -2.335900
3 1.106100 -1.692002 15.240601 0.542911 -0.839610 -0.017368 1.277400 -2.331100
larry.png
3 0.910800 -1.824302 15.972301 0.647920 -0.754290 0.106049 1.273400 -2.335900
3 0.531000 -2.248202 15.939000 0.419091 -0.877832 0.231894 1.268400 -2.336000
3 0.577800 -2.257202 15.622200 0.546719 -0.822707 0.155728 1.269200 -2.331900
larry.png
3 0.883800 -1.877402 15.623100 0.755770 -0.654032 -0.032449 1.273000 -2.334700
3 1.014300 -1.725302 15.229799 0.532576 -0.845304 0.042701 1.276000 -2.331000
3 0.910800 -1.824302 15.972301 0.647920 -0.754290 0.106049 1.273400 -2.335900
larry.png
3 1.014300 -1.725302 15.229799 0.532576 -0.845304 0.042701 1.276000 -2.331000
3 1.106100 -1.692002 15.240601 0.542911 -0.839610 -0.017368 1.277400 -2.331100
3 0.910800 -1.824302 15.972301 0.647920 -0.754290 0.106049 1.273400 -2.335900
larry.png
3 1.014300 -1.725302 15.229799 0.532576 -0.845304 0.042701 1.276000 -2.331000
3 0.883800 -1.877402 15.623100 0.755770 -0.654032 -0.032449 1.273000 -2.334700
3 0.853200 -1.862102 15.438600 0.422387 -0.804904 -0.416796 1.272500 -2.333300
larry.png
3 0.853200 -1.862102 15.438600 0.422387 -0.804904 -0.416796 1.272500 -2.333300
3 0.903600 -1.764902 15.230700 -0.022309 -0.958856 0.283016 1.274300 -2.330800
3 1.014300 -1.725302 15.229799 0.532576 -0.845304 0.042701 1.276000 -2.331000
larry.png
2 0.000000 -2.515502 14.356799 0.000000 -0.924314 0.381632 1.260100 -2.315900
2 1.008000 -2.169002 14.356799 0.248490 -0.614385 0.748855 1.275900 -2.315900
4 0.743400 -2.226602 14.731200 0.482293 -0.867202 -0.123909 1.271800 -2.318500
larry.png
2 0.768600 -2.996102 14.001300 -0.125357 -0.307098 0.943386 1.272200 -2.316400
2 1.008000 -2.169002 14.356799 0.248490 -0.614385 0.748855 1.275900 -2.315900
2 0.000000 -3.091502 13.763700 0.000000 -0.414530 0.910036 1.260100 -2.314000
larry.png
2 0.666900 -3.255302 13.919400 -0.124987 -0.405727 0.905408 1.270600 -2.315400
2 0.768600 -2.996102 14.001300 -0.125357 -0.307098 0.943386 1.272200 -2.316400
2 0.000000 -3.091502 13.763700 0.000000 -0.414530 0.910036 1.260100 -2.314000
larry.png
3 0.000000 -1.059302 15.221701 -0.082809 -0.794471 -0.601631 0.862200 -2.445000
3 0.903600 -1.764902 15.230700 -0.149190 -0.977720 0.147670 0.931000 -2.378900
3 0.853200 -1.862102 15.438600 0.189621 -0.784598 -0.590296 0.922600 -2.364700
larry.png
3 0.000000 -1.059302 15.221701 0.118831 -0.603238 -0.788659 0.862200 -2.445000
3 0.534600 -2.050202 15.594300 0.081497 -0.311970 -0.946590 0.902900 -2.343800
3 0.000000 -2.207702 15.429601 -0.000000 -0.178139 -0.984005 0.862200 -2.327800
larry.png
3 1.210500 -1.611902 14.862599 0.701255 -0.699182 0.139233 1.279100 -2.322300
3 1.106100 -1.692002 15.240601 0.542911 -0.839610 -0.017368 1.277400 -2.331100
3 1.014300 -1.725302 15.229799 0.532576 -0.845304 0.042701 1.276000 -2.331000
larry.png
3 1.210500 -1.611902 14.862599 0.701255 -0.699182 0.139233 1.279100 -2.322300
2 1.684800 -1.329302 14.678101 0.535380 -0.562489 0.630059 1.286500 -2.320000
3 1.405800 -1.338302 15.903000 0.813861 -0.544637 0.202486 1.282100 -2.339100
larry.png
3 1.106100 -1.692002 15.240601 0.542911 -0.839610 -0.017368 1.277400 -2.331100
3 1.210500 -1.611902 14.862599 0.701255 -0.699182 0.139233 1.279100 -2.322300
3 1.405800 -1.338302 15.903000 0.813861 -0.544637 0.202486 1.282100 -2.339100
larry.png
3 1.210500 -1.611902 14.862599 0.701255 -0.699182 0.139233 1.279100 -2.322300
2 1.008000 -2.169002 14.356799 0.248490 -0.614385 0.748855 1.275900 -2.315900
2 1.684800 -1.329302 14.678101 0.535380 -0.562489 0.630059 1.286500 -2.320000
larry.png
3 1.210500 -1.611902 14.862599 0.701255 -0.699182 0.139233 1.279100 -2.322300
3 1.014300 -1.725302 15.229799 0.532576 -0.845304 0.042701 1.276000 -2.331000
4 0.977400 -1.905302 15.033600 0.540662 -0.635975 0.550655 1.277500 -2.322700
larry.png
3 0.000000 -1.059302 15.221701 -0.055558 -0.997731 -0.038020 0.862200 -2.445000
4 0.646200 -1.762202 14.758200 -0.502074 -0.654305 0.565514 0.911400 -2.373300
4 0.893700 -1.896302 15.092100 -0.432629 -0.610981 0.662974 0.939700 -2.380400
larry.png
4 0.977400 -1.905302 15.033600 0.540662 -0.635975 0.550655 1.277500 -2.322700
3 1.014300 -1.725302 15.229799 0.532576 -0.845304 0.042701 1.276000 -2.331000
3 0.903600 -1.764902 15.230700 -0.022309 -0.958856 0.283016 1.274300 -2.330800
larry.png
3 0.607500 -1.836902 16.530300 0.487909 -0.691327 0.532927 1.270200 -2.343500
3 0.531000 -2.248202 15.939000 0.419091 -0.877832 0.231894 1.268400 -2.336000
3 0.910800 -1.824302 15.972301 0.647920 -0.754290 0.106049 1.273400 -2.335900
larry.png
3 0.607500 -1.836902 16.530300 0.487909 -0.691327 0.532927 1.270200 -2.343500
3 0.910800 -1.824302 15.972301 0.647920 -0.754290 0.106049 1.273400 -2.335900
3 0.815400 -1.770302 16.604099 0.149219 -0.791886 0.592158 1.274400 -2.344300
larry.png
3 0.910800 -1.824302 15.972301 0.647920 -0.754290 0.106049 1.273400 -2.335900
3 1.405800 -1.338302 15.903000 0.813861 -0.544637 0.202486 1.282100 -2.339100
3 0.815400 -1.770302 16.604099 0.348036 -0.756863 0.553199 1.274400 -2.344300
larry.png
3 1.405800 -1.338302 15.903000 0.813861 -0.544637 0.202486 1.282100 -2.339100
3 0.845100 -1.656002 16.791300 0.485279 -0.841424 0.237718 1.273800 -2.347000
3 0.815400 -1.770302 16.604099 0.348036 -0.756863 0.553199 1.274400 -2.344300
larry.png
3 1.405800 -1.338302 15.903000 0.813861 -0.544637 0.202486 1.282100 -2.339100
3 1.062900 -1.296902 16.850700 0.740303 -0.376033 0.557271 1.276800 -2.347500
3 0.845100 -1.656002 16.791300 0.485279 -0.841424 0.237718 1.273800 -2.347000
larry.png
3 1.062900 -1.296902 16.850700 0.740303 -0.376033 0.557271 1.276800 -2.347500
3 0.649800 -1.692002 16.947001 0.490993 -0.821073 0.291143 1.270100 -2.349100
3 0.845100 -1.656002 16.791300 0.288794 -0.903090 0.317846 1.273800 -2.347000
larry.png
3 1.062900 -1.296902 16.850700 0.740303 -0.376033 0.557271 1.276800 -2.347500
3 0.528300 -1.591202 17.137800 0.360926 -0.578767 0.731274 1.268400 -2.351200
3 0.649800 -1.692002 16.947001 0.490993 -0.821073 0.291143 1.270100 -2.349100
larry.png
3 0.649800 -1.692002 16.947001 0.490993 -0.821073 0.291143 1.270100 -2.349100
3 0.528300 -1.591202 17.137800 0.360926 -0.578767 0.731274 1.268400 -2.351200
3 0.467100 -1.805402 16.879499 0.664662 -0.735057 0.133845 1.266500 -2.347900
larry.png
3 0.467100 -1.805402 16.879499 0.664662 -0.735057 0.133845 1.266500 -2.347900
3 0.528300 -1.591202 17.137800 0.360926 -0.578767 0.731274 1.268400 -2.351200
3 0.000000 -2.094302 16.775999 -0.000000 -0.738394 0.674370 1.260100 -2.346600
larry.png
3 0.591300 -1.644302 16.775999 0.339370 -0.917122 -0.209083 -0.100200 -2.406900
3 0.649800 -1.692002 16.947001 0.490993 -0.821073 0.291143 -0.094400 -2.403300
3 0.467100 -1.805402 16.879499 0.664662 -0.735057 0.133845 -0.123900 -2.372700
larry.png
3 0.845100 -1.656002 16.791300 0.288794 -0.903090 0.317846 -0.064400 -2.409200
3 0.649800 -1.692002 16.947001 0.490993 -0.821073 0.291143 -0.094400 -2.403300
3 0.591300 -1.644302 16.775999 0.339370 -0.917122 -0.209083 -0.100200 -2.406900
larry.png
3 0.762300 -1.661402 16.635599 0.149860 -0.988176 0.032393 -0.078600 -2.404000
3 0.845100 -1.656002 16.791300 0.288794 -0.903090 0.317846 -0.064400 -2.409200
3 0.591300 -1.644302 16.775999 0.339370 -0.917122 -0.209083 -0.100200 -2.406900
larry.png
3 0.762300 -1.661402 16.635599 -0.383272 -0.731594 0.563802 -0.078600 -2.404000
3 0.815400 -1.770302 16.604099 -0.227559 -0.693591 0.683483 -0.060000 -2.373900
3 0.845100 -1.656002 16.791300 -0.077782 -0.955773 0.283633 -0.064400 -2.409200
larry.png
3 0.594900 -1.782002 16.564501 0.025698 -0.778160 0.627540 -0.099900 -2.383200
3 0.607500 -1.836902 16.530300 0.487909 -0.691327 0.532927 -0.093700 -2.353100
3 0.815400 -1.770302 16.604099 0.149219 -0.791886 0.592158 -0.060000 -2.373900
larry.png
3 0.594900 -1.782002 16.564501 0.281032 -0.356709 0.890943 -0.099900 -2.383200
3 0.815400 -1.770302 16.604099 0.149219 -0.791886 0.592158 -0.060000 -2.373900
3 0.762300 -1.661402 16.635599 -0.383272 -0.731594 0.563802 -0.078600 -2.404000
larry.png
3 0.447300 -1.869302 16.669800 0.714453 -0.482130 0.507057 -0.118500 -2.351400
3 0.607500 -1.836902 16.530300 0.487909 -0.691327 0.532927 -0.093700 -2.353100
3 0.594900 -1.782002 16.564501 0.281032 -0.356709 0.890943 -0.099900 -2.383200
larry.png
28 0.725400 6.241499 3.280501 0.249913 0.951729 -0.178202 -0.525600 -1.429100
28 1.318500 6.289200 3.145501 0.244081 0.968830 -0.042345 -0.522700 -1.381900
28 1.371600 6.092100 2.973601 0.110433 0.068104 -0.991547 -0.534600 -1.377700
larry.png
28 1.371600 6.092100 2.973601 0.010040 0.471372 -0.881878 -0.534600 -1.377700
28 0.698400 6.076799 3.088801 0.122054 0.010806 -0.992465 -0.535500 -1.431300
28 0.725400 6.241499 3.280501 0.249913 0.951729 -0.178202 -0.525600 -1.429100
larry.png
3 0.585900 -2.288702 15.391800 -0.329687 0.605376 -0.724449 0.906800 -2.319400
3 0.000000 -2.525402 15.346800 0.000001 0.421385 -0.906882 0.862200 -2.295300
3 0.000000 -2.347202 15.429601 0.000001 0.618382 -0.785877 0.862200 -2.313500
larry.png
3 0.554400 -2.151002 15.570900 -0.435535 0.674990 -0.595565 0.904400 -2.333500
3 0.585900 -2.288702 15.391800 -0.329687 0.605376 -0.724449 0.906800 -2.319400
3 0.000000 -2.347202 15.429601 0.000001 0.618382 -0.785877 0.862200 -2.313500
larry.png
3 0.534600 -2.050202 15.224400 -0.227724 0.813716 -0.534797 0.938700 -2.101300
3 0.793800 -1.845002 15.288300 0.549035 -0.238718 -0.800983 0.962700 -2.107400
3 0.554400 -2.151002 15.215401 0.458514 -0.258956 -0.850122 0.940500 -2.100500
larry.png
3 0.534600 -2.050202 15.224400 -0.342241 0.858813 -0.381197 0.938700 -2.101300
3 0.534600 -2.050202 15.594300 -0.398533 0.917154 0.000000 0.938700 -2.136000
3 0.853200 -1.862102 15.438600 -0.666912 0.742428 -0.063477 0.962700 -2.148900
larry.png
3 0.000000 -2.207702 15.429601 0.000000 1.000000 0.000000 0.889000 -2.120600
3 0.534600 -2.050202 15.594300 -0.398533 0.917154 0.000000 0.938700 -2.136000
3 0.534600 -2.050202 15.224400 -0.342241 0.858813 -0.381197 0.938700 -2.101300
larry.png
3 0.000000 -2.207702 15.162300 -0.026043 0.581377 -0.813218 0.889000 -2.095600
3 0.000000 -2.207702 15.429601 0.000000 1.000000 0.000000 0.889000 -2.120600
3 0.534600 -2.050202 15.224400 -0.342241 0.858813 -0.381197 0.938700 -2.101300
larry.png
1 1.972800 -3.814201 7.289999 0.467686 -0.874193 -0.130601 0.283300 -2.157600
2 2.159100 -3.800701 9.403200 0.398985 -0.850264 -0.343311 0.291700 -2.276000
1 0.000000 -4.307401 7.289999 -0.000000 -0.998225 -0.059556 0.195200 -2.157600
larry.png
1 3.495600 -1.309501 7.289999 0.949570 -0.063650 -0.307028 0.351400 -2.157600
2 4.243500 -0.696601 9.981900 0.956628 0.004256 -0.291282 0.384800 -2.308400
2 3.730500 -2.532601 9.520201 0.820145 -0.475436 -0.318312 0.361900 -2.282600
larry.png
1 3.495600 -1.309501 7.289999 0.949570 -0.063650 -0.307028 0.351400 -2.157600
2 3.730500 -2.532601 9.520201 0.820145 -0.475436 -0.318312 0.361900 -2.282600
1 3.120300 -2.828701 7.289999 0.830005 -0.498373 -0.250433 0.334600 -2.157600
larry.png
2 3.730500 -2.532601 9.520201 0.820145 -0.475436 -0.318312 0.361900 -2.282600
2 2.159100 -3.800701 9.403200 0.398985 -0.850264 -0.343311 0.291700 -2.276000
1 1.972800 -3.814201 7.289999 0.467686 -0.874193 -0.130601 0.283300 -2.157600
larry.png
1 1.972800 -3.814201 7.289999 0.467686 -0.874193 -0.130601 0.283300 -2.157600
1 3.120300 -2.828701 7.289999 0.830005 -0.498373 -0.250433 0.334600 -2.157600
2 3.730500 -2.532601 9.520201 0.820145 -0.475436 -0.318312 0.361900 -2.282600
larry.png
3 0.138600 -3.360602 16.099199 0.946488 -0.297823 0.124342 1.262300 -2.337800
3 0.000000 -4.051802 15.658200 0.956448 -0.231171 -0.178236 1.260100 -2.332900
3 0.110700 -3.053702 15.918300 0.797341 0.061620 -0.600375 1.261900 -2.335700
larry.png
3 0.147600 -2.297702 16.036200 0.871940 -0.369176 -0.321606 1.262400 -2.337200
3 0.183600 -2.813402 16.440300 0.954506 -0.229435 0.190466 1.263000 -2.342300
3 0.138600 -3.360602 16.099199 0.946488 -0.297823 0.124342 1.262300 -2.337800
larry.png
3 0.237600 -2.173502 16.508701 0.709333 -0.529915 0.464797 1.263800 -2.343200
3 0.183600 -2.813402 16.440300 0.954506 -0.229435 0.190466 1.263000 -2.342300
3 0.147600 -2.297702 16.036200 0.871940 -0.369176 -0.321606 1.262400 -2.337200
larry.png
4 0.646200 -1.762202 14.758200 -0.502074 -0.654305 0.565514 0.911400 -2.373300
3 0.000000 -1.059302 15.221701 -0.000000 -0.726932 0.686710 0.862200 -2.445000
4 0.000000 -1.973702 14.758200 -0.000000 -0.452124 0.891955 0.862200 -2.351700
larry.png
4 0.714600 -1.868402 14.950801 0.840715 0.541478 -0.000000 0.955400 -2.075800
4 0.646200 -1.762202 14.758200 0.558874 0.829253 -0.000000 0.949000 -2.057700
4 0.646200 -1.762202 14.950801 0.089149 0.996018 -0.000000 0.949000 -2.075800
larry.png
4 0.646200 -1.762202 14.950801 0.089149 0.996018 -0.000000 0.949000 -2.075800
4 0.646200 -1.762202 14.758200 0.558874 0.829253 -0.000000 0.949000 -2.057700
4 0.000000 -1.973702 14.758200 -0.000000 1.000000 -0.000000 0.889000 -2.057700
larry.png
1 1.613700 0.707399 5.310000 0.431147 0.882320 -0.188744 0.734500 -1.709600
1 1.882800 0.663299 4.608900 0.726996 0.657850 0.196748 0.813700 -1.795100
1 0.000000 1.289699 4.797900 0.000000 0.676123 0.736788 0.510900 -1.890700
larry.png
1 1.613700 0.707399 5.310000 0.431147 0.882320 -0.188744 0.734500 -1.709600
1 0.000000 1.289699 4.797900 0.000000 0.676123 0.736788 0.510900 -1.890700
1 0.000000 0.898199 5.331600 0.000000 0.964258 -0.264967 0.510900 -1.740900
larry.png
1 1.636200 0.665999 5.601600 0.315771 0.924285 0.214442 1.650100 -2.697200
1 1.676700 0.813599 5.476500 0.379065 0.772317 0.509740 1.651400 -2.688600
1 0.000000 1.033199 5.477400 -0.000000 0.668392 0.743810 1.598400 -2.688600
larry.png
1 0.000000 1.033199 5.477400 -0.000000 0.931683 0.363273 1.598400 -2.688600
1 0.000000 0.900899 5.607900 -0.000000 0.973412 0.229062 1.598400 -2.697700
1 1.636200 0.665999 5.601600 0.315771 0.924285 0.214442 1.650100 -2.697200
larry.png
1 1.657800 -2.715300 3.547800 0.648349 -0.518237 -0.557740 -0.429000 -2.806500
1 2.512800 -0.702000 4.032900 0.964481 0.098280 -0.245188 -0.169200 -2.761000
1 2.670300 -1.700101 4.904099 0.832561 -0.065706 -0.550023 -0.171700 -2.914200
larry.png
1 1.706400 -3.230101 4.521599 0.515087 -0.580686 -0.630468 -0.383100 -2.996400
1 1.657800 -2.715300 3.547800 0.648349 -0.518237 -0.557740 -0.429000 -2.806500
1 2.670300 -1.700101 4.904099 0.832561 -0.065706 -0.550023 -0.171700 -2.914200
larry.png
1 1.846800 -3.341701 4.686299 0.622909 -0.758683 -0.190747 1.656800 -2.633700
1 2.848500 -1.748700 5.056200 0.920103 -0.211798 -0.329473 1.688400 -2.659400
1 2.727000 -1.773901 5.238899 0.952622 -0.271869 0.136378 1.684600 -2.672100
larry.png
1 1.846800 -3.341701 4.686299 0.622909 -0.758683 -0.190747 1.656800 -2.633700
1 2.727000 -1.773901 5.238899 0.952622 -0.271869 0.136378 1.684600 -2.672100
1 1.790100 -3.251701 4.886099 0.569148 -0.820016 0.060371 1.655000 -2.647600
larry.png
1 1.706400 -3.230101 4.521599 0.515087 -0.580686 -0.630468 0.814400 -2.757200
1 0.000000 -3.771001 4.411799 0.000000 -0.709158 -0.705050 0.667800 -2.676100
1 0.000000 -3.007800 3.355200 0.000000 -0.746584 -0.665291 0.723100 -2.552500
larry.png
1 1.706400 -3.230101 4.521599 0.515087 -0.580686 -0.630468 0.814400 -2.757200
1 0.000000 -3.007800 3.355200 0.000000 -0.746584 -0.665291 0.723100 -2.552500
1 1.657800 -2.715300 3.547800 0.648349 -0.518237 -0.557740 0.861100 -2.641500
larry.png
1 0.000000 -3.954601 4.547699 -0.000000 -0.999625 -0.027388 1.598400 -2.624100
1 1.846800 -3.341701 4.686299 0.622909 -0.758683 -0.190747 1.656800 -2.633700
1 1.790100 -3.251701 4.886099 0.569148 -0.820016 0.060371 1.655000 -2.647600
larry.png
1 0.000000 -3.954601 4.547699 -0.000000 -0.999625 -0.027388 1.598400 -2.624100
1 1.790100 -3.251701 4.886099 0.569148 -0.820016 0.060371 1.655000 -2.647600
1 0.000000 -3.888001 4.783499 0.000000 -0.998727 -0.050443 1.598400 -2.640500
larry.png
1 2.670300 -1.700101 4.904099 0.832561 -0.065706 -0.550023 -0.171700 -2.914200
1 2.512800 -0.702000 4.032900 0.964481 0.098280 -0.245188 -0.169200 -2.761000
1 2.489400 -0.135901 5.205600 0.816806 0.471069 -0.333049 -0.016300 -2.836300
larry.png
1 2.489400 -0.135901 5.205600 0.816806 0.471069 -0.333049 -0.016300 -2.836300
1 2.512800 -0.702000 4.032900 0.964481 0.098280 -0.245188 -0.169200 -2.761000
1 1.882800 0.663299 4.608900 0.726996 0.657850 0.196748 -0.043500 -2.714900
larry.png
1 2.727000 -1.773901 5.238899 0.952622 -0.271869 0.136378 1.684600 -2.672100
1 2.848500 -1.748700 5.056200 0.920103 -0.211798 -0.329473 1.688400 -2.659400
1 2.683800 -0.098101 5.372099 0.932162 0.351828 -0.085382 1.683200 -2.681300
larry.png
1 2.600100 -0.212401 5.524199 0.941162 0.334422 -0.048743 1.680600 -2.691900
1 2.683800 -0.098101 5.372099 0.881534 0.456969 0.118649 1.683200 -2.681300
1 1.676700 0.813599 5.476500 0.466293 0.839430 0.279156 1.651400 -2.688600
larry.png
1 1.676700 0.813599 5.476500 0.466293 0.839430 0.279156 1.651400 -2.688600
1 1.636200 0.665999 5.601600 0.315771 0.924285 0.214442 1.650100 -2.697200
1 2.600100 -0.212401 5.524199 0.895819 0.444401 0.004076 1.680600 -2.691900
larry.png
1 2.683800 -0.098101 5.372099 0.887361 0.412440 -0.206117 1.683200 -2.681300
1 2.600100 -0.212401 5.524199 0.941162 0.334422 -0.048743 1.680600 -2.691900
1 2.727000 -1.773901 5.238899 0.952622 -0.271869 0.136378 1.684600 -2.672100
larry.png
1 2.489400 -0.135901 5.205600 0.816806 0.471069 -0.333049 -0.381800 -2.527900
1 1.882800 0.663299 4.608900 0.726996 0.657850 0.196748 -0.295500 -2.534000
1 1.613700 0.707399 5.310000 0.431147 0.882320 -0.188744 -0.322500 -2.604100
larry.png
28 1.098900 5.040900 3.925801 0.634715 0.072145 0.769371 -0.617800 -1.399500
28 0.000000 5.040900 4.280401 0.000000 0.194478 0.980907 -0.617800 -1.486900
27 0.833400 3.489300 4.064401 0.401473 0.043063 0.914858 -0.794200 -1.435600
larry.png
27 1.310400 3.489300 3.591001 0.982521 0.150151 0.110030 -0.794200 -1.377700
28 1.098900 5.040900 3.925801 0.711067 -0.084508 0.698027 -0.617800 -1.399500
27 0.833400 3.489300 4.064401 0.401473 0.043063 0.914858 -0.794200 -1.435600
larry.png
1 1.102500 1.883700 4.131900 0.447142 0.580235 0.680729 -0.960900 -1.419600
1 1.600200 1.883700 3.483900 0.833321 0.551592 -0.036363 -0.960900 -1.356700
27 1.310400 3.489300 3.591001 0.982521 0.150151 0.110030 -0.794200 -1.377700
larry.png
27 0.833400 3.489300 4.064401 0.401473 0.043063 0.914858 -0.794200 -1.435600
1 1.102500 1.883700 4.131900 0.447142 0.580235 0.680729 -0.960900 -1.419600
27 1.310400 3.489300 3.591001 0.982521 0.150151 0.110030 -0.794200 -1.377700
larry.png
27 0.833400 3.489300 4.064401 0.401473 0.043063 0.914858 -0.794200 -1.435600
28 0.000000 5.040900 4.280401 0.000000 0.194478 0.980907 -0.617800 -1.486900
27 0.000000 3.489300 4.238101 0.000000 0.026365 0.999652 -0.794200 -1.492800
larry.png
1 0.000000 1.883699 4.366800 -0.000000 0.405904 0.913916 -0.960900 -1.492800
1 1.102500 1.883700 4.131900 0.447142 0.580235 0.680729 -0.960900 -1.419600
27 0.833400 3.489300 4.064401 0.401473 0.043063 0.914858 -0.794200 -1.435600
larry.png
27 0.000000 3.489300 4.238101 0.000000 0.026365 0.999652 -0.794200 -1.492800
1 0.000000 1.883699 4.366800 -0.000000 0.405904 0.913916 -0.960900 -1.492800
27 0.833400 3.489300 4.064401 0.401473 0.043063 0.914858 -0.794200 -1.435600
larry.png
27 1.310400 3.489300 3.591001 0.982521 0.150151 0.110030 -0.794400 -1.638100
27 0.972000 3.489300 3.159001 0.454551 0.246748 -0.855861 -0.794400 -1.640200
28 1.001700 5.040900 3.594601 0.547603 -0.151547 -0.822900 -0.618500 -1.640300
larry.png
27 1.310400 3.489300 3.591001 0.982521 0.150151 0.110030 -0.794400 -1.638100
28 1.001700 5.040900 3.594601 0.547603 -0.151547 -0.822900 -0.618500 -1.640300
28 1.098900 5.040900 3.925801 0.788938 -0.141734 0.597903 -0.618500 -1.639700
larry.png
27 1.310400 3.489300 3.591001 0.982521 0.150151 0.110030 -0.794400 -1.638100
1 1.600200 1.883700 3.483900 0.833321 0.551592 -0.036363 -0.960700 -1.636300
27 0.972000 3.489300 3.159001 0.454551 0.246748 -0.855861 -0.794400 -1.640200
larry.png
1 1.600200 1.883700 3.483900 0.833321 0.551592 -0.036363 -0.960700 -1.636300
1 1.163700 1.883700 2.781900 0.496398 0.601556 -0.625874 -0.960700 -1.639000
27 0.972000 3.489300 3.159001 0.454551 0.246748 -0.855861 -0.794400 -1.640200
larry.png
28 0.000000 5.040900 3.490201 -0.000000 -0.002675 -0.999996 -0.618500 -1.646300
28 1.001700 5.040900 3.594601 0.477172 0.018697 -0.878611 -0.618500 -1.640300
27 0.972000 3.489300 3.159001 0.454551 0.246748 -0.855861 -0.794400 -1.640200
larry.png
27 0.000000 3.489300 2.995201 0.000000 0.270332 -0.962767 -0.794400 -1.646300
28 0.000000 5.040900 3.490201 -0.000000 -0.002675 -0.999996 -0.618500 -1.646300
27 0.972000 3.489300 3.159001 0.454551 0.246748 -0.855861 -0.794400 -1.640200
larry.png
27 0.972000 3.489300 3.159001 0.454551 0.246748 -0.855861 -0.794400 -1.640200
1 0.000000 1.883700 2.604600 -0.000000 0.499569 -0.866274 -0.960700 -1.646300
27 0.000000 3.489300 2.995201 0.000000 0.270332 -0.962767 -0.794400 -1.646300
larry.png
27 0.972000 3.489300 3.159001 0.454551 0.246748 -0.855861 -0.794400 -1.640200
1 1.163700 1.883700 2.781900 0.496398 0.601556 -0.625874 -0.960700 -1.639000
1 0.000000 1.883700 2.604600 -0.000000 0.499569 -0.866274 -0.960700 -1.646300
larry.png
1 1.846800 -3.341701 4.686299 0.622909 -0.758683 -0.190747 1.656800 -2.633700
1 0.000000 -3.954601 4.547699 -0.000000 -0.999625 -0.027388 1.598400 -2.624100
1 0.000000 -3.771001 4.411799 0.000000 -0.709158 -0.705050 1.598400 -2.614700
larry.png
1 1.706400 -3.230101 4.521599 0.515087 -0.580686 -0.630468 1.652300 -2.622300
1 1.846800 -3.341701 4.686299 0.622909 -0.758683 -0.190747 1.656800 -2.633700
1 0.000000 -3.771001 4.411799 0.000000 -0.709158 -0.705050 1.598400 -2.614700
larry.png
1 2.848500 -1.748700 5.056200 0.920103 -0.211798 -0.329473 1.688400 -2.659400
1 1.846800 -3.341701 4.686299 0.622909 -0.758683 -0.190747 1.656800 -2.633700
1 1.706400 -3.230101 4.521599 0.515087 -0.580686 -0.630468 1.652300 -2.622300
larry.png
1 2.670300 -1.700101 4.904099 0.832561 -0.065706 -0.550023 1.682800 -2.648800
1 2.848500 -1.748700 5.056200 0.920103 -0.211798 -0.329473 1.688400 -2.659400
1 1.706400 -3.230101 4.521599 0.515087 -0.580686 -0.630468 1.652300 -2.622300
larry.png
1 2.683800 -0.098101 5.372099 0.861606 0.343363 -0.373814 1.683200 -2.681300
1 2.848500 -1.748700 5.056200 0.920103 -0.211798 -0.329473 1.688400 -2.659400
1 2.670300 -1.700101 4.904099 0.832561 -0.065706 -0.550023 1.682800 -2.648800
larry.png
1 2.489400 -0.135901 5.205600 0.816806 0.471069 -0.333049 1.677000 -2.669800
1 2.683800 -0.098101 5.372099 0.861606 0.343363 -0.373814 1.683200 -2.681300
1 2.670300 -1.700101 4.904099 0.832561 -0.065706 -0.550023 1.682800 -2.648800
larry.png
1 1.613700 0.707399 5.310000 0.431147 0.882320 -0.188744 1.649400 -2.677000
1 2.683800 -0.098101 5.372099 0.810488 0.467378 -0.353082 1.683200 -2.681300
1 2.489400 -0.135901 5.205600 0.816806 0.471069 -0.333049 1.677000 -2.669800
larry.png
1 1.613700 0.707399 5.310000 0.431147 0.882320 -0.188744 1.649400 -2.677000
1 1.676700 0.813599 5.476500 0.473165 0.873115 -0.117411 1.651400 -2.688600
1 2.683800 -0.098101 5.372099 0.887361 0.412440 -0.206117 1.683200 -2.681300
larry.png
1 0.000000 0.898199 5.331600 0.000000 0.964258 -0.264967 1.598400 -2.678500
1 0.000000 1.033199 5.477400 -0.000000 0.999752 0.022272 1.598400 -2.688600
1 1.676700 0.813599 5.476500 0.236173 0.744874 -0.624007 1.651400 -2.688600
larry.png
1 0.000000 0.898199 5.331600 0.000000 0.964258 -0.264967 1.598400 -2.678500
1 1.676700 0.813599 5.476500 0.426758 0.900665 0.081736 1.651400 -2.688600
1 1.613700 0.707399 5.310000 0.431147 0.882320 -0.188744 1.649400 -2.677000
larry.png
1 1.528200 1.287899 4.351500 0.679010 0.450380 0.579744 0.791600 -1.907600
1 0.000000 1.289699 4.797900 0.000000 0.676123 0.736788 0.510900 -1.890700
1 1.882800 0.663299 4.608900 0.726996 0.657850 0.196748 0.813700 -1.795100
larry.png
1 0.000000 1.810799 4.521600 -0.000000 0.785173 0.619276 -0.429800 -0.692000
1 1.187100 1.793700 4.279500 0.420314 0.664390 0.617998 -0.410100 -0.683400
1 1.102500 1.883700 4.131900 0.447142 0.580235 0.680729 -0.411500 -0.678200
larry.png
1 0.000000 1.810799 4.521600 -0.000000 0.785173 0.619276 -0.429800 -0.692000
1 1.102500 1.883700 4.131900 0.447142 0.580235 0.680729 -0.411500 -0.678200
1 0.000000 1.883699 4.366800 -0.000000 0.405904 0.913916 -0.429800 -0.686500
larry.png
1 1.187100 1.793700 4.279500 0.420314 0.664390 0.617998 -0.410100 -0.683400
1 1.744200 1.745100 3.461400 0.812638 0.582764 0.002471 -0.400800 -0.654500
1 1.600200 1.883700 3.483900 0.833321 0.551592 -0.036363 -0.403200 -0.655300
larry.png
1 1.187100 1.793700 4.279500 0.420314 0.664390 0.617998 -0.410100 -0.683400
1 1.600200 1.883700 3.483900 0.833321 0.551592 -0.036363 -0.403200 -0.655300
1 1.102500 1.883700 4.131900 0.447142 0.580235 0.680729 -0.411500 -0.678200
larry.png
1 1.528200 1.287899 4.351500 0.679010 0.450380 0.579744 -0.404400 -0.686000
1 1.987200 0.672300 3.240000 0.920645 0.267221 -0.284614 -0.396800 -0.646700
1 1.744200 1.745100 3.461400 0.812638 0.582764 0.002471 -0.400800 -0.654500
larry.png
1 1.528200 1.287899 4.351500 0.679010 0.450380 0.579744 -0.404400 -0.686000
1 1.882800 0.663299 4.608900 0.726996 0.657850 0.196748 -0.398500 -0.695100
1 1.987200 0.672300 3.240000 0.920645 0.267221 -0.284614 -0.396800 -0.646700
larry.png
1 1.744200 1.745100 3.461400 0.812638 0.582764 0.002471 -0.260000 -1.984300
1 1.987200 0.672300 3.240000 0.920645 0.267221 -0.284614 -0.381700 -1.910400
1 1.276200 1.755000 2.649600 0.454675 0.519939 -0.723142 -0.140500 -1.896000
larry.png
1 1.744200 1.745100 3.461400 0.812638 0.582764 0.002471 -0.260000 -1.984300
1 1.276200 1.755000 2.649600 0.454675 0.519939 -0.723142 -0.140500 -1.896000
1 1.163700 1.883700 2.781900 0.496398 0.601556 -0.625874 -0.119800 -1.899800
larry.png
1 1.744200 1.745100 3.461400 0.812638 0.582764 0.002471 -0.260000 -1.984300
1 1.163700 1.883700 2.781900 0.496398 0.601556 -0.625874 -0.119800 -1.899800
1 1.600200 1.883700 3.483900 0.833321 0.551592 -0.036363 -0.235100 -1.986600
larry.png
1 0.000000 1.751400 2.483100 0.000000 0.344819 -0.938669 -0.031200 -1.798500
1 1.276200 1.755000 2.649600 0.454675 0.519939 -0.723142 -0.140500 -1.896000
1 1.238400 0.706500 2.469600 0.407351 0.118442 -0.905559 -0.227100 -1.791000
larry.png
1 1.276200 1.755000 2.649600 0.454675 0.519939 -0.723142 -0.140500 -1.896000
1 0.000000 1.751400 2.483100 0.000000 0.344819 -0.938669 -0.031200 -1.798500
1 0.000000 1.883700 2.604600 -0.000000 0.499569 -0.866274 -0.022000 -1.811300
larry.png
1 1.276200 1.755000 2.649600 0.454675 0.519939 -0.723142 -0.140500 -1.896000
1 0.000000 1.883700 2.604600 -0.000000 0.499569 -0.866274 -0.022000 -1.811300
1 1.163700 1.883700 2.781900 0.496398 0.601556 -0.625874 -0.119800 -1.899800
larry.png
1 1.187100 1.793700 4.279500 0.420314 0.664390 0.617998 -0.410100 -0.683400
1 1.528200 1.287899 4.351500 0.679010 0.450380 0.579744 -0.404400 -0.686000
1 1.744200 1.745100 3.461400 0.812638 0.582764 0.002471 -0.400800 -0.654500
larry.png
1 0.000000 1.289699 4.797900 0.000000 0.676123 0.736788 0.510900 -1.890700
1 1.528200 1.287899 4.351500 0.679010 0.450380 0.579744 0.791600 -1.907600
1 1.187100 1.793700 4.279500 0.420314 0.664390 0.617998 0.729300 -1.985300
larry.png
1 0.000000 1.810799 4.521600 -0.000000 0.785173 0.619276 0.510900 -1.977400
1 0.000000 1.289699 4.797900 0.000000 0.676123 0.736788 0.510900 -1.890700
1 1.187100 1.793700 4.279500 0.420314 0.664390 0.617998 0.729300 -1.985300
larry.png
6 -1.008900 -2.072702 17.856899 -0.776013 -0.374448 0.507535 -0.274600 -1.434400
6 -0.826200 -2.177102 17.870399 0.032390 -0.791380 0.610466 -0.287400 -1.433300
6 -0.889200 -1.982702 17.984699 -0.238493 -0.250356 0.938319 -0.288000 -1.459100
larry.png
6 -0.972900 -1.749602 17.936100 -0.483457 0.465871 0.741103 -0.279200 -1.458600
6 -1.103400 -1.758602 17.769600 -0.834325 0.519209 0.185267 -0.268000 -1.435000
6 -1.008900 -2.072702 17.856899 -0.776013 -0.374448 0.507535 -0.274600 -1.434400
larry.png
6 -0.972900 -1.749602 17.936100 -0.483457 0.465871 0.741103 -0.279200 -1.458600
6 -1.008900 -2.072702 17.856899 -0.776013 -0.374448 0.507535 -0.274600 -1.434400
6 -0.889200 -1.982702 17.984699 -0.238493 -0.250356 0.938319 -0.288000 -1.459100
larry.png
6 -0.885600 -1.605602 17.702101 -0.148818 0.988207 0.036045 -0.283200 -1.433700
6 -1.103400 -1.758602 17.769600 -0.834325 0.519209 0.185267 -0.268000 -1.435000
6 -0.972900 -1.749602 17.936100 -0.483457 0.465871 0.741103 -0.279200 -1.458600
larry.png
6 -0.885600 -1.605602 17.702101 -0.148818 0.988207 0.036045 -0.283200 -1.433700
6 -0.972900 -1.749602 17.936100 -0.483457 0.465871 0.741103 -0.279200 -1.458600
6 -0.757800 -1.676702 17.877600 0.158712 0.835858 0.525501 -0.293700 -1.455900
larry.png
6 -0.624600 -1.652402 17.691299 0.578959 0.807223 0.114876 -0.301400 -1.432200
6 -0.885600 -1.605602 17.702101 -0.148818 0.988207 0.036045 -0.283200 -1.433700
6 -0.757800 -1.676702 17.877600 0.158712 0.835858 0.525501 -0.293700 -1.455900
larry.png
6 -0.605700 -1.791002 17.913599 0.699193 0.274755 0.660029 -0.303900 -1.456400
6 -0.624600 -1.652402 17.691299 0.578959 0.807223 0.114876 -0.301400 -1.432200
6 -0.757800 -1.676702 17.877600 0.158712 0.835858 0.525501 -0.293700 -1.455900
larry.png
6 -0.605700 -1.791002 17.913599 0.699193 0.274755 0.660029 -0.303900 -1.456400
6 -0.517500 -1.865702 17.745300 0.964031 0.185702 0.190156 -0.308900 -1.431500
6 -0.624600 -1.652402 17.691299 0.578959 0.807223 0.114876 -0.301400 -1.432200
larry.png
6 -0.628200 -2.082602 17.821800 0.751547 -0.459321 0.473499 -0.301100 -1.432200
6 -0.517500 -1.865702 17.745300 0.964031 0.185702 0.190156 -0.308900 -1.431500
6 -0.605700 -1.791002 17.913599 0.699193 0.274755 0.660029 -0.303900 -1.456400
larry.png
6 -0.826200 -2.177102 17.870399 0.032390 -0.791380 0.610466 -0.287400 -1.433300
6 -0.628200 -2.082602 17.821800 0.751547 -0.459321 0.473499 -0.301100 -1.432200
6 -0.715500 -1.971902 17.964899 0.389236 -0.298015 0.871598 -0.299200 -1.457800
larry.png
6 -0.826200 -2.177102 17.870399 0.032390 -0.791380 0.610466 -0.287400 -1.433300
6 -0.715500 -1.971902 17.964899 0.389236 -0.298015 0.871598 -0.299200 -1.457800
6 -0.889200 -1.982702 17.984699 -0.238493 -0.250356 0.938319 -0.288000 -1.459100
larry.png
6 -0.628200 -2.082602 17.821800 0.751547 -0.459321 0.473499 -0.301100 -1.432200
6 -0.496800 -1.894502 17.606701 0.988177 -0.141333 0.059432 -0.308800 -1.395300
6 -0.517500 -1.865702 17.745300 0.964031 0.185702 0.190156 -0.308900 -1.431500
larry.png
6 -0.618300 -2.158202 17.288099 0.774026 -0.618713 -0.134454 -0.300600 -1.360000
6 -0.496800 -1.894502 17.606701 0.988177 -0.141333 0.059432 -0.308800 -1.395300
6 -0.603900 -2.175302 17.469000 0.686860 -0.726754 -0.007210 -0.299700 -1.382600
larry.png
6 -1.129500 -1.813502 17.589600 -0.998255 0.051964 -0.028039 -0.261400 -1.396100
6 -1.008900 -2.072702 17.856899 -0.776013 -0.374448 0.507535 -0.274600 -1.434400
6 -1.103400 -1.758602 17.769600 -0.834325 0.519209 0.185267 -0.268000 -1.435000
larry.png
6 -1.129500 -1.813502 17.589600 -0.998255 0.051964 -0.028039 -0.261400 -1.396100
6 -1.087200 -1.882802 17.262899 -0.899655 0.311155 -0.306275 -0.266400 -1.358400
6 -1.003500 -2.158202 17.267399 -0.756208 -0.568883 -0.323298 -0.272500 -1.358700
larry.png
6 -1.029600 -2.185202 17.455500 -0.702723 -0.710993 -0.025869 -0.271900 -1.382200
6 -1.129500 -1.813502 17.589600 -0.998255 0.051964 -0.028039 -0.261400 -1.396100
6 -1.003500 -2.158202 17.267399 -0.756208 -0.568883 -0.323298 -0.272500 -1.358700
larry.png
6 -0.896400 -1.663202 17.544600 -0.367651 0.893155 -0.259051 -0.279100 -1.395700
6 -1.103400 -1.758602 17.769600 -0.834325 0.519209 0.185267 -0.268000 -1.435000
6 -0.885600 -1.605602 17.702101 -0.148818 0.988207 0.036045 -0.283200 -1.433700
larry.png
6 -0.896400 -1.663202 17.544600 -0.367651 0.893155 -0.259051 -0.279100 -1.395700
6 -1.129500 -1.813502 17.589600 -0.998255 0.051964 -0.028039 -0.261400 -1.396100
6 -1.103400 -1.758602 17.769600 -0.834325 0.519209 0.185267 -0.268000 -1.435000
larry.png
6 -1.087200 -1.882802 17.262899 -0.899655 0.311155 -0.306275 -0.266400 -1.358400
6 -1.129500 -1.813502 17.589600 -0.998255 0.051964 -0.028039 -0.261400 -1.396100
6 -0.896400 -1.663202 17.544600 -0.367651 0.893155 -0.259051 -0.279100 -1.395700
larry.png
6 -0.889200 -1.734302 17.273699 -0.225987 0.956038 -0.186871 -0.280800 -1.359000
6 -1.087200 -1.882802 17.262899 -0.899655 0.311155 -0.306275 -0.266400 -1.358400
6 -0.896400 -1.663202 17.544600 -0.367651 0.893155 -0.259051 -0.279100 -1.395700
larry.png
6 -0.627300 -1.691102 17.556301 0.551510 0.802882 -0.226310 -0.299500 -1.395300
6 -0.885600 -1.605602 17.702101 -0.148818 0.988207 0.036045 -0.283200 -1.433700
6 -0.624600 -1.652402 17.691299 0.578959 0.807223 0.114876 -0.301400 -1.432200
larry.png
6 -0.889200 -1.734302 17.273699 -0.225987 0.956038 -0.186871 -0.280800 -1.359000
6 -0.896400 -1.663202 17.544600 -0.367651 0.893155 -0.259051 -0.279100 -1.395700
6 -0.627300 -1.691102 17.556301 0.551510 0.802882 -0.226310 -0.299500 -1.395300
larry.png
6 -0.627300 -1.691102 17.556301 0.551510 0.802882 -0.226310 -0.299500 -1.395300
6 -0.896400 -1.663202 17.544600 -0.367651 0.893155 -0.259051 -0.279100 -1.395700
6 -0.885600 -1.605602 17.702101 -0.148818 0.988207 0.036045 -0.283200 -1.433700
larry.png
6 -0.630000 -1.778402 17.287199 0.478823 0.876142 -0.055714 -0.299700 -1.359900
6 -0.889200 -1.734302 17.273699 -0.225987 0.956038 -0.186871 -0.280800 -1.359000
6 -0.627300 -1.691102 17.556301 0.551510 0.802882 -0.226310 -0.299500 -1.395300
larry.png
6 -0.517500 -1.865702 17.745300 0.964031 0.185702 0.190156 -0.308900 -1.431500
6 -0.627300 -1.691102 17.556301 0.551510 0.802882 -0.226310 -0.299500 -1.395300
6 -0.624600 -1.652402 17.691299 0.578959 0.807223 0.114876 -0.301400 -1.432200
larry.png
6 -0.627300 -1.691102 17.556301 0.551510 0.802882 -0.226310 -0.299500 -1.395300
6 -0.496800 -1.894502 17.606701 0.988177 -0.141333 0.059432 -0.308800 -1.395300
6 -0.508500 -1.963802 17.294399 0.978137 0.201146 -0.052800 -0.308600 -1.360300
larry.png
6 -0.517500 -1.865702 17.745300 0.964031 0.185702 0.190156 -0.308900 -1.431500
6 -0.496800 -1.894502 17.606701 0.988177 -0.141333 0.059432 -0.308800 -1.395300
6 -0.627300 -1.691102 17.556301 0.551510 0.802882 -0.226310 -0.299500 -1.395300
larry.png
6 -0.508500 -1.963802 17.294399 0.978137 0.201146 -0.052800 -0.308600 -1.360300
6 -0.630000 -1.778402 17.287199 0.478823 0.876142 -0.055714 -0.299700 -1.359900
6 -0.627300 -1.691102 17.556301 0.551510 0.802882 -0.226310 -0.299500 -1.395300
larry.png
6 -0.610200 -2.151002 17.645401 0.674062 -0.694875 0.250578 -0.300100 -1.405600
6 -0.628200 -2.082602 17.821800 0.751547 -0.459321 0.473499 -0.301100 -1.432200
6 -0.826200 -2.177102 17.870399 0.032390 -0.791380 0.610466 -0.287400 -1.433300
larry.png
6 -0.603900 -2.175302 17.469000 0.686860 -0.726754 -0.007210 -0.299700 -1.382600
6 -0.496800 -1.894502 17.606701 0.988177 -0.141333 0.059432 -0.308800 -1.395300
6 -0.610200 -2.151002 17.645401 0.674062 -0.694875 0.250578 -0.300100 -1.405600
larry.png
6 -0.628200 -2.082602 17.821800 0.751547 -0.459321 0.473499 -0.301100 -1.432200
6 -0.610200 -2.151002 17.645401 0.674062 -0.694875 0.250578 -0.300100 -1.405600
6 -0.496800 -1.894502 17.606701 0.988177 -0.141333 0.059432 -0.308800 -1.395300
larry.png
6 -1.129500 -1.813502 17.589600 -0.998255 0.051964 -0.028039 -0.261400 -1.396100
6 -1.029600 -2.185202 17.455500 -0.702723 -0.710993 -0.025869 -0.271900 -1.382200
6 -1.017000 -2.150102 17.658001 -0.691765 -0.676412 0.252840 -0.269200 -1.406700
larry.png
6 -0.826200 -2.177102 17.870399 0.032390 -0.791380 0.610466 -0.287400 -1.433300
6 -1.008900 -2.072702 17.856899 -0.776013 -0.374448 0.507535 -0.274600 -1.434400
6 -1.017000 -2.150102 17.658001 -0.691765 -0.676412 0.252840 -0.269200 -1.406700
larry.png
6 -1.129500 -1.813502 17.589600 -0.998255 0.051964 -0.028039 -0.261400 -1.396100
6 -1.017000 -2.150102 17.658001 -0.691765 -0.676412 0.252840 -0.269200 -1.406700
6 -1.008900 -2.072702 17.856899 -0.776013 -0.374448 0.507535 -0.274600 -1.434400
larry.png
6 -1.017000 -2.150102 17.658001 -0.691765 -0.676412 0.252840 -0.269200 -1.406700
6 -0.810000 -2.271603 17.652601 0.023828 -0.967835 0.250455 -0.285800 -1.402100
6 -0.826200 -2.177102 17.870399 0.032390 -0.791380 0.610466 -0.287400 -1.433300
larry.png
6 -0.602100 -2.084402 16.994699 0.657979 -0.709286 -0.252936 -0.302400 -1.317000
6 -0.527400 -1.922402 17.018101 0.993734 -0.099001 0.051890 -0.307600 -1.318200
6 -0.618300 -2.158202 17.288099 0.774026 -0.618713 -0.134454 -0.300600 -1.360000
larry.png
6 -0.736200 -2.150102 16.959600 0.066948 -0.860864 -0.504412 -0.293300 -1.315100
6 -0.602100 -2.084402 16.994699 0.657979 -0.709286 -0.252936 -0.302400 -1.317000
6 -0.795600 -2.253602 17.254799 0.047970 -0.945998 -0.320604 -0.287000 -1.363700
larry.png
6 -0.874800 -2.068202 16.940701 -0.640565 -0.532219 -0.553552 -0.283900 -1.314100
6 -0.736200 -2.150102 16.959600 0.066948 -0.860864 -0.504412 -0.293300 -1.315100
6 -0.795600 -2.253602 17.254799 0.047970 -0.945998 -0.320604 -0.287000 -1.363700
larry.png
6 -0.948600 -1.843202 16.939800 -0.827898 0.471361 -0.303980 -0.278900 -1.314100
6 -1.087200 -1.882802 17.262899 -0.899655 0.311155 -0.306275 -0.266400 -1.358400
6 -0.889200 -1.734302 17.273699 -0.225987 0.956038 -0.186871 -0.280800 -1.359000
larry.png
6 -0.783900 -1.729802 16.972200 -0.165160 0.977275 0.132874 -0.288400 -1.315800
6 -0.889200 -1.734302 17.273699 -0.225987 0.956038 -0.186871 -0.280800 -1.359000
6 -0.630000 -1.778402 17.287199 0.478823 0.876142 -0.055714 -0.299700 -1.359900
larry.png
6 -0.783900 -1.729802 16.972200 -0.165160 0.977275 0.132874 -0.288400 -1.315800
6 -0.948600 -1.843202 16.939800 -0.827898 0.471361 -0.303980 -0.278900 -1.314100
6 -0.889200 -1.734302 17.273699 -0.225987 0.956038 -0.186871 -0.280800 -1.359000
larry.png
6 -0.604800 -1.764902 17.001900 0.657655 0.709889 0.252087 -0.300600 -1.317300
6 -0.630000 -1.778402 17.287199 0.478823 0.876142 -0.055714 -0.299700 -1.359900
6 -0.508500 -1.963802 17.294399 0.978137 0.201146 -0.052800 -0.308600 -1.360300
larry.png
6 -0.604800 -1.764902 17.001900 0.657655 0.709889 0.252087 -0.300600 -1.317300
6 -0.783900 -1.729802 16.972200 -0.165160 0.977275 0.132874 -0.288400 -1.315800
6 -0.630000 -1.778402 17.287199 0.478823 0.876142 -0.055714 -0.299700 -1.359900
larry.png
6 -0.527400 -1.922402 17.018101 0.993734 -0.099001 0.051890 -0.307600 -1.318200
6 -0.604800 -1.764902 17.001900 0.657655 0.709889 0.252087 -0.300600 -1.317300
6 -0.508500 -1.963802 17.294399 0.978137 0.201146 -0.052800 -0.308600 -1.360300
larry.png
6 -0.757800 -1.676702 17.877600 0.158712 0.835858 0.525501 -0.293700 -1.455900
6 -0.972900 -1.749602 17.936100 -0.483457 0.465871 0.741103 -0.279200 -1.458600
6 -0.779400 -1.784702 17.994600 0.121442 0.311772 0.942364 -0.292800 -1.462700
larry.png
6 -0.889200 -1.982702 17.984699 -0.238493 -0.250356 0.938319 -0.288000 -1.459100
6 -0.715500 -1.971902 17.964899 0.389236 -0.298015 0.871598 -0.299200 -1.457800
6 -0.779400 -1.784702 17.994600 0.121442 0.311772 0.942364 -0.292800 -1.462700
larry.png
6 -0.605700 -1.791002 17.913599 0.699193 0.274755 0.660029 -0.303900 -1.456400
6 -0.757800 -1.676702 17.877600 0.158712 0.835858 0.525501 -0.293700 -1.455900
6 -0.779400 -1.784702 17.994600 0.121442 0.311772 0.942364 -0.292800 -1.462700
larry.png
6 -0.826200 -2.177102 17.870399 0.032390 -0.791380 0.610466 -0.287400 -1.433300
6 -0.810000 -2.271603 17.652601 0.023828 -0.967835 0.250455 -0.285800 -1.402100
6 -0.610200 -2.151002 17.645401 0.674062 -0.694875 0.250578 -0.300100 -1.405600
larry.png
6 -0.932400 -2.219402 17.301600 -0.421943 -0.874157 -0.240443 -0.279700 -1.371200
6 -1.029600 -2.185202 17.455500 -0.702723 -0.710993 -0.025869 -0.271900 -1.382200
6 -1.003500 -2.158202 17.267399 -0.756208 -0.568883 -0.323298 -0.272500 -1.358700
larry.png
6 -0.924300 -2.233802 17.585100 -0.451342 -0.882482 0.132348 -0.278400 -1.393400
6 -1.017000 -2.150102 17.658001 -0.691765 -0.676412 0.252840 -0.269200 -1.406700
6 -1.029600 -2.185202 17.455500 -0.702723 -0.710993 -0.025869 -0.271900 -1.382200
larry.png
6 -0.810000 -2.271603 17.652601 0.023828 -0.967835 0.250455 -0.285800 -1.402100
6 -1.017000 -2.150102 17.658001 -0.691765 -0.676412 0.252840 -0.269200 -1.406700
6 -0.924300 -2.233802 17.585100 -0.451342 -0.882482 0.132348 -0.278400 -1.393400
larry.png
6 -0.610200 -2.151002 17.645401 0.674062 -0.694875 0.250578 -0.300100 -1.405600
6 -0.810000 -2.271603 17.652601 0.023828 -0.967835 0.250455 -0.285800 -1.402100
6 -0.694800 -2.221202 17.584200 0.483113 -0.870774 0.091401 -0.293800 -1.393500
larry.png
6 -0.604800 -1.764902 17.001900 0.657655 0.709889 0.252087 -0.300600 -1.317300
3 -0.591300 -1.644302 16.775999 0.225937 0.899205 0.374676 -0.300800 -1.274900
6 -0.783900 -1.729802 16.972200 -0.165160 0.977275 0.132874 -0.288400 -1.315800
larry.png
3 -0.449100 -1.776602 16.683300 0.932954 0.219443 0.285378 -0.307400 -1.275500
3 -0.591300 -1.644302 16.775999 0.225937 0.899205 0.374676 -0.300800 -1.274900
6 -0.604800 -1.764902 17.001900 0.657655 0.709889 0.252087 -0.300600 -1.317300
larry.png
6 -0.604800 -1.764902 17.001900 0.657655 0.709889 0.252087 -0.300600 -1.317300
6 -0.527400 -1.922402 17.018101 0.993734 -0.099001 0.051890 -0.307600 -1.318200
3 -0.449100 -1.776602 16.683300 0.932954 0.219443 0.285378 -0.307400 -1.275500
larry.png
3 -0.594900 -1.782002 16.564501 0.052488 -0.882409 -0.467546 -0.300200 -1.269600
6 -0.602100 -2.084402 16.994699 0.657979 -0.709286 -0.252936 -0.302400 -1.317000
6 -0.736200 -2.150102 16.959600 0.066948 -0.860864 -0.504412 -0.293300 -1.315100
larry.png
6 -0.874800 -2.068202 16.940701 -0.640565 -0.532219 -0.553552 -0.283900 -1.314100
3 -0.594900 -1.782002 16.564501 0.017253 -0.714091 -0.699840 -0.300200 -1.269600
6 -0.736200 -2.150102 16.959600 0.066948 -0.860864 -0.504412 -0.293300 -1.315100
larry.png
6 -0.527400 -1.922402 17.018101 0.993734 -0.099001 0.051890 -0.307600 -1.318200
6 -0.602100 -2.084402 16.994699 0.657979 -0.709286 -0.252936 -0.302400 -1.317000
3 -0.449100 -1.776602 16.683300 0.995069 -0.053259 0.083670 -0.307400 -1.275500
larry.png
6 -0.602100 -2.084402 16.994699 0.657979 -0.709286 -0.252936 -0.302400 -1.317000
3 -0.594900 -1.782002 16.564501 0.052488 -0.882409 -0.467546 -0.300200 -1.269600
3 -0.449100 -1.776602 16.683300 0.305926 -0.897361 -0.318043 -0.307400 -1.275500
larry.png
3 -0.762300 -1.661402 16.635599 -0.528010 -0.669443 -0.522543 -0.293400 -1.271800
3 -0.594900 -1.782002 16.564501 0.017253 -0.714091 -0.699840 -0.300200 -1.269600
6 -0.874800 -2.068202 16.940701 -0.640565 -0.532219 -0.553552 -0.283900 -1.314100
larry.png
3 -0.762300 -1.661402 16.635599 -0.714599 0.685686 -0.138503 -0.293400 -1.271800
6 -0.948600 -1.843202 16.939800 -0.827898 0.471361 -0.303980 -0.278900 -1.314100
6 -0.783900 -1.729802 16.972200 -0.165160 0.977275 0.132874 -0.288400 -1.315800
larry.png
3 -0.762300 -1.661402 16.635599 -0.417850 0.895180 0.155094 -0.293400 -1.271800
6 -0.783900 -1.729802 16.972200 -0.165160 0.977275 0.132874 -0.288400 -1.315800
3 -0.591300 -1.644302 16.775999 0.225937 0.899205 0.374676 -0.300800 -1.274900
larry.png
2 0.000000 -4.641301 9.958501 -0.000000 -0.978047 -0.208382 1.260100 -2.260200
2 0.000000 -4.524301 11.636100 0.000000 -0.968873 0.247557 1.260100 -2.281500
2 -2.533500 -4.002302 11.631600 -0.397475 -0.906908 0.139754 1.221500 -2.281400
larry.png
2 0.000000 -4.302001 9.581400 -0.000000 -0.897741 -0.440523 1.260100 -2.255500
2 0.000000 -4.641301 9.958501 -0.000000 -0.978047 -0.208382 1.260100 -2.260200
2 -2.248200 -4.109401 9.857699 -0.397341 -0.856941 -0.328286 1.225000 -2.258900
larry.png
3 0.000000 -1.681202 17.169300 0.000000 -0.456544 0.889701 1.260100 -2.351600
3 0.000000 -0.672302 17.529301 0.000001 0.002878 0.999996 1.260100 -2.356100
3 -0.619200 -0.672302 17.434799 -0.362773 -0.159828 0.918069 1.250400 -2.354900
larry.png
3 0.000000 -1.681202 17.169300 0.000000 -0.456544 0.889701 1.260100 -2.351600
3 -0.619200 -0.672302 17.434799 -0.362773 -0.159828 0.918069 1.250400 -2.354900
3 -0.528300 -1.591202 17.137800 -0.360926 -0.578767 0.731273 1.251800 -2.351200
larry.png
3 0.000000 -2.094302 16.775999 -0.000000 -0.738394 0.674370 1.260100 -2.346600
3 0.000000 -1.681202 17.169300 0.000000 -0.456544 0.889701 1.260100 -2.351600
3 -0.528300 -1.591202 17.137800 -0.360926 -0.578767 0.731273 1.251800 -2.351200
larry.png
2 -2.533500 2.983498 11.653201 -0.251477 0.947461 -0.197677 2.361000 -2.891700
2 0.000000 3.374998 11.648701 0.000000 0.994006 -0.109322 2.241100 -2.891500
2 0.000000 2.584799 9.279902 0.000000 0.930103 -0.367299 2.241100 -2.805600
larry.png
2 0.000000 3.374998 11.648701 0.000000 0.994006 -0.109322 2.241100 -2.891500
2 -2.533500 2.983498 11.653201 -0.251477 0.947461 -0.197677 2.361000 -2.891700
2 -2.343600 3.037498 13.780802 -0.232274 0.946986 0.221959 2.354800 -2.964700
larry.png
2 0.000000 3.366898 13.809601 -0.000000 0.967679 0.252185 2.241100 -2.965700
2 0.000000 3.374998 11.648701 0.000000 0.994006 -0.109322 2.241100 -2.891500
2 -2.343600 3.037498 13.780802 -0.232274 0.946986 0.221959 2.354800 -2.964700
larry.png
2 0.000000 3.366898 13.809601 -0.000000 0.967679 0.252185 2.241100 -2.965700
2 -2.343600 3.037498 13.780802 -0.232274 0.946986 0.221959 2.354800 -2.964700
2 0.000000 2.592898 15.207301 0.000000 0.755453 0.655202 2.241100 -2.980600
larry.png
2 -3.879900 -2.919601 9.900901 -0.801073 -0.455099 -0.388801 1.199400 -2.259500
2 -4.175100 -2.734201 11.635200 -0.833210 -0.552943 0.003776 1.196400 -2.281500
2 -4.678200 -0.439202 11.648700 -0.990715 -0.023970 -0.133826 1.188700 -2.281600
larry.png
2 -3.879900 -2.919601 9.900901 -0.801073 -0.455099 -0.388801 1.199400 -2.259500
2 -2.248200 -4.109401 9.857699 -0.397341 -0.856941 -0.328286 1.225000 -2.258900
2 -4.175100 -2.734201 11.635200 -0.833210 -0.552943 0.003776 1.196400 -2.281500
larry.png
2 -3.879900 -2.919601 9.900901 -0.801073 -0.455099 -0.388801 1.199400 -2.259500
2 -4.678200 -0.439202 11.648700 -0.990715 -0.023970 -0.133826 1.188700 -2.281600
2 -4.243500 -0.696601 9.981900 -0.956628 0.004256 -0.291282 1.193700 -2.260500
larry.png
1 0.000000 1.481399 7.290000 -0.000000 0.912488 -0.409104 2.241100 -2.733600
1 -2.810700 1.114199 7.290000 -0.402593 0.777057 -0.483840 2.377400 -2.733600
2 -2.372400 2.270699 9.279902 -0.197393 0.895605 -0.398657 2.356200 -2.805600
larry.png
2 0.000000 2.584799 9.279902 0.000000 0.930103 -0.367299 2.241100 -2.805600
1 0.000000 1.481399 7.290000 -0.000000 0.912488 -0.409104 2.241100 -2.733600
2 -2.372400 2.270699 9.279902 -0.197393 0.895605 -0.398657 2.356200 -2.805600
larry.png
2 -4.247100 1.016999 9.387000 -0.962538 -0.038732 -0.268365 2.447100 -2.809500
1 -3.511800 0.381599 7.290000 -0.870822 0.206361 -0.446188 2.411400 -2.733600
1 -3.379500 0.079199 7.289999 -0.944582 -0.188076 -0.269060 2.405000 -2.733600
larry.png
2 0.000000 -4.302001 9.581400 -0.000000 -0.897741 -0.440523 1.260100 -2.255500
2 -2.248200 -4.109401 9.857699 -0.397341 -0.856941 -0.328286 1.225000 -2.258900
2 -2.159100 -3.800701 9.403200 -0.398985 -0.850264 -0.343311 1.226300 -2.253200
larry.png
2 -3.879900 -2.919601 9.900901 -0.801073 -0.455099 -0.388801 1.199400 -2.259500
2 -2.159100 -3.800701 9.403200 -0.398985 -0.850264 -0.343311 1.226300 -2.253200
2 -2.248200 -4.109401 9.857699 -0.397341 -0.856941 -0.328286 1.225000 -2.258900
larry.png
2 -3.879900 -2.919601 9.900901 -0.801073 -0.455099 -0.388801 1.199400 -2.259500
2 -3.730500 -2.532601 9.520201 -0.820145 -0.475436 -0.318312 1.201800 -2.254700
2 -2.159100 -3.800701 9.403200 -0.398985 -0.850264 -0.343311 1.226300 -2.253200
larry.png
1 -1.882800 0.663299 4.608900 -0.726996 0.657850 0.196748 -1.413100 -1.517400
1 -1.987200 0.672300 3.240000 -0.920645 0.267221 -0.284614 -1.335200 -1.688700
1 -2.512800 -0.702000 4.032900 -0.964481 0.098280 -0.245188 -1.260600 -1.534100
larry.png
28 -0.616500 5.506200 3.916801 -0.208081 0.423728 0.881565 -0.569900 -1.535900
28 0.000000 5.040900 4.280401 0.000000 0.194478 0.980907 -0.617800 -1.486900
28 0.000000 5.427899 4.100401 0.000000 0.452586 0.891721 -0.574600 -1.486900
larry.png
28 -0.410400 6.291900 3.536101 -0.304952 0.771971 0.557732 -0.522500 -1.519500
28 -0.707400 6.162300 3.478501 -0.202338 0.771242 0.603528 -0.530400 -1.543200
28 -0.616500 5.506200 3.916801 -0.208081 0.423728 0.881565 -0.569900 -1.535900
larry.png
2 0.000000 -3.888902 13.315500 -0.000000 -0.751036 0.660261 1.260100 -2.305600
2 -2.345400 -3.426302 13.503599 -0.264405 -0.777579 0.570491 1.223400 -2.305900
2 0.000000 -4.524301 11.636100 0.000000 -0.968873 0.247557 1.260100 -2.281500
larry.png
2 -2.113200 -2.731502 14.135401 -0.107292 -0.502757 0.857743 1.227100 -2.316900
2 -2.345400 -3.426302 13.503599 -0.264405 -0.777579 0.570491 1.223400 -2.305900
2 0.000000 -3.888902 13.315500 -0.000000 -0.751036 0.660261 1.260100 -2.305600
larry.png
2 -4.781700 -0.270002 13.663800 -0.931082 -0.105322 0.349275 1.190800 -2.307200
2 -4.678200 -0.439202 11.648700 -0.990715 -0.023970 -0.133826 1.188700 -2.281600
2 -4.175100 -2.734201 11.635200 -0.833210 -0.552943 0.003776 1.196400 -2.281500
larry.png
2 -4.095900 -2.367902 13.644000 -0.635870 -0.560472 0.530603 1.201600 -2.306900
2 -4.781700 -0.270002 13.663800 -0.931082 -0.105322 0.349275 1.190800 -2.307200
2 -4.175100 -2.734201 11.635200 -0.833210 -0.552943 0.003776 1.196400 -2.281500
larry.png
2 -4.095900 -2.367902 13.644000 -0.635870 -0.560472 0.530603 1.201600 -2.306900
2 -4.175100 -2.734201 11.635200 -0.833210 -0.552943 0.003776 1.196400 -2.281500
2 -2.533500 -4.002302 11.631600 -0.397475 -0.906908 0.139754 1.221500 -2.281400
larry.png
2 -3.884400 -0.330302 14.581800 -0.465848 -0.229349 0.854625 1.204600 -2.318800
2 -4.781700 -0.270002 13.663800 -0.931082 -0.105322 0.349275 1.190800 -2.307200
2 -4.095900 -2.367902 13.644000 -0.635870 -0.560472 0.530603 1.201600 -2.306900
larry.png
2 -3.250800 -1.692902 14.371200 -0.188964 -0.367297 0.910706 1.213600 -2.316100
2 -4.095900 -2.367902 13.644000 -0.635870 -0.560472 0.530603 1.201600 -2.306900
2 -2.345400 -3.426302 13.503599 -0.264405 -0.777579 0.570491 1.223400 -2.305900
larry.png
2 -3.250800 -1.692902 14.371200 -0.188964 -0.367297 0.910706 1.213600 -2.316100
2 -2.345400 -3.426302 13.503599 -0.264405 -0.777579 0.570491 1.223400 -2.305900
2 -2.113200 -2.731502 14.135401 -0.107292 -0.502757 0.857743 1.227100 -2.316900
larry.png
2 -4.095900 -2.367902 13.644000 -0.635870 -0.560472 0.530603 1.201600 -2.306900
2 -3.250800 -1.692902 14.371200 -0.188964 -0.367297 0.910706 1.213600 -2.316100
2 -3.884400 -0.330302 14.581800 -0.465848 -0.229349 0.854625 1.204600 -2.318800
larry.png
2 -2.343600 3.037498 13.780802 -0.232274 0.946986 0.221959 2.354800 -2.964700
2 -2.538000 2.112298 15.118201 -0.232550 0.613696 0.754518 2.364200 -2.977400
2 0.000000 2.592898 15.207301 0.000000 0.755453 0.655202 2.241100 -2.980600
larry.png
2 0.000000 1.812598 15.647400 -0.000000 0.213879 0.976860 2.241100 -2.994100
2 0.000000 2.592898 15.207301 0.000000 0.755453 0.655202 2.241100 -2.980600
2 -2.538000 2.112298 15.118201 -0.232550 0.613696 0.754518 2.364200 -2.977400
larry.png
2 -4.650300 2.270698 13.770000 -0.600291 0.707595 0.372773 2.447200 -2.966700
2 -2.538000 2.112298 15.118201 -0.232550 0.613696 0.754518 2.364200 -2.977400
2 -2.343600 3.037498 13.780802 -0.232274 0.946986 0.221959 2.354800 -2.964700
larry.png
3 -0.577800 -2.257202 15.622200 -0.546719 -0.822707 0.155728 1.251100 -2.331900
3 -0.585900 -2.288702 15.391800 -0.693510 -0.720035 0.024351 1.251000 -2.329800
3 0.000000 -2.525402 15.346800 -0.000000 -0.957003 0.290077 1.260100 -2.328500
larry.png
2 -1.684800 -1.329302 14.678101 -0.535380 -0.562489 0.630059 1.233800 -2.320000
2 -1.902600 0.028798 15.051600 -0.533770 -0.186617 0.824781 1.230400 -2.324700
2 -3.250800 -1.692902 14.371200 -0.188964 -0.367297 0.910706 1.213600 -2.316100
larry.png
2 -1.902600 0.028798 15.051600 -0.533770 -0.186617 0.824781 1.230400 -2.324700
2 -1.684800 -1.329302 14.678101 -0.535380 -0.562489 0.630059 1.233800 -2.320000
3 -1.405800 -1.338302 15.903000 -0.813861 -0.544637 0.202486 1.238100 -2.339100
larry.png
2 -1.902600 0.028798 15.051600 -0.533770 -0.186617 0.824781 1.230400 -2.324700
3 -1.405800 -1.338302 15.903000 -0.813861 -0.544637 0.202486 1.238100 -2.339100
3 -1.584000 -0.198902 16.145100 -0.923124 0.136147 0.359592 1.236400 -2.340400
larry.png
2 -1.136700 1.223998 15.462001 -0.441464 0.178679 0.879308 1.242300 -2.329900
2 -1.902600 0.028798 15.051600 -0.533770 -0.186617 0.824781 1.230400 -2.324700
3 -1.584000 -0.198902 16.145100 -0.923124 0.136147 0.359592 1.236400 -2.340400
larry.png
2 -1.136700 1.223998 15.462001 -0.441464 0.178679 0.879308 1.242300 -2.329900
3 -1.584000 -0.198902 16.145100 -0.923124 0.136147 0.359592 1.236400 -2.340400
3 -1.024200 0.831598 16.329599 -0.446309 0.760514 0.471622 1.246400 -2.340900
larry.png
3 -1.584000 -0.198902 16.145100 -0.923124 0.136147 0.359592 1.236400 -2.340400
3 -1.405800 -1.338302 15.903000 -0.813861 -0.544637 0.202486 1.238100 -2.339100
3 -1.062900 -1.296902 16.850700 -0.740302 -0.376033 0.557271 1.243500 -2.347500
larry.png
3 -1.062900 -1.296902 16.850700 -0.740302 -0.376033 0.557271 1.243500 -2.347500
3 -0.528300 -1.591202 17.137800 -0.360926 -0.578767 0.731273 1.251800 -2.351200
3 -0.619200 -0.672302 17.434799 -0.362773 -0.159828 0.918069 1.250400 -2.354900
larry.png
3 -1.062900 -1.296902 16.850700 -0.740302 -0.376033 0.557271 1.243500 -2.347500
3 -1.209600 -0.471602 17.060400 -0.767787 -0.019053 0.640422 1.241200 -2.350200
3 -1.584000 -0.198902 16.145100 -0.923124 0.136147 0.359592 1.236400 -2.340400
larry.png
3 -1.062900 -1.296902 16.850700 -0.740302 -0.376033 0.557271 1.243500 -2.347500
3 -0.619200 -0.672302 17.434799 -0.362773 -0.159828 0.918069 1.250400 -2.354900
3 -1.209600 -0.471602 17.060400 -0.767787 -0.019053 0.640422 1.241200 -2.350200
larry.png
3 0.000000 -0.672302 17.529301 0.000001 0.002878 0.999996 1.260100 -2.356100
3 0.000000 0.381598 17.402399 0.000000 0.638931 0.769264 1.260100 -2.354500
3 -0.833400 0.248398 17.186399 -0.520122 0.356087 0.776322 1.247100 -2.351800
larry.png
3 -0.833400 0.248398 17.186399 -0.520122 0.356087 0.776322 1.247100 -2.351800
3 -1.209600 -0.471602 17.060400 -0.767787 -0.019053 0.640422 1.241200 -2.350200
3 -0.619200 -0.672302 17.434799 -0.362773 -0.159828 0.918069 1.250400 -2.354900
larry.png
2 -4.388400 2.228399 11.651402 -0.692136 0.700186 -0.175176 2.448800 -2.891600
2 -2.343600 3.037498 13.780802 -0.232274 0.946986 0.221959 2.354800 -2.964700
2 -2.533500 2.983498 11.653201 -0.251477 0.947461 -0.197677 2.361000 -2.891700
larry.png
2 -4.388400 2.228399 11.651402 -0.692136 0.700186 -0.175176 2.448800 -2.891600
2 -4.650300 2.270698 13.770000 -0.600291 0.707595 0.372773 2.447200 -2.966700
2 -2.343600 3.037498 13.780802 -0.232274 0.946986 0.221959 2.354800 -2.964700
larry.png
2 -3.711600 1.793699 9.279901 -0.555544 0.736611 -0.385714 2.421100 -2.805600
2 -4.388400 2.228399 11.651402 -0.692136 0.700186 -0.175176 2.448800 -2.891600
2 -2.533500 2.983498 11.653201 -0.251477 0.947461 -0.197677 2.361000 -2.891700
larry.png
2 -3.711600 1.793699 9.279901 -0.555544 0.736611 -0.385714 2.421100 -2.805600
2 -2.533500 2.983498 11.653201 -0.251477 0.947461 -0.197677 2.361000 -2.891700
2 -2.372400 2.270699 9.279902 -0.197393 0.895605 -0.398657 2.356200 -2.805600
larry.png
1 0.000000 -0.396900 2.218500 -0.000000 -0.094384 -0.995536 1.781200 -1.718700
1 0.000000 -1.985400 2.484900 -0.000000 -0.419075 -0.907952 1.781200 -1.877900
1 -1.131300 -1.659600 2.619000 -0.301494 -0.371960 -0.877922 1.650500 -1.862900
larry.png
2 -4.977900 1.526398 13.753800 -0.964495 -0.167852 0.203897 2.461700 -2.967800
2 -4.810500 1.394099 11.650500 -0.968994 -0.197925 -0.147904 2.468700 -2.891500
2 -4.485600 0.917098 11.649600 -0.964146 -0.223270 -0.143431 2.453400 -2.891500
larry.png
2 -4.977900 1.526398 13.753800 -0.964495 -0.167852 0.203897 2.461700 -2.967800
2 -4.485600 0.917098 11.649600 -0.964146 -0.223270 -0.143431 2.453400 -2.891500
2 -4.590000 0.937798 13.673699 -0.971218 -0.147715 0.186861 2.444500 -2.964900
larry.png
28 -1.318500 6.289200 3.145501 -0.244081 0.968830 -0.042345 -0.522700 -1.591800
28 -0.707400 6.162300 3.478501 -0.202338 0.771242 0.603528 -0.530400 -1.543200
28 -0.725400 6.241499 3.280501 -0.249912 0.951729 -0.178201 -0.525600 -1.544600
larry.png
28 -1.403100 5.488199 3.780901 -0.587490 0.194876 0.785417 -0.571000 -1.598600
28 -1.390500 6.107399 3.458701 -0.356176 0.646074 0.675076 -0.533700 -1.597600
28 -1.656000 6.030000 3.161701 -0.780976 0.571751 0.251351 -0.538300 -1.618700
larry.png
28 -1.318500 6.289200 3.145501 -0.244081 0.968830 -0.042345 -0.522700 -1.591800
28 -1.390500 6.107399 3.458701 -0.356176 0.646074 0.675076 -0.533700 -1.597600
28 -0.707400 6.162300 3.478501 -0.202338 0.771242 0.603528 -0.530400 -1.543200
larry.png
28 -1.390500 6.107399 3.458701 -0.356176 0.646074 0.675076 -0.533700 -1.597600
28 -1.318500 6.289200 3.145501 -0.244081 0.968830 -0.042345 -0.522700 -1.591800
28 -1.656000 6.030000 3.161701 -0.780976 0.571751 0.251351 -0.538300 -1.618700
larry.png
28 -0.698400 6.076799 3.088801 -0.122054 0.010806 -0.992465 -0.535500 -1.542500
28 0.000000 6.197400 3.032101 0.000000 0.011581 -0.999933 -0.528300 -1.486900
28 0.000000 5.536799 3.330901 -0.000000 -0.408336 -0.912831 -0.568000 -1.486900
larry.png
28 -0.405000 6.477299 3.124801 -0.283541 0.349374 -0.893052 -0.511400 -1.519100
28 0.000000 6.197400 3.032101 0.000000 0.011581 -0.999933 -0.528300 -1.486900
28 -0.698400 6.076799 3.088801 -0.122054 0.010806 -0.992465 -0.535500 -1.542500
larry.png
1 -1.657800 -2.715300 3.547800 -0.648349 -0.518237 -0.557740 -1.299100 -2.685300
1 -2.512800 -0.702000 4.032900 -0.964481 0.098280 -0.245188 -1.452100 -2.806100
1 -2.027700 -0.900000 2.912400 -0.718002 -0.099682 -0.688866 -1.488400 -2.670200
larry.png
1 -1.131300 -1.659600 2.619000 -0.301494 -0.371960 -0.877922 1.650500 -1.862900
1 -1.657800 -2.715300 3.547800 -0.648349 -0.518237 -0.557740 1.589500 -1.978500
1 -2.027700 -0.900000 2.912400 -0.718002 -0.099682 -0.688866 1.546800 -1.773800
larry.png
1 -2.027700 -0.900000 2.912400 -0.718002 -0.099682 -0.688866 -1.164000 -1.657400
1 -1.987200 0.672300 3.240000 -0.920645 0.267221 -0.284614 -1.335200 -1.688700
1 -1.238400 0.706500 2.469600 -0.407351 0.118442 -0.905559 -1.282700 -1.779700
larry.png
1 -2.512800 -0.702000 4.032900 -0.964481 0.098280 -0.245188 -1.260600 -1.534100
1 -1.987200 0.672300 3.240000 -0.920645 0.267221 -0.284614 -1.335200 -1.688700
1 -2.027700 -0.900000 2.912400 -0.718002 -0.099682 -0.688866 -1.164000 -1.657400
larry.png
1 0.000000 -1.985400 2.484900 -0.000000 -0.419075 -0.907952 1.781200 -1.877900
1 0.000000 -3.007800 3.355200 0.000000 -0.746584 -0.665291 1.781200 -1.989800
1 -1.131300 -1.659600 2.619000 -0.301494 -0.371960 -0.877922 1.650500 -1.862900
larry.png
1 0.000000 -3.007800 3.355200 0.000000 -0.746584 -0.665291 1.781200 -1.989800
1 -1.657800 -2.715300 3.547800 -0.648349 -0.518237 -0.557740 1.589500 -1.978500
1 -1.131300 -1.659600 2.619000 -0.301494 -0.371960 -0.877922 1.650500 -1.862900
larry.png
28 -1.098900 5.040900 3.925801 -0.634715 0.072145 0.769371 -0.617800 -1.574200
28 0.000000 5.040900 4.280401 0.000000 0.194478 0.980907 -0.617800 -1.486900
28 -0.616500 5.506200 3.916801 -0.208081 0.423728 0.881565 -0.569900 -1.535900
larry.png
28 -1.001700 5.040900 3.594601 -0.626189 -0.246746 -0.739597 -0.617800 -1.566500
28 -1.098900 5.040900 3.925801 -0.915360 -0.306181 0.261475 -0.617800 -1.574200
28 -1.559700 5.445899 3.556801 -0.693837 -0.607963 -0.385967 -0.573600 -1.611000
larry.png
2 -1.008000 -2.169002 14.356799 -0.248490 -0.614385 0.748855 1.244400 -2.315900
2 -1.684800 -1.329302 14.678101 -0.535380 -0.562489 0.630059 1.233800 -2.320000
2 -3.250800 -1.692902 14.371200 -0.188964 -0.367297 0.910706 1.213600 -2.316100
larry.png
2 -1.008000 -2.169002 14.356799 -0.248490 -0.614385 0.748855 1.244400 -2.315900
2 -3.250800 -1.692902 14.371200 -0.188964 -0.367297 0.910706 1.213600 -2.316100
2 -1.984500 -2.516402 14.170500 0.006235 -0.283398 0.958982 1.229100 -2.317300
larry.png
2 -1.984500 -2.516402 14.170500 0.006235 -0.283398 0.958982 1.229100 -2.317300
2 -3.250800 -1.692902 14.371200 -0.188964 -0.367297 0.910706 1.213600 -2.316100
2 -2.113200 -2.731502 14.135401 -0.107292 -0.502757 0.857743 1.227100 -2.316900
larry.png
2 0.000000 -3.091502 13.763700 0.000000 -0.414530 0.910036 1.260100 -2.314000
2 -0.768600 -2.996102 14.001300 0.125357 -0.307098 0.943386 1.248100 -2.316400
2 -0.666900 -3.255302 13.919400 0.124986 -0.405727 0.905408 1.249700 -2.315400
larry.png
2 -0.768600 -2.996102 14.001300 0.125357 -0.307098 0.943386 1.248100 -2.316400
2 -1.984500 -2.516402 14.170500 0.006235 -0.283398 0.958982 1.229100 -2.317300
2 -0.666900 -3.255302 13.919400 0.124986 -0.405727 0.905408 1.249700 -2.315400
larry.png
2 -4.977900 1.526398 13.753800 -0.964495 -0.167852 0.203897 2.461700 -2.967800
2 -4.590000 0.937798 13.673699 -0.971218 -0.147715 0.186861 2.444500 -2.964900
2 -3.811500 0.791098 14.823899 -0.524871 -0.295486 0.798247 2.410100 -2.975700
larry.png
2 -3.811500 0.791098 14.823899 -0.524871 -0.295486 0.798247 1.205600 -2.321800
2 -4.781700 -0.270002 13.663800 -0.931082 -0.105322 0.349275 1.190800 -2.307200
2 -3.884400 -0.330302 14.581800 -0.465848 -0.229349 0.854625 1.204600 -2.318800
larry.png
2 -2.251800 0.893698 15.244200 -0.154930 -0.327610 0.932024 1.224900 -2.327200
2 -3.811500 0.791098 14.823899 -0.524871 -0.295486 0.798247 1.205600 -2.321800
2 -1.902600 0.028798 15.051600 -0.533770 -0.186617 0.824781 1.230400 -2.324700
larry.png
2 -1.809900 1.506598 15.561900 -0.126223 -0.141232 0.981897 2.328900 -2.991000
2 -2.538000 2.112298 15.118201 -0.232550 0.613696 0.754518 2.364200 -2.977400
2 -4.083300 1.313998 14.958899 -0.547181 0.098287 0.831224 2.422100 -2.980600
larry.png
2 0.000000 1.812598 15.647400 -0.000000 0.213879 0.976860 2.241100 -2.994100
2 -2.538000 2.112298 15.118201 -0.232550 0.613696 0.754518 2.364200 -2.977400
2 -1.809900 1.506598 15.561900 -0.126223 -0.141232 0.981897 2.328900 -2.991000
larry.png
2 -3.811500 0.791098 14.823899 -0.524871 -0.295486 0.798247 1.205600 -2.321800
2 -4.590000 0.937798 13.673699 -0.971218 -0.147715 0.186861 1.194500 -2.307300
2 -4.781700 -0.270002 13.663800 -0.931082 -0.105322 0.349275 1.190800 -2.307200
larry.png
2 -4.590000 0.937798 13.673699 -0.971218 -0.147715 0.186861 1.194500 -2.307300
2 -4.678200 -0.439202 11.648700 -0.990715 -0.023970 -0.133826 1.188700 -2.281600
2 -4.781700 -0.270002 13.663800 -0.931082 -0.105322 0.349275 1.190800 -2.307200
larry.png
2 -4.590000 0.937798 13.673699 -0.971218 -0.147715 0.186861 1.194500 -2.307300
2 -4.485600 0.917098 11.649600 -0.964146 -0.223270 -0.143431 1.191700 -2.281600
2 -4.678200 -0.439202 11.648700 -0.990715 -0.023970 -0.133826 1.188700 -2.281600
larry.png
1 -3.379500 0.079199 7.289999 -0.944582 -0.188076 -0.269060 0.044100 -2.157600
1 -3.495600 -1.309501 7.289999 -0.949570 -0.063650 -0.307028 0.038900 -2.157600
2 -4.243500 -0.696601 9.981900 -0.956628 0.004256 -0.291282 0.005500 -2.308400
larry.png
2 -3.919500 0.574199 9.549000 -0.930579 -0.320128 -0.177595 0.020000 -2.284200
1 -3.379500 0.079199 7.289999 -0.944582 -0.188076 -0.269060 0.044100 -2.157600
2 -4.243500 -0.696601 9.981900 -0.956628 0.004256 -0.291282 0.005500 -2.308400
larry.png
1 -1.636200 0.665999 5.601600 -0.315771 0.924285 0.214442 2.322100 -2.671100
1 -2.810700 1.114199 7.290000 -0.402593 0.777057 -0.483840 2.377400 -2.733600
1 0.000000 1.481399 7.290000 -0.000000 0.912488 -0.409104 2.241100 -2.733600
larry.png
1 -1.636200 0.665999 5.601600 -0.315771 0.924285 0.214442 2.322100 -2.671100
1 0.000000 1.481399 7.290000 -0.000000 0.912488 -0.409104 2.241100 -2.733600
1 0.000000 0.900899 5.607900 -0.000000 0.973412 0.229062 2.241100 -2.671300
larry.png
1 -2.727000 -1.773901 5.238899 -0.952622 -0.271869 0.136378 0.073300 -2.042700
1 -1.790100 -3.251701 4.886099 -0.569148 -0.820016 0.060372 0.115100 -2.022900
1 -3.120300 -2.828701 7.289999 -0.830005 -0.498373 -0.250433 0.055700 -2.157600
larry.png
1 -3.120300 -2.828701 7.289999 -0.830005 -0.498373 -0.250433 0.055700 -2.157600
1 -3.495600 -1.309501 7.289999 -0.949570 -0.063650 -0.307028 0.038900 -2.157600
1 -2.727000 -1.773901 5.238899 -0.952622 -0.271869 0.136378 0.073300 -2.042700
larry.png
1 -1.972800 -3.814201 7.289999 -0.467686 -0.874193 -0.130601 0.107000 -2.157600
1 -3.120300 -2.828701 7.289999 -0.830005 -0.498373 -0.250433 0.055700 -2.157600
1 -1.790100 -3.251701 4.886099 -0.569148 -0.820016 0.060372 0.115100 -2.022900
larry.png
1 0.000000 -3.888001 4.783499 0.000000 -0.998727 -0.050443 0.195200 -2.017200
1 -1.972800 -3.814201 7.289999 -0.467686 -0.874193 -0.130601 0.107000 -2.157600
1 -1.790100 -3.251701 4.886099 -0.569148 -0.820016 0.060372 0.115100 -2.022900
larry.png
1 0.000000 -3.888001 4.783499 0.000000 -0.998727 -0.050443 0.195200 -2.017200
1 0.000000 -4.307401 7.289999 -0.000000 -0.998225 -0.059556 0.195200 -2.157600
1 -1.972800 -3.814201 7.289999 -0.467686 -0.874193 -0.130601 0.107000 -2.157600
larry.png
1 -3.495600 -1.309501 7.289999 -0.949570 -0.063650 -0.307028 0.038900 -2.157600
1 -3.379500 0.079199 7.289999 -0.944582 -0.188076 -0.269060 0.044100 -2.157600
1 -2.600100 -0.212401 5.524199 -0.941162 0.334422 -0.048743 0.078900 -2.058700
larry.png
1 -2.600100 -0.212401 5.524199 -0.941162 0.334422 -0.048743 0.078900 -2.058700
1 -2.727000 -1.773901 5.238899 -0.952622 -0.271869 0.136378 0.073300 -2.042700
1 -3.495600 -1.309501 7.289999 -0.949570 -0.063650 -0.307028 0.038900 -2.157600
larry.png
1 -3.511800 0.381599 7.290000 -0.870822 0.206361 -0.446188 2.411400 -2.733600
1 -2.600100 -0.212401 5.524199 -0.942198 0.280506 -0.183246 2.375700 -2.669600
1 -3.379500 0.079199 7.289999 -0.944582 -0.188076 -0.269060 2.405000 -2.733600
larry.png
1 -2.810700 1.114199 7.290000 -0.402593 0.777057 -0.483840 2.377400 -2.733600
1 -1.636200 0.665999 5.601600 -0.315771 0.924285 0.214442 2.322100 -2.671100
1 -2.600100 -0.212401 5.524199 -0.941162 0.334422 -0.048743 2.375700 -2.669600
larry.png
2 -4.650300 2.270698 13.770000 -0.600291 0.707595 0.372773 2.447200 -2.966700
2 -4.388400 2.228399 11.651402 -0.692136 0.700186 -0.175176 2.448800 -2.891600
2 -4.977900 1.526398 13.753800 -0.964495 -0.167852 0.203897 2.461700 -2.967800
larry.png
2 -4.388400 2.228399 11.651402 -0.692136 0.700186 -0.175176 2.448800 -2.891600
2 -4.810500 1.394099 11.650500 -0.968994 -0.197925 -0.147904 2.468700 -2.891500
2 -4.977900 1.526398 13.753800 -0.964495 -0.167852 0.203897 2.461700 -2.967800
larry.png
2 -4.388400 2.228399 11.651402 -0.692136 0.700186 -0.175176 2.448800 -2.891600
2 -3.711600 1.793699 9.279901 -0.555544 0.736611 -0.385714 2.421100 -2.805600
2 -4.247100 1.016999 9.387000 -0.962538 -0.038732 -0.268365 2.447100 -2.809500
larry.png
2 -4.247100 1.016999 9.387000 -0.962538 -0.038732 -0.268365 2.447100 -2.809500
2 -4.810500 1.394099 11.650500 -0.968994 -0.197925 -0.147904 2.468700 -2.891500
2 -4.388400 2.228399 11.651402 -0.692136 0.700186 -0.175176 2.448800 -2.891600
larry.png
2 -3.711600 1.793699 9.279901 -0.555544 0.736611 -0.385714 2.421100 -2.805600
1 -3.511800 0.381599 7.290000 -0.870822 0.206361 -0.446188 2.411400 -2.733600
2 -4.247100 1.016999 9.387000 -0.962538 -0.038732 -0.268365 2.447100 -2.809500
larry.png
1 -2.810700 1.114199 7.290000 -0.402593 0.777057 -0.483840 2.377400 -2.733600
1 -2.600100 -0.212401 5.524199 -0.941162 0.334422 -0.048743 2.375700 -2.669600
1 -3.511800 0.381599 7.290000 -0.870822 0.206361 -0.446188 2.411400 -2.733600
larry.png
2 -3.711600 1.793699 9.279901 -0.555544 0.736611 -0.385714 2.421100 -2.805600
1 -2.810700 1.114199 7.290000 -0.402593 0.777057 -0.483840 2.377400 -2.733600
1 -3.511800 0.381599 7.290000 -0.870822 0.206361 -0.446188 2.411400 -2.733600
larry.png
3 0.000000 -3.103202 16.362000 0.000001 -0.455640 0.890164 1.260100 -2.341500
3 -0.183600 -2.813402 16.440300 -0.904693 -0.204015 0.374043 1.257200 -2.342300
3 -0.138600 -3.360602 16.099199 -0.911468 -0.264282 0.315249 1.258000 -2.337800
larry.png
3 0.000000 -2.770202 16.690500 -0.766119 -0.138631 0.627569 1.260100 -2.345200
3 0.000000 -2.094302 16.775999 -0.173074 -0.729707 0.661493 1.260100 -2.346600
3 -0.237600 -2.173502 16.508701 -0.709333 -0.529915 0.464797 1.256400 -2.343200
larry.png
3 0.000000 -2.770202 16.690500 -0.766119 -0.138631 0.627569 1.260100 -2.345200
3 -0.237600 -2.173502 16.508701 -0.709333 -0.529915 0.464797 1.256400 -2.343200
3 -0.183600 -2.813402 16.440300 -0.954506 -0.229435 0.190467 1.257200 -2.342300
larry.png
3 0.000000 -2.770202 16.690500 -0.766119 -0.138631 0.627569 1.260100 -2.345200
3 -0.183600 -2.813402 16.440300 -0.954506 -0.229435 0.190467 1.257200 -2.342300
3 0.000000 -3.451502 16.465500 -0.956706 -0.278599 -0.084240 1.260100 -2.342600
larry.png
3 0.000000 -3.451502 16.465500 -0.589114 -0.480650 -0.649554 1.260100 -2.342600
3 -0.183600 -2.813402 16.440300 -0.987973 -0.147412 0.046673 1.257200 -2.342300
3 0.000000 -3.103202 16.362000 -0.594988 -0.467328 -0.653907 1.260100 -2.341500
larry.png
3 -1.106100 -1.692002 15.240601 -0.542912 -0.839610 -0.017368 1.242800 -2.331100
3 -0.910800 -1.824302 15.972301 -0.647920 -0.754290 0.106049 1.246900 -2.335900
3 -1.405800 -1.338302 15.903000 -0.813861 -0.544637 0.202486 1.238100 -2.339100
larry.png
3 -0.910800 -1.824302 15.972301 -0.647920 -0.754290 0.106049 1.246900 -2.335900
3 -1.106100 -1.692002 15.240601 -0.542912 -0.839610 -0.017368 1.242800 -2.331100
3 -1.014300 -1.725302 15.229799 -0.532576 -0.845304 0.042701 1.244300 -2.331000
larry.png
3 0.000000 -2.207702 15.429601 -0.000000 -0.178139 -0.984005 0.862200 -2.327800
3 -0.534600 -2.050202 15.594300 -0.081497 -0.311970 -0.946590 0.821500 -2.343800
3 0.000000 -1.059302 15.221701 -0.118830 -0.603238 -0.788659 0.862200 -2.445000
larry.png
3 -1.014300 -1.725302 15.229799 -0.532576 -0.845304 0.042701 1.244300 -2.331000
3 -1.106100 -1.692002 15.240601 -0.542912 -0.839610 -0.017368 1.242800 -2.331100
3 -1.210500 -1.611902 14.862599 -0.701255 -0.699182 0.139233 1.241200 -2.322300
larry.png
3 -1.405800 -1.338302 15.903000 -0.813861 -0.544637 0.202486 1.238100 -2.339100
3 -1.210500 -1.611902 14.862599 -0.701255 -0.699182 0.139233 1.241200 -2.322300
3 -1.106100 -1.692002 15.240601 -0.542912 -0.839610 -0.017368 1.242800 -2.331100
larry.png
3 -1.405800 -1.338302 15.903000 -0.813861 -0.544637 0.202486 1.238100 -2.339100
2 -1.684800 -1.329302 14.678101 -0.535380 -0.562489 0.630059 1.233800 -2.320000
3 -1.210500 -1.611902 14.862599 -0.701255 -0.699182 0.139233 1.241200 -2.322300
larry.png
4 -0.893700 -1.896302 15.092100 0.432627 -0.610981 0.662975 0.784800 -2.380400
4 -0.646200 -1.762202 14.758200 0.502074 -0.654305 0.565515 0.813100 -2.373300
3 0.000000 -1.059302 15.221701 0.055558 -0.997731 -0.038020 0.862200 -2.445000
larry.png
3 -0.237600 -2.173502 16.508701 -0.709333 -0.529915 0.464797 1.256400 -2.343200
3 -0.607500 -1.836902 16.530300 -0.487909 -0.691327 0.532927 1.250000 -2.343500
3 -0.531000 -2.248202 15.939000 -0.419091 -0.877832 0.231894 1.251800 -2.336000
larry.png
3 -0.910800 -1.824302 15.972301 -0.647920 -0.754290 0.106049 1.246900 -2.335900
3 -0.607500 -1.836902 16.530300 -0.487909 -0.691327 0.532927 1.250000 -2.343500
3 -0.815400 -1.770302 16.604099 -0.149219 -0.791886 0.592158 1.245900 -2.344300
larry.png
3 -0.815400 -1.770302 16.604099 -0.348036 -0.756863 0.553199 1.245900 -2.344300
3 -1.405800 -1.338302 15.903000 -0.813861 -0.544637 0.202486 1.238100 -2.339100
3 -0.910800 -1.824302 15.972301 -0.647920 -0.754290 0.106049 1.246900 -2.335900
larry.png
3 -0.815400 -1.770302 16.604099 -0.348036 -0.756863 0.553199 1.245900 -2.344300
3 -0.845100 -1.656002 16.791300 -0.485279 -0.841424 0.237718 1.246400 -2.347000
3 -1.405800 -1.338302 15.903000 -0.813861 -0.544637 0.202486 1.238100 -2.339100
larry.png
3 -0.845100 -1.656002 16.791300 -0.485279 -0.841424 0.237718 1.246400 -2.347000
3 -1.062900 -1.296902 16.850700 -0.740302 -0.376033 0.557271 1.243500 -2.347500
3 -1.405800 -1.338302 15.903000 -0.813861 -0.544637 0.202486 1.238100 -2.339100
larry.png
3 -0.649800 -1.692002 16.947001 -0.490993 -0.821073 0.291143 1.250100 -2.349100
3 -0.528300 -1.591202 17.137800 -0.360926 -0.578767 0.731273 1.251800 -2.351200
3 -1.062900 -1.296902 16.850700 -0.740302 -0.376033 0.557271 1.243500 -2.347500
larry.png
3 -0.845100 -1.656002 16.791300 -0.288794 -0.903090 0.317846 1.246400 -2.347000
3 -0.649800 -1.692002 16.947001 -0.490993 -0.821073 0.291143 1.250100 -2.349100
3 -1.062900 -1.296902 16.850700 -0.740302 -0.376033 0.557271 1.243500 -2.347500
larry.png
3 -0.467100 -1.805402 16.879499 -0.664662 -0.735058 0.133845 1.253800 -2.347900
3 -0.528300 -1.591202 17.137800 -0.360926 -0.578767 0.731273 1.251800 -2.351200
3 -0.649800 -1.692002 16.947001 -0.490993 -0.821073 0.291143 1.250100 -2.349100
larry.png
3 0.000000 -2.094302 16.775999 -0.000000 -0.738394 0.674370 1.260100 -2.346600
3 -0.528300 -1.591202 17.137800 -0.360926 -0.578767 0.731273 1.251800 -2.351200
3 -0.467100 -1.805402 16.879499 -0.664662 -0.735058 0.133845 1.253800 -2.347900
larry.png
3 -0.467100 -1.805402 16.879499 -0.664662 -0.735058 0.133845 -0.142200 -2.372700
3 -0.649800 -1.692002 16.947001 -0.490993 -0.821073 0.291143 -0.171600 -2.403300
3 -0.591300 -1.644302 16.775999 -0.339370 -0.917122 -0.209083 -0.165900 -2.406900
larry.png
3 -0.467100 -1.805402 16.879499 -0.664662 -0.735058 0.133845 -0.142200 -2.372700
3 -0.591300 -1.644302 16.775999 -0.339370 -0.917122 -0.209083 -0.165900 -2.406900
3 -0.449100 -1.776602 16.683300 -0.778745 -0.627338 0.001715 -0.147800 -2.384100
larry.png
3 -0.591300 -1.644302 16.775999 -0.339370 -0.917122 -0.209083 -0.165900 -2.406900
3 -0.649800 -1.692002 16.947001 -0.490993 -0.821073 0.291143 -0.171600 -2.403300
3 -0.845100 -1.656002 16.791300 -0.288794 -0.903090 0.317846 -0.201700 -2.409200
larry.png
3 -0.591300 -1.644302 16.775999 -0.339370 -0.917122 -0.209083 -0.165900 -2.406900
3 -0.845100 -1.656002 16.791300 -0.288794 -0.903090 0.317846 -0.201700 -2.409200
3 -0.762300 -1.661402 16.635599 -0.149861 -0.988176 0.032393 -0.187400 -2.404000
larry.png
3 -0.845100 -1.656002 16.791300 0.077781 -0.955773 0.283634 -0.201700 -2.409200
3 -0.815400 -1.770302 16.604099 0.227559 -0.693591 0.683483 -0.206000 -2.373900
3 -0.762300 -1.661402 16.635599 0.383270 -0.731594 0.563803 -0.187400 -2.404000
larry.png
3 -0.815400 -1.770302 16.604099 -0.149219 -0.791886 0.592158 -0.206000 -2.373900
3 -0.607500 -1.836902 16.530300 -0.487909 -0.691327 0.532927 -0.172400 -2.353100
3 -0.594900 -1.782002 16.564501 -0.025698 -0.778160 0.627540 -0.166200 -2.383200
larry.png
3 -0.815400 -1.770302 16.604099 -0.149219 -0.791886 0.592158 -0.206000 -2.373900
3 -0.594900 -1.782002 16.564501 -0.281033 -0.356709 0.890943 -0.166200 -2.383200
3 -0.762300 -1.661402 16.635599 0.383270 -0.731594 0.563803 -0.187400 -2.404000
larry.png
3 -0.594900 -1.782002 16.564501 -0.281033 -0.356709 0.890943 -0.166200 -2.383200
3 -0.607500 -1.836902 16.530300 -0.487909 -0.691327 0.532927 -0.172400 -2.353100
3 -0.447300 -1.869302 16.669800 -0.714453 -0.482130 0.507057 -0.147600 -2.351400
larry.png
28 -1.371600 6.092100 2.973601 -0.110433 0.068104 -0.991547 -0.534600 -1.596000
28 -1.318500 6.289200 3.145501 -0.244081 0.968830 -0.042345 -0.522700 -1.591800
28 -0.725400 6.241499 3.280501 -0.249912 0.951729 -0.178201 -0.525600 -1.544600
larry.png
3 0.000000 -2.347202 15.429601 0.000001 0.618382 -0.785877 0.862200 -2.313500
3 0.000000 -2.525402 15.346800 0.000001 0.421385 -0.906882 0.862200 -2.295300
3 -0.585900 -2.288702 15.391800 0.329687 0.605376 -0.724449 0.817600 -2.319400
larry.png
3 0.000000 -2.347202 15.429601 0.000001 0.618382 -0.785877 0.862200 -2.313500
3 -0.585900 -2.288702 15.391800 0.329687 0.605376 -0.724449 0.817600 -2.319400
3 -0.554400 -2.151002 15.570900 0.435534 0.674990 -0.595566 0.820000 -2.333500
larry.png
3 0.000000 -2.207702 15.162300 -0.000000 0.472262 -0.881458 0.889000 -2.095600
3 -0.554400 -2.151002 15.215401 -0.312944 -0.084108 -0.946040 0.837500 -2.100500
3 -0.534600 -2.050202 15.224400 0.227723 0.813716 -0.534797 0.839400 -2.101300
larry.png
3 -0.554400 -2.151002 15.215401 -0.458515 -0.258956 -0.850121 0.837500 -2.100500
3 -0.793800 -1.845002 15.288300 -0.549036 -0.238719 -0.800982 0.815300 -2.107400
3 -0.534600 -2.050202 15.224400 0.227723 0.813716 -0.534797 0.839400 -2.101300
larry.png
3 0.000000 -2.347202 15.429601 0.000001 -1.000000 -0.000000 0.889000 -2.120600
3 -0.554400 -2.151002 15.215401 -0.547977 -0.766902 -0.334039 0.837500 -2.100500
3 0.000000 -2.347202 15.162300 -0.044675 -0.883431 -0.466426 0.889000 -2.095600
larry.png
3 -0.534600 -2.050202 15.224400 0.342241 0.858813 -0.381197 0.839400 -2.101300
3 0.000000 -2.207702 15.429601 0.000000 1.000000 0.000000 0.889000 -2.120600
3 0.000000 -2.207702 15.162300 0.026043 0.581377 -0.813218 0.889000 -2.095600
larry.png
3 -0.534600 -2.050202 15.224400 0.342241 0.858813 -0.381197 0.839400 -2.101300
3 -0.534600 -2.050202 15.594300 0.398533 0.917154 -0.000000 0.839400 -2.136000
3 0.000000 -2.207702 15.429601 0.000000 1.000000 0.000000 0.889000 -2.120600
larry.png
3 -0.853200 -1.862102 15.438600 0.666912 0.742428 -0.063477 0.815300 -2.148900
3 -0.534600 -2.050202 15.594300 0.398533 0.917154 -0.000000 0.839400 -2.136000
3 -0.534600 -2.050202 15.224400 0.342241 0.858813 -0.381197 0.839400 -2.101300
larry.png
3 -0.853200 -1.862102 15.438600 0.666912 0.742428 -0.063477 0.815300 -2.148900
3 -0.534600 -2.050202 15.224400 0.439216 0.894358 0.084925 0.839400 -2.101300
3 -0.793800 -1.845002 15.288300 0.634581 0.698725 0.330289 0.815300 -2.107400
larry.png
1 0.000000 -4.307401 7.289999 -0.000000 -0.998225 -0.059556 0.195200 -2.157600
2 -2.159100 -3.800701 9.403200 -0.398985 -0.850264 -0.343311 0.098700 -2.276000
1 -1.972800 -3.814201 7.289999 -0.467686 -0.874193 -0.130601 0.107000 -2.157600
larry.png
2 -3.730500 -2.532601 9.520201 -0.820145 -0.475436 -0.318312 0.028400 -2.282600
1 -3.120300 -2.828701 7.289999 -0.830005 -0.498373 -0.250433 0.055700 -2.157600
1 -1.972800 -3.814201 7.289999 -0.467686 -0.874193 -0.130601 0.107000 -2.157600
larry.png
2 -3.730500 -2.532601 9.520201 -0.820145 -0.475436 -0.318312 0.028400 -2.282600
1 -3.495600 -1.309501 7.289999 -0.949570 -0.063650 -0.307028 0.038900 -2.157600
1 -3.120300 -2.828701 7.289999 -0.830005 -0.498373 -0.250433 0.055700 -2.157600
larry.png
1 -1.972800 -3.814201 7.289999 -0.467686 -0.874193 -0.130601 0.107000 -2.157600
2 -2.159100 -3.800701 9.403200 -0.398985 -0.850264 -0.343311 0.098700 -2.276000
2 -3.730500 -2.532601 9.520201 -0.820145 -0.475436 -0.318312 0.028400 -2.282600
larry.png
3 -0.110700 -3.053702 15.918300 -0.797342 0.061620 -0.600374 1.258400 -2.335700
3 0.000000 -4.051802 15.658200 -0.956448 -0.231171 -0.178234 1.260100 -2.332900
3 -0.138600 -3.360602 16.099199 -0.946488 -0.297824 0.124343 1.258000 -2.337800
larry.png
3 -0.147600 -2.297702 16.036200 -0.871940 -0.369176 -0.321606 1.257800 -2.337200
3 -0.183600 -2.813402 16.440300 -0.954506 -0.229435 0.190467 1.257200 -2.342300
3 -0.237600 -2.173502 16.508701 -0.709333 -0.529915 0.464797 1.256400 -2.343200
larry.png
3 -0.138600 -3.360602 16.099199 -0.946488 -0.297824 0.124343 1.258000 -2.337800
3 -0.183600 -2.813402 16.440300 -0.954506 -0.229435 0.190467 1.257200 -2.342300
3 -0.147600 -2.297702 16.036200 -0.871940 -0.369176 -0.321606 1.257800 -2.337200
larry.png
4 0.000000 -1.973702 14.758200 -0.000000 -0.452124 0.891955 0.862200 -2.351700
3 0.000000 -1.059302 15.221701 -0.000000 -0.726932 0.686710 0.862200 -2.445000
4 -0.646200 -1.762202 14.758200 0.502074 -0.654305 0.565515 0.813100 -2.373300
larry.png
4 0.000000 -1.973702 14.758200 -0.000000 1.000000 -0.000000 0.889000 -2.057700
4 -0.646200 -1.762202 14.950801 -0.089149 0.996018 0.000000 0.829000 -2.075800
4 0.000000 -1.973702 14.950801 0.000000 1.000000 -0.000000 0.889000 -2.075800
larry.png
4 0.000000 -1.973702 14.758200 -0.000000 1.000000 -0.000000 0.889000 -2.057700
4 -0.646200 -1.762202 14.758200 -0.558874 0.829252 0.000000 0.829000 -2.057700
4 -0.646200 -1.762202 14.950801 -0.089149 0.996018 0.000000 0.829000 -2.075800
larry.png
1 0.000000 1.289699 4.797900 0.000000 0.676123 0.736788 1.971100 -2.600700
1 -1.882800 0.663299 4.608900 -0.726996 0.657850 0.196748 1.802500 -2.670600
1 -1.613700 0.707399 5.310000 -0.431147 0.882320 -0.188744 1.788400 -2.546300
larry.png
1 0.000000 1.289699 4.797900 0.000000 0.676123 0.736788 1.971100 -2.600700
1 -1.613700 0.707399 5.310000 -0.431147 0.882320 -0.188744 1.788400 -2.546300
1 0.000000 0.898199 5.331600 0.000000 0.964258 -0.264967 1.943100 -2.507100
larry.png
1 0.000000 1.033199 5.477400 -0.000000 0.668392 0.743810 1.598400 -2.688600
1 -1.676700 0.813599 5.476500 -0.379065 0.772317 0.509740 1.545300 -2.688600
1 -1.636200 0.665999 5.601600 -0.315771 0.924285 0.214442 1.546600 -2.697200
larry.png
1 -1.636200 0.665999 5.601600 -0.315771 0.924285 0.214442 1.546600 -2.697200
1 0.000000 0.900899 5.607900 -0.000000 0.973412 0.229062 1.598400 -2.697700
1 0.000000 1.033199 5.477400 -0.000000 0.931683 0.363273 1.598400 -2.688600
larry.png
1 -2.670300 -1.700101 4.904099 -0.832561 -0.065706 -0.550023 -1.323100 -2.874700
1 -2.512800 -0.702000 4.032900 -0.964481 0.098280 -0.245188 -1.452100 -2.806100
1 -1.657800 -2.715300 3.547800 -0.648349 -0.518237 -0.557740 -1.299100 -2.685300
larry.png
1 -2.670300 -1.700101 4.904099 -0.832561 -0.065706 -0.550023 -1.323100 -2.874700
1 -1.657800 -2.715300 3.547800 -0.648349 -0.518237 -0.557740 -1.299100 -2.685300
1 -1.706400 -3.230101 4.521599 -0.515087 -0.580686 -0.630468 -1.207500 -2.781300
larry.png
1 -2.727000 -1.773901 5.238899 -0.952622 -0.271869 0.136378 1.512100 -2.672100
1 -2.848500 -1.748700 5.056200 -0.920103 -0.211798 -0.329473 1.508300 -2.659400
1 -1.846800 -3.341701 4.686299 -0.622909 -0.758683 -0.190747 1.539900 -2.633700
larry.png
1 -1.790100 -3.251701 4.886099 -0.569148 -0.820016 0.060372 1.541700 -2.647600
1 -2.727000 -1.773901 5.238899 -0.952622 -0.271869 0.136378 1.512100 -2.672100
1 -1.846800 -3.341701 4.686299 -0.622909 -0.758683 -0.190747 1.539900 -2.633700
larry.png
1 -1.790100 -3.251701 4.886099 -0.569148 -0.820016 0.060372 1.541700 -2.647600
1 -1.846800 -3.341701 4.686299 -0.622909 -0.758683 -0.190747 1.539900 -2.633700
1 0.000000 -3.954601 4.547699 -0.000000 -0.999625 -0.027388 1.598400 -2.624100
larry.png
1 0.000000 -3.888001 4.783499 0.000000 -0.998727 -0.050443 1.598400 -2.640500
1 -1.790100 -3.251701 4.886099 -0.569148 -0.820016 0.060372 1.541700 -2.647600
1 0.000000 -3.954601 4.547699 -0.000000 -0.999625 -0.027388 1.598400 -2.624100
larry.png
1 0.000000 -3.007800 3.355200 0.000000 -0.746584 -0.665291 0.723100 -2.552500
1 0.000000 -3.771001 4.411799 0.000000 -0.709158 -0.705050 0.667800 -2.676100
1 -1.706400 -3.230101 4.521599 -0.515087 -0.580686 -0.630468 0.509700 -2.620600
larry.png
1 -1.657800 -2.715300 3.547800 -0.648349 -0.518237 -0.557740 0.564900 -2.508600
1 0.000000 -3.007800 3.355200 0.000000 -0.746584 -0.665291 0.723100 -2.552500
1 -1.706400 -3.230101 4.521599 -0.515087 -0.580686 -0.630468 0.509700 -2.620600
larry.png
1 -1.882800 0.663299 4.608900 -0.726996 0.657850 0.196748 -0.461200 -0.695100
1 -2.512800 -0.702000 4.032900 -0.964481 0.098280 -0.245188 -0.471700 -0.674700
1 -2.489400 -0.135901 5.205600 -0.816806 0.471069 -0.333049 -0.471300 -0.716200
larry.png
1 -2.683800 -0.098101 5.372099 -0.932162 0.351828 -0.085382 1.513500 -2.681300
1 -2.848500 -1.748700 5.056200 -0.920103 -0.211798 -0.329473 1.508300 -2.659400
1 -2.727000 -1.773901 5.238899 -0.952622 -0.271869 0.136378 1.512100 -2.672100
larry.png
1 -2.600100 -0.212401 5.524199 -0.895819 0.444401 0.004076 1.516100 -2.691900
1 -1.636200 0.665999 5.601600 -0.315771 0.924285 0.214442 1.546600 -2.697200
1 -1.676700 0.813599 5.476500 -0.466293 0.839430 0.279156 1.545300 -2.688600
larry.png
1 -1.676700 0.813599 5.476500 -0.466293 0.839430 0.279156 1.545300 -2.688600
1 -2.683800 -0.098101 5.372099 -0.881534 0.456969 0.118649 1.513500 -2.681300
1 -2.600100 -0.212401 5.524199 -0.941162 0.334422 -0.048743 1.516100 -2.691900
larry.png
1 -2.727000 -1.773901 5.238899 -0.952622 -0.271869 0.136378 1.512100 -2.672100
1 -2.600100 -0.212401 5.524199 -0.941162 0.334422 -0.048743 1.516100 -2.691900
1 -2.683800 -0.098101 5.372099 -0.887361 0.412440 -0.206117 1.513500 -2.681300
larry.png
1 -1.613700 0.707399 5.310000 -0.431147 0.882320 -0.188744 1.788400 -2.546300
1 -1.882800 0.663299 4.608900 -0.726996 0.657850 0.196748 1.802500 -2.670600
1 -2.489400 -0.135901 5.205600 -0.816806 0.471069 -0.333049 1.717100 -2.580200
larry.png
27 0.000000 3.489300 4.238101 0.000000 0.026365 0.999652 -0.794200 -1.492800
28 0.000000 5.040900 4.280401 0.000000 0.194478 0.980907 -0.617800 -1.486900
27 -0.833400 3.489300 4.064401 -0.401473 0.043063 0.914858 -0.794200 -1.549900
larry.png
27 -0.833400 3.489300 4.064401 -0.401473 0.043063 0.914858 -0.794200 -1.549900
1 0.000000 1.883699 4.366800 -0.000000 0.405904 0.913916 -0.960900 -1.492800
27 0.000000 3.489300 4.238101 0.000000 0.026365 0.999652 -0.794200 -1.492800
larry.png
27 -0.833400 3.489300 4.064401 -0.401473 0.043063 0.914858 -0.794200 -1.549900
28 0.000000 5.040900 4.280401 0.000000 0.194478 0.980907 -0.617800 -1.486900
28 -1.098900 5.040900 3.925801 -0.634715 0.072145 0.769371 -0.617800 -1.574200
larry.png
27 -0.833400 3.489300 4.064401 -0.401473 0.043063 0.914858 -0.794200 -1.549900
28 -1.098900 5.040900 3.925801 -0.711067 -0.084508 0.698027 -0.617800 -1.574200
27 -1.310400 3.489300 3.591001 -0.982521 0.150151 0.110030 -0.794200 -1.607900
larry.png
27 -1.310400 3.489300 3.591001 -0.982521 0.150151 0.110030 -0.794200 -1.607900
1 -1.600200 1.883700 3.483900 -0.833321 0.551592 -0.036363 -0.960900 -1.628800
1 -1.102500 1.883700 4.131900 -0.447142 0.580235 0.680729 -0.960900 -1.565900
larry.png
27 -0.833400 3.489300 4.064401 -0.401473 0.043063 0.914858 -0.794200 -1.549900
1 -1.102500 1.883700 4.131900 -0.447142 0.580235 0.680729 -0.960900 -1.565900
1 0.000000 1.883699 4.366800 -0.000000 0.405904 0.913916 -0.960900 -1.492800
larry.png
27 -1.310400 3.489300 3.591001 -0.982521 0.150151 0.110030 -0.794200 -1.607900
1 -1.102500 1.883700 4.131900 -0.447142 0.580235 0.680729 -0.960900 -1.565900
27 -0.833400 3.489300 4.064401 -0.401473 0.043063 0.914858 -0.794200 -1.549900
larry.png
28 -1.001700 5.040900 3.594601 -0.477172 0.018697 -0.878611 -0.618500 -1.652300
28 0.000000 5.040900 3.490201 -0.000000 -0.002675 -0.999996 -0.618500 -1.646300
27 -0.972000 3.489300 3.159001 -0.454551 0.246748 -0.855861 -0.794400 -1.652400
larry.png
27 -0.972000 3.489300 3.159001 -0.454551 0.246748 -0.855861 -0.794400 -1.652400
1 -1.600200 1.883700 3.483900 -0.833321 0.551592 -0.036363 -0.960700 -1.656300
27 -1.310400 3.489300 3.591001 -0.982521 0.150151 0.110030 -0.794400 -1.654500
larry.png
27 -0.972000 3.489300 3.159001 -0.454551 0.246748 -0.855861 -0.794400 -1.652400
1 -1.163700 1.883700 2.781900 -0.496399 0.601556 -0.625874 -0.960700 -1.653600
1 -1.600200 1.883700 3.483900 -0.833321 0.551592 -0.036363 -0.960700 -1.656300
larry.png
1 0.000000 1.883700 2.604600 -0.000000 0.499569 -0.866274 -0.960700 -1.646300
1 -1.163700 1.883700 2.781900 -0.496399 0.601556 -0.625874 -0.960700 -1.653600
27 -0.972000 3.489300 3.159001 -0.454551 0.246748 -0.855861 -0.794400 -1.652400
larry.png
1 -2.489400 -0.135901 5.205600 -0.816806 0.471069 -0.333049 -1.445500 -2.959800
1 -2.512800 -0.702000 4.032900 -0.964481 0.098280 -0.245188 -1.452100 -2.806100
1 -2.670300 -1.700101 4.904099 -0.832561 -0.065706 -0.550023 -1.323100 -2.874700
larry.png
1 0.000000 -3.771001 4.411799 0.000000 -0.709158 -0.705050 1.598400 -2.614700
1 0.000000 -3.954601 4.547699 -0.000000 -0.999625 -0.027388 1.598400 -2.624100
1 -1.846800 -3.341701 4.686299 -0.622909 -0.758683 -0.190747 1.539900 -2.633700
larry.png
1 0.000000 -3.771001 4.411799 0.000000 -0.709158 -0.705050 1.598400 -2.614700
1 -1.846800 -3.341701 4.686299 -0.622909 -0.758683 -0.190747 1.539900 -2.633700
1 -1.706400 -3.230101 4.521599 -0.515087 -0.580686 -0.630468 1.544400 -2.622300
larry.png
1 -1.706400 -3.230101 4.521599 -0.515087 -0.580686 -0.630468 1.544400 -2.622300
1 -1.846800 -3.341701 4.686299 -0.622909 -0.758683 -0.190747 1.539900 -2.633700
1 -2.848500 -1.748700 5.056200 -0.920103 -0.211798 -0.329473 1.508300 -2.659400
larry.png
1 -1.706400 -3.230101 4.521599 -0.515087 -0.580686 -0.630468 1.544400 -2.622300
1 -2.848500 -1.748700 5.056200 -0.920103 -0.211798 -0.329473 1.508300 -2.659400
1 -2.670300 -1.700101 4.904099 -0.832561 -0.065706 -0.550023 1.513900 -2.648800
larry.png
1 -2.670300 -1.700101 4.904099 -0.832561 -0.065706 -0.550023 1.513900 -2.648800
1 -2.848500 -1.748700 5.056200 -0.920103 -0.211798 -0.329473 1.508300 -2.659400
1 -2.683800 -0.098101 5.372099 -0.861606 0.343363 -0.373814 1.513500 -2.681300
larry.png
1 -2.670300 -1.700101 4.904099 -0.832561 -0.065706 -0.550023 1.513900 -2.648800
1 -2.683800 -0.098101 5.372099 -0.861606 0.343363 -0.373814 1.513500 -2.681300
1 -2.489400 -0.135901 5.205600 -0.816806 0.471069 -0.333049 1.519700 -2.669800
larry.png
1 -1.676700 0.813599 5.476500 -0.236173 0.744874 -0.624007 1.545300 -2.688600
1 0.000000 1.033199 5.477400 -0.000000 0.999752 0.022272 1.598400 -2.688600
1 0.000000 0.898199 5.331600 0.000000 0.964258 -0.264967 1.598400 -2.678500
larry.png
1 -1.676700 0.813599 5.476500 -0.426758 0.900665 0.081736 1.545300 -2.688600
1 0.000000 0.898199 5.331600 0.000000 0.964258 -0.264967 1.598400 -2.678500
1 -1.613700 0.707399 5.310000 -0.431147 0.882320 -0.188744 1.547300 -2.677000
larry.png
1 -2.683800 -0.098101 5.372099 -0.887361 0.412440 -0.206117 1.513500 -2.681300
1 -1.676700 0.813599 5.476500 -0.473165 0.873115 -0.117411 1.545300 -2.688600
1 -1.613700 0.707399 5.310000 -0.431147 0.882320 -0.188744 1.547300 -2.677000
larry.png
1 -2.683800 -0.098101 5.372099 -0.810488 0.467378 -0.353082 1.513500 -2.681300
1 -1.613700 0.707399 5.310000 -0.431147 0.882320 -0.188744 1.547300 -2.677000
1 -2.489400 -0.135901 5.205600 -0.816806 0.471069 -0.333049 1.519700 -2.669800
larry.png
1 -1.882800 0.663299 4.608900 -0.726996 0.657850 0.196748 0.823100 -1.690300
1 0.000000 1.289699 4.797900 0.000000 0.676123 0.736788 0.716800 -1.588100
1 -1.528200 1.287899 4.351500 -0.679010 0.450380 0.579744 0.863300 -1.623400
larry.png
1 -1.187100 1.793700 4.279500 -0.420314 0.664390 0.617998 0.853500 -1.528200
1 -1.528200 1.287899 4.351500 -0.679010 0.450380 0.579744 0.863300 -1.623400
1 0.000000 1.289699 4.797900 0.000000 0.676123 0.736788 0.716800 -1.588100
larry.png
1 -1.187100 1.793700 4.279500 -0.420314 0.664390 0.617998 0.853500 -1.528200
1 0.000000 1.289699 4.797900 0.000000 0.676123 0.736788 0.716800 -1.588100
1 0.000000 1.810799 4.521600 -0.000000 0.785173 0.619276 0.725200 -1.527500
larry.png
1 -1.102500 1.883700 4.131900 -0.447142 0.580235 0.680729 0.856700 -1.503900
1 -1.187100 1.793700 4.279500 -0.420314 0.664390 0.617998 0.853500 -1.528200
1 0.000000 1.810799 4.521600 -0.000000 0.785173 0.619276 0.725200 -1.527500
larry.png
1 0.000000 1.883699 4.366800 -0.000000 0.405904 0.913916 0.730000 -1.507400
1 -1.102500 1.883700 4.131900 -0.447142 0.580235 0.680729 0.856700 -1.503900
1 0.000000 1.810799 4.521600 -0.000000 0.785173 0.619276 0.725200 -1.527500
larry.png
1 -1.744200 1.745100 3.461400 -0.812638 0.582764 0.002471 0.956800 -1.536600
1 -1.528200 1.287899 4.351500 -0.679010 0.450380 0.579744 0.863300 -1.623400
1 -1.187100 1.793700 4.279500 -0.420314 0.664390 0.617998 0.853500 -1.528200
larry.png
1 -1.102500 1.883700 4.131900 -0.447142 0.580235 0.680729 0.856700 -1.503900
1 -1.600200 1.883700 3.483900 -0.833321 0.551592 -0.036363 0.939500 -1.508400
1 -1.187100 1.793700 4.279500 -0.420314 0.664390 0.617998 0.853500 -1.528200
larry.png
1 -1.600200 1.883700 3.483900 -0.833321 0.551592 -0.036363 0.939500 -1.508400
1 -1.744200 1.745100 3.461400 -0.812638 0.582764 0.002471 0.956800 -1.536600
1 -1.187100 1.793700 4.279500 -0.420314 0.664390 0.617998 0.853500 -1.528200
larry.png
1 -1.987200 0.672300 3.240000 -0.920645 0.267221 -0.284614 -1.335200 -1.688700
1 -1.882800 0.663299 4.608900 -0.726996 0.657850 0.196748 -1.413100 -1.517400
1 -1.528200 1.287899 4.351500 -0.679010 0.450380 0.579744 -1.465100 -1.582000
larry.png
1 -1.276200 1.755000 2.649600 -0.454675 0.519939 -0.723142 -0.451100 -0.625800
1 -1.987200 0.672300 3.240000 -0.920645 0.267221 -0.284614 -0.462900 -0.646700
1 -1.744200 1.745100 3.461400 -0.812638 0.582764 0.002471 -0.458900 -0.654500
larry.png
1 -1.163700 1.883700 2.781900 -0.496399 0.601556 -0.625874 -0.449200 -0.630400
1 -1.276200 1.755000 2.649600 -0.454675 0.519939 -0.723142 -0.451100 -0.625800
1 -1.744200 1.745100 3.461400 -0.812638 0.582764 0.002471 -0.458900 -0.654500
larry.png
1 -1.600200 1.883700 3.483900 -0.833321 0.551592 -0.036363 -0.456500 -0.655300
1 -1.163700 1.883700 2.781900 -0.496399 0.601556 -0.625874 -0.449200 -0.630400
1 -1.744200 1.745100 3.461400 -0.812638 0.582764 0.002471 -0.458900 -0.654500
larry.png
1 -1.238400 0.706500 2.469600 -0.407351 0.118442 -0.905559 0.560400 -1.660700
1 -1.276200 1.755000 2.649600 -0.454675 0.519939 -0.723142 0.556200 -1.531200
1 0.000000 1.751400 2.483100 0.000000 0.344819 -0.938669 0.697300 -1.531700
larry.png
1 0.000000 1.883700 2.604600 -0.000000 0.499569 -0.866274 -0.429800 -0.624200
1 0.000000 1.751400 2.483100 0.000000 0.344819 -0.938669 -0.429800 -0.619900
1 -1.276200 1.755000 2.649600 -0.454675 0.519939 -0.723142 -0.451100 -0.625800
larry.png
1 -1.163700 1.883700 2.781900 -0.496399 0.601556 -0.625874 -0.449200 -0.630400
1 0.000000 1.883700 2.604600 -0.000000 0.499569 -0.866274 -0.429800 -0.624200
1 -1.276200 1.755000 2.649600 -0.454675 0.519939 -0.723142 -0.451100 -0.625800
larry.png
1 -1.744200 1.745100 3.461400 -0.812638 0.582764 0.002471 0.956800 -1.536600
1 -1.987200 0.672300 3.240000 -0.920645 0.267221 -0.284614 0.955500 -1.727500
1 -1.528200 1.287899 4.351500 -0.679010 0.450380 0.579744 0.863300 -1.623400
larry.png
7 0.580500 0.128698 17.885700 -0.137348 0.423683 0.895337 0.430800 -2.637500
7 0.660600 0.235798 17.885700 0.000002 -0.000000 1.000000 0.435200 -2.637500
7 0.452700 0.168298 17.885700 0.000000 -0.000000 1.000000 0.423800 -2.637500
larry.png
7 0.580500 0.128698 17.885700 -0.137348 0.423683 0.895337 0.430800 -2.637500
7 0.452700 0.168298 17.885700 0.000000 -0.000000 1.000000 0.423800 -2.637500
7 0.491400 -0.018002 17.885700 -0.379028 0.229775 0.896405 0.425900 -2.637500
larry.png
7 0.738900 0.062098 17.885700 0.172111 0.408324 0.896465 0.439400 -2.637500
7 0.660600 0.235798 17.885700 0.000002 -0.000000 1.000000 0.435200 -2.637500
7 0.580500 0.128698 17.885700 -0.137348 0.423683 0.895337 0.430800 -2.637500
larry.png
8 0.898200 -0.850503 21.536999 -0.233579 0.713975 0.660061 0.448200 -2.814400
8 0.640800 -0.058503 20.296799 -0.298225 0.912981 0.278437 0.434100 -2.754300
8 0.573300 -0.163803 20.268002 -0.836231 0.445423 0.319869 0.430400 -2.752900
larry.png
8 0.898200 -0.850503 21.536999 -0.233579 0.713975 0.660061 0.448200 -2.814400
8 0.573300 -0.163803 20.268002 -0.836231 0.445423 0.319869 0.430400 -2.752900
8 0.837900 -0.924303 21.490200 -0.788037 0.304642 0.534969 0.444900 -2.812100
larry.png
8 0.837900 -0.924303 21.490200 -0.438307 -0.760913 -0.478434 0.444900 -2.812100
8 0.690300 -0.208803 20.239201 0.284410 -0.868709 -0.405532 0.436800 -2.751500
8 0.930600 -0.948603 21.443401 0.229439 -0.702837 -0.673333 0.450000 -2.809800
larry.png
8 0.837900 -0.924303 21.490200 -0.438307 -0.760913 -0.478434 0.444900 -2.812100
8 0.573300 -0.163803 20.268002 -0.398106 -0.896586 -0.194024 0.430400 -2.752900
8 0.690300 -0.208803 20.239201 0.284410 -0.868709 -0.405532 0.436800 -2.751500
larry.png
8 0.690300 -0.208803 20.239201 0.284410 -0.868709 -0.405532 0.436800 -2.751500
8 0.757800 -0.103503 20.268002 0.850623 -0.488982 -0.193229 0.440500 -2.752900
8 0.990900 -0.874803 21.490200 0.803516 -0.355818 -0.477238 0.453300 -2.812100
larry.png
8 0.930600 -0.948603 21.443401 0.229439 -0.702837 -0.673333 0.450000 -2.809800
8 0.690300 -0.208803 20.239201 0.284410 -0.868709 -0.405532 0.436800 -2.751500
8 0.990900 -0.874803 21.490200 0.803516 -0.355818 -0.477238 0.453300 -2.812100
larry.png
8 0.757800 -0.103503 20.268002 0.411091 0.853345 0.320635 0.440500 -2.752900
8 0.640800 -0.058503 20.296799 -0.298225 0.912981 0.278437 0.434100 -2.754300
8 0.898200 -0.850503 21.536999 -0.233579 0.713975 0.660061 0.448200 -2.814400
larry.png
8 0.990900 -0.874803 21.490200 0.456700 0.710064 0.535942 0.453300 -2.812100
8 0.757800 -0.103503 20.268002 0.411091 0.853345 0.320635 0.440500 -2.752900
8 0.898200 -0.850503 21.536999 -0.233579 0.713975 0.660061 0.448200 -2.814400
larry.png
8 0.640800 -0.058503 20.296799 -0.298225 0.912981 0.278437 0.434100 -2.754300
7 0.590400 0.096297 19.043999 -0.307734 0.949407 0.062657 0.431300 -2.693600
7 0.513000 -0.031503 19.041300 -0.852982 0.516875 0.072538 0.427100 -2.693500
larry.png
7 0.513000 -0.031503 19.041300 -0.852982 0.516875 0.072538 0.427100 -2.693500
8 0.573300 -0.163803 20.268002 -0.836231 0.445423 0.319869 0.430400 -2.752900
8 0.640800 -0.058503 20.296799 -0.298225 0.912981 0.278437 0.434100 -2.754300
larry.png
8 0.573300 -0.163803 20.268002 -0.398106 -0.896586 -0.194024 0.430400 -2.752900
7 0.513000 -0.031503 19.041300 -0.388732 -0.920893 -0.029052 0.427100 -2.693500
7 0.651600 -0.090003 19.038601 0.308608 -0.948505 -0.071406 0.434700 -2.693300
larry.png
7 0.651600 -0.090003 19.038601 0.308608 -0.948505 -0.071406 0.434700 -2.693300
8 0.690300 -0.208803 20.239201 0.284410 -0.868709 -0.405532 0.436800 -2.751500
8 0.573300 -0.163803 20.268002 -0.398106 -0.896586 -0.194024 0.430400 -2.752900
larry.png
7 0.651600 -0.090003 19.038601 0.308608 -0.948505 -0.071406 0.434700 -2.693300
7 0.729000 0.037797 19.041300 0.855043 -0.517750 -0.028929 0.438900 -2.693500
8 0.757800 -0.103503 20.268002 0.850623 -0.488982 -0.193229 0.440500 -2.752900
larry.png
7 0.651600 -0.090003 19.038601 0.308608 -0.948505 -0.071406 0.434700 -2.693300
8 0.757800 -0.103503 20.268002 0.850623 -0.488982 -0.193229 0.440500 -2.752900
8 0.690300 -0.208803 20.239201 0.284410 -0.868709 -0.405532 0.436800 -2.751500
larry.png
7 0.729000 0.037797 19.041300 0.385504 0.919851 0.072530 0.438900 -2.693500
7 0.590400 0.096297 19.043999 -0.307734 0.949407 0.062657 0.431300 -2.693600
8 0.640800 -0.058503 20.296799 -0.298225 0.912981 0.278437 0.434100 -2.754300
larry.png
7 0.729000 0.037797 19.041300 0.385504 0.919851 0.072530 0.438900 -2.693500
8 0.640800 -0.058503 20.296799 -0.298225 0.912981 0.278437 0.434100 -2.754300
8 0.757800 -0.103503 20.268002 0.411091 0.853345 0.320635 0.440500 -2.752900
larry.png
9 -0.580500 0.128698 17.885700 0.137351 0.423683 0.895336 0.430800 -2.637500
9 -0.452700 0.168298 17.885700 -0.000000 -0.000000 1.000000 0.435200 -2.637500
9 -0.660600 0.235798 17.885700 0.000002 -0.000000 1.000000 0.423800 -2.637500
larry.png
9 -0.580500 0.128698 17.885700 0.137351 0.423683 0.895336 0.430800 -2.637500
9 -0.660600 0.235798 17.885700 0.000002 -0.000000 1.000000 0.423800 -2.637500
9 -0.738900 0.062098 17.885700 -0.172110 0.408324 0.896465 0.425900 -2.637500
larry.png
9 -0.491400 -0.018002 17.885700 0.379026 0.229775 0.896405 0.439400 -2.637500
9 -0.452700 0.168298 17.885700 -0.000000 -0.000000 1.000000 0.435200 -2.637500
9 -0.580500 0.128698 17.885700 0.137351 0.423683 0.895336 0.430800 -2.637500
larry.png
9 -0.569700 -0.191702 17.885700 -0.000000 -0.000000 1.000000 0.441600 -2.637500
9 -0.406800 -0.045002 17.885700 -0.000003 -0.000000 1.000000 0.444100 -2.637500
9 -0.491400 -0.018002 17.885700 0.379026 0.229775 0.896405 0.439400 -2.637500
larry.png
9 -0.491400 -0.018002 17.885700 0.379026 0.229775 0.896405 0.439400 -2.637500
9 -0.406800 -0.045002 17.885700 -0.000003 -0.000000 1.000000 0.444100 -2.637500
9 -0.452700 0.168298 17.885700 -0.000000 -0.000000 1.000000 0.435200 -2.637500
larry.png
10 -0.898200 -0.850503 21.536999 0.233578 0.713975 0.660061 0.448200 -2.814400
10 -0.640800 -0.058503 20.296799 0.298224 0.912982 0.278437 0.434100 -2.754300
9 -0.757800 -0.103503 20.268002 -0.411090 0.853345 0.320635 0.430400 -2.752900
larry.png
10 -0.898200 -0.850503 21.536999 0.233578 0.713975 0.660061 0.448200 -2.814400
9 -0.757800 -0.103503 20.268002 -0.411090 0.853345 0.320635 0.430400 -2.752900
10 -0.990900 -0.874803 21.490200 -0.456699 0.710065 0.535943 0.444900 -2.812100
larry.png
10 -0.990900 -0.874803 21.490200 -0.803515 -0.355818 -0.477239 0.444900 -2.812100
9 -0.757800 -0.103503 20.268002 -0.850622 -0.488983 -0.193229 0.430400 -2.752900
9 -0.690300 -0.208803 20.239201 -0.284410 -0.868709 -0.405532 0.436800 -2.751500
larry.png
10 -0.990900 -0.874803 21.490200 -0.803515 -0.355818 -0.477239 0.444900 -2.812100
9 -0.690300 -0.208803 20.239201 -0.284410 -0.868709 -0.405532 0.436800 -2.751500
10 -0.930600 -0.948603 21.443401 -0.229439 -0.702837 -0.673333 0.450000 -2.809800
larry.png
10 -0.930600 -0.948603 21.443401 -0.229439 -0.702837 -0.673333 0.450000 -2.809800
9 -0.690300 -0.208803 20.239201 -0.284410 -0.868709 -0.405532 0.436800 -2.751500
10 -0.837900 -0.924303 21.490200 0.438305 -0.760913 -0.478434 0.453300 -2.812100
larry.png
9 -0.690300 -0.208803 20.239201 -0.284410 -0.868709 -0.405532 0.436800 -2.751500
9 -0.573300 -0.163803 20.268002 0.398105 -0.896586 -0.194024 0.440500 -2.752900
10 -0.837900 -0.924303 21.490200 0.438305 -0.760913 -0.478434 0.453300 -2.812100
larry.png
10 -0.837900 -0.924303 21.490200 0.788035 0.304643 0.534970 0.453300 -2.812100
9 -0.573300 -0.163803 20.268002 0.836229 0.445425 0.319870 0.440500 -2.752900
10 -0.898200 -0.850503 21.536999 0.233578 0.713975 0.660061 0.448200 -2.814400
larry.png
9 -0.573300 -0.163803 20.268002 0.836229 0.445425 0.319870 0.440500 -2.752900
10 -0.640800 -0.058503 20.296799 0.298224 0.912982 0.278437 0.434100 -2.754300
10 -0.898200 -0.850503 21.536999 0.233578 0.713975 0.660061 0.448200 -2.814400
larry.png
10 -0.640800 -0.058503 20.296799 0.298224 0.912982 0.278437 0.434100 -2.754300
9 -0.590400 0.096297 19.043999 0.307734 0.949407 0.062657 0.431300 -2.693600
9 -0.729000 0.037797 19.041300 -0.385504 0.919851 0.072530 0.427100 -2.693500
larry.png
9 -0.729000 0.037797 19.041300 -0.385504 0.919851 0.072530 0.427100 -2.693500
9 -0.757800 -0.103503 20.268002 -0.411090 0.853345 0.320635 0.430400 -2.752900
10 -0.640800 -0.058503 20.296799 0.298224 0.912982 0.278437 0.434100 -2.754300
larry.png
9 -0.651600 -0.090003 19.038601 -0.308608 -0.948505 -0.071406 0.434700 -2.693300
9 -0.690300 -0.208803 20.239201 -0.284410 -0.868709 -0.405532 0.436800 -2.751500
9 -0.757800 -0.103503 20.268002 -0.850622 -0.488983 -0.193229 0.430400 -2.752900
larry.png
9 -0.757800 -0.103503 20.268002 -0.850622 -0.488983 -0.193229 0.430400 -2.752900
9 -0.729000 0.037797 19.041300 -0.855043 -0.517750 -0.028929 0.427100 -2.693500
9 -0.651600 -0.090003 19.038601 -0.308608 -0.948505 -0.071406 0.434700 -2.693300
larry.png
9 -0.651600 -0.090003 19.038601 -0.308608 -0.948505 -0.071406 0.434700 -2.693300
9 -0.573300 -0.163803 20.268002 0.398105 -0.896586 -0.194024 0.440500 -2.752900
9 -0.690300 -0.208803 20.239201 -0.284410 -0.868709 -0.405532 0.436800 -2.751500
larry.png
9 -0.651600 -0.090003 19.038601 -0.308608 -0.948505 -0.071406 0.434700 -2.693300
9 -0.513000 -0.031503 19.041300 0.388732 -0.920893 -0.029052 0.438900 -2.693500
9 -0.573300 -0.163803 20.268002 0.398105 -0.896586 -0.194024 0.440500 -2.752900
larry.png
9 -0.513000 -0.031503 19.041300 0.852982 0.516875 0.072538 0.438900 -2.693500
10 -0.640800 -0.058503 20.296799 0.298224 0.912982 0.278437 0.434100 -2.754300
9 -0.573300 -0.163803 20.268002 0.836229 0.445425 0.319870 0.440500 -2.752900
larry.png
9 -0.513000 -0.031503 19.041300 0.852982 0.516875 0.072538 0.438900 -2.693500
9 -0.590400 0.096297 19.043999 0.307734 0.949407 0.062657 0.431300 -2.693600
10 -0.640800 -0.058503 20.296799 0.298224 0.912982 0.278437 0.434100 -2.754300
larry.png
19 1.620000 -1.647900 1.968300 0.000149 -0.649661 -0.760224 1.526000 -1.917800
19 1.620000 -1.709100 2.080800 0.000315 -0.994995 0.099923 1.521000 -1.924200
19 1.157400 -1.552500 2.049300 -0.593612 -0.772544 -0.225389 1.533800 -1.922400
larry.png
19 1.620000 -1.647900 1.968300 0.000149 -0.649661 -0.760224 1.526000 -1.917800
19 1.157400 -1.552500 2.049300 -0.593612 -0.772544 -0.225389 1.533800 -1.922400
19 1.224000 -1.513800 1.941300 -0.169481 -0.308294 -0.936072 1.537000 -1.916300
larry.png
21 1.620000 -0.594900 -0.000000 0.000981 0.831254 -0.555891 0.488400 -1.021900
21 1.800900 -0.726300 -0.000000 0.442382 0.248283 -0.861774 0.476900 -1.021900
21 1.438200 -0.726300 -0.000000 -0.572241 0.322053 -0.754203 0.476900 -1.021900
larry.png
19 2.240100 -1.107900 1.959300 0.969579 -0.091756 -0.226931 0.600400 -1.816800
19 2.081700 -1.552500 2.049300 0.593901 -0.772319 -0.225401 0.692700 -1.842600
19 2.015100 -1.513800 1.941300 0.169475 -0.308279 -0.936078 0.673200 -1.859400
larry.png
19 2.240100 -1.107900 1.959300 0.969579 -0.091756 -0.226931 0.600400 -1.816800
19 2.015100 -1.513800 1.941300 0.169475 -0.308279 -0.936078 0.673200 -1.859400
19 2.151000 -1.125000 1.863000 0.391417 -0.133120 -0.910534 0.592300 -1.836800
larry.png
19 1.224000 -1.513800 1.941300 -0.169481 -0.308294 -0.936072 1.537000 -1.916300
19 1.157400 -1.552500 2.049300 -0.593612 -0.772544 -0.225389 1.533800 -1.922400
19 0.999000 -1.107900 1.959300 -0.969579 -0.091756 -0.226931 1.570200 -1.917300
larry.png
19 1.088100 -1.125000 1.863000 -0.391416 -0.133120 -0.910534 1.568800 -1.911900
19 0.999000 -1.107900 1.959300 -0.969579 -0.091756 -0.226931 1.570200 -1.917300
19 1.157400 -0.645300 1.865700 -0.645028 0.586424 -0.489945 1.608000 -1.912100
larry.png
19 0.999000 -1.107900 1.959300 -0.969579 -0.091756 -0.226931 1.570200 -1.917300
19 1.088100 -1.125000 1.863000 -0.391416 -0.133120 -0.910534 1.568800 -1.911900
19 1.224000 -1.513800 1.941300 -0.169481 -0.308294 -0.936072 1.537000 -1.916300
larry.png
19 1.088100 -1.125000 1.863000 -0.391416 -0.133120 -0.910534 1.568800 -1.911900
19 1.157400 -0.645300 1.865700 -0.645028 0.586424 -0.489945 1.608000 -1.912100
19 1.224000 -0.738900 1.784700 -0.194523 0.121846 -0.973301 1.600400 -1.907500
larry.png
19 1.349100 -0.981000 1.897200 0.211560 -0.286980 -0.934283 1.580600 -1.913800
19 1.224000 -0.738900 1.784700 -0.194523 0.121846 -0.973301 1.600400 -1.907500
19 1.620000 -0.605700 1.757700 -0.000053 -0.118692 -0.992931 1.611300 -1.906000
larry.png
19 1.620000 -0.791100 1.858500 -0.000334 -0.477657 -0.878547 1.596100 -1.911700
19 1.349100 -0.981000 1.897200 0.211560 -0.286980 -0.934283 1.580600 -1.913800
19 1.620000 -0.605700 1.757700 -0.000053 -0.118692 -0.992931 1.611300 -1.906000
larry.png
19 2.151000 -1.125000 1.863000 0.391417 -0.133120 -0.910534 0.592300 -1.836800
19 1.890000 -0.981000 1.897200 -0.211719 -0.286952 -0.934256 0.580000 -1.883600
19 2.015100 -0.738900 1.784700 0.194697 0.121787 -0.973273 0.522900 -1.815800
larry.png
19 2.015100 -1.513800 1.941300 0.169475 -0.308279 -0.936078 0.673200 -1.859400
19 1.620000 -1.647900 1.968300 0.000149 -0.649661 -0.760224 0.762200 -1.884400
19 1.620000 -1.403100 1.982700 -0.000126 0.021497 -0.999769 0.729000 -1.925300
larry.png
19 1.890000 -0.981000 1.897200 0.021626 0.026167 -0.999424 0.580000 -1.883600
19 2.151000 -1.125000 1.863000 0.391417 -0.133120 -0.910534 0.592300 -1.836800
19 2.015100 -1.513800 1.941300 0.169475 -0.308279 -0.936078 0.673200 -1.859400
larry.png
19 1.620000 -1.403100 1.982700 -0.000126 0.021497 -0.999769 0.729000 -1.925300
19 1.847700 -1.269900 1.955700 -0.203876 -0.082334 -0.975528 0.640000 -1.900300
19 2.015100 -1.513800 1.941300 0.169475 -0.308279 -0.936078 0.673200 -1.859400
larry.png
19 1.890000 -0.981000 1.897200 -0.211719 -0.286952 -0.934256 0.580000 -1.883600
19 2.015100 -1.513800 1.941300 0.169475 -0.308279 -0.936078 0.673200 -1.859400
19 1.847700 -1.269900 1.955700 -0.203876 -0.082334 -0.975528 0.640000 -1.900300
larry.png
19 1.349100 -0.981000 1.897200 0.211560 -0.286980 -0.934283 1.580600 -1.913800
19 1.088100 -1.125000 1.863000 -0.391416 -0.133120 -0.910534 1.568800 -1.911900
19 1.224000 -0.738900 1.784700 -0.194523 0.121846 -0.973301 1.600400 -1.907500
larry.png
19 1.224000 -1.513800 1.941300 -0.169481 -0.308294 -0.936072 1.537000 -1.916300
19 1.088100 -1.125000 1.863000 -0.391416 -0.133120 -0.910534 1.568800 -1.911900
19 1.349100 -0.981000 1.897200 -0.021253 0.026500 -0.999423 1.580600 -1.913800
larry.png
19 1.349100 -0.981000 1.897200 0.211560 -0.286980 -0.934283 1.580600 -1.913800
19 1.391400 -1.269900 1.955700 0.203729 -0.082230 -0.975568 1.557000 -1.917100
19 1.224000 -1.513800 1.941300 -0.169481 -0.308294 -0.936072 1.537000 -1.916300
larry.png
20 1.395000 -1.098900 1.265400 -0.914229 0.403711 -0.034693 0.449900 -1.198400
19 1.383300 -1.097100 1.386900 -0.915823 0.389102 -0.099337 0.450000 -1.215000
19 1.620000 -0.927900 1.374300 0.000918 0.995119 -0.098679 0.464800 -1.213400
larry.png
20 1.620000 -0.937800 1.257300 0.001083 0.982686 0.185276 0.464000 -1.197200
20 1.395000 -1.098900 1.265400 -0.914229 0.403711 -0.034693 0.449900 -1.198400
19 1.620000 -0.927900 1.374300 0.000918 0.995119 -0.098679 0.464800 -1.213400
larry.png
19 1.821600 -1.348200 1.407600 0.832487 -0.548155 -0.080574 0.428000 -1.218000
19 1.620000 -1.469700 1.413000 0.000974 -0.999362 -0.035709 0.417400 -1.218600
20 1.620000 -1.450800 1.284300 0.001010 -0.969701 -0.244293 0.419000 -1.200900
larry.png
20 1.620000 -1.450800 1.284300 0.001010 -0.969701 -0.244293 0.419000 -1.200900
20 1.811700 -1.331100 1.280700 0.830672 -0.515259 -0.210933 0.429500 -1.200400
19 1.821600 -1.348200 1.407600 0.832487 -0.548155 -0.080574 0.428000 -1.218000
larry.png
20 1.427400 -1.331100 1.280700 -0.830043 -0.516157 -0.211211 0.429500 -1.200400
19 1.417500 -1.348200 1.407600 -0.831935 -0.548984 -0.080623 0.428000 -1.218000
19 1.383300 -1.097100 1.386900 -0.915823 0.389102 -0.099337 0.450000 -1.215000
larry.png
20 1.395000 -1.098900 1.265400 -0.914229 0.403711 -0.034693 0.449900 -1.198400
20 1.427400 -1.331100 1.280700 -0.830043 -0.516157 -0.211211 0.429500 -1.200400
19 1.383300 -1.097100 1.386900 -0.915823 0.389102 -0.099337 0.450000 -1.215000
larry.png
20 1.620000 -0.671400 0.449100 0.001245 0.959858 0.280484 0.481700 -1.086300
21 1.620000 -0.585900 0.177300 0.001178 0.994882 0.101035 0.489200 -1.046400
21 1.429200 -0.743400 0.177300 -0.886760 0.446311 0.120259 0.475400 -1.046400
larry.png
20 1.620000 -0.671400 0.449100 0.001245 0.959858 0.280484 0.481700 -1.086300
21 1.429200 -0.743400 0.177300 -0.886760 0.446311 0.120259 0.475400 -1.046400
20 1.458000 -0.786600 0.449100 -0.883513 0.433472 0.177500 0.471600 -1.086300
larry.png
20 1.458000 -0.786600 0.449100 -0.883513 0.433472 0.177500 0.471600 -1.086300
20 1.395000 -1.098900 1.265400 -0.914229 0.403711 -0.034693 0.449900 -1.198400
20 1.620000 -0.937800 1.257300 0.001083 0.982686 0.185276 0.464000 -1.197200
larry.png
20 1.620000 -0.937800 1.257300 0.001083 0.982686 0.185276 0.464000 -1.197200
20 1.620000 -0.671400 0.449100 0.001245 0.959858 0.280484 0.481700 -1.086300
20 1.458000 -0.786600 0.449100 -0.883513 0.433472 0.177500 0.471600 -1.086300
larry.png
20 1.458000 -0.786600 0.449100 -0.883513 0.433472 0.177500 0.471600 -1.086300
21 1.429200 -0.743400 0.177300 -0.886760 0.446311 0.120259 0.475400 -1.046400
21 1.429200 -1.221300 0.216000 -0.930784 -0.159904 0.328741 0.434800 -1.049700
larry.png
20 1.467900 -0.971100 0.449100 -0.894014 -0.390337 0.219946 0.455400 -1.086300
20 1.427400 -1.331100 1.280700 -0.830043 -0.516157 -0.211211 0.429500 -1.200400
20 1.395000 -1.098900 1.265400 -0.914229 0.403711 -0.034693 0.449900 -1.198400
larry.png
20 1.395000 -1.098900 1.265400 -0.914229 0.403711 -0.034693 0.449900 -1.198400
20 1.458000 -0.786600 0.449100 -0.883513 0.433472 0.177500 0.471600 -1.086300
20 1.467900 -0.971100 0.449100 -0.894014 -0.390337 0.219946 0.455400 -1.086300
larry.png
20 1.458000 -0.786600 0.449100 -0.883513 0.433472 0.177500 0.471600 -1.086300
21 1.429200 -1.221300 0.216000 -0.930784 -0.159904 0.328741 0.434800 -1.049700
20 1.467900 -0.971100 0.449100 -0.894014 -0.390337 0.219946 0.455400 -1.086300
larry.png
21 1.620000 -1.350900 0.297900 0.000965 -0.455056 0.890462 0.422100 -1.062800
21 1.809900 -1.221300 0.216000 0.930980 -0.159684 0.328294 0.434800 -1.049700
20 1.771200 -0.971100 0.449100 0.894485 -0.389459 0.219588 0.455400 -1.086300
larry.png
19 2.081700 -1.552500 2.049300 0.593901 -0.772319 -0.225401 0.692700 -1.842600
19 1.620000 -1.709100 2.080800 0.000315 -0.994995 0.099923 0.786600 -1.869000
19 1.620000 -1.647900 1.968300 0.000149 -0.649661 -0.760224 0.762200 -1.884400
larry.png
19 2.081700 -1.552500 2.049300 0.593901 -0.772319 -0.225401 0.692700 -1.842600
19 1.620000 -1.647900 1.968300 0.000149 -0.649661 -0.760224 0.762200 -1.884400
19 2.015100 -1.513800 1.941300 0.169475 -0.308279 -0.936078 0.673200 -1.859400
larry.png
19 1.620000 -0.493200 1.835100 0.000270 0.754273 -0.656561 1.620500 -1.910300
19 2.081700 -0.645300 1.865700 0.645262 0.586229 -0.489869 1.608000 -1.912100
19 2.015100 -0.738900 1.784700 0.194697 0.121787 -0.973273 1.600400 -1.907500
larry.png
19 1.620000 -0.493200 1.835100 0.000270 0.754273 -0.656561 1.620500 -1.910300
19 2.015100 -0.738900 1.784700 0.194697 0.121787 -0.973273 1.600400 -1.907500
19 1.620000 -0.605700 1.757700 -0.000053 -0.118692 -0.992931 1.611300 -1.906000
larry.png
19 1.224000 -0.738900 1.784700 -0.194523 0.121846 -0.973301 1.695000 -1.628500
19 1.157400 -0.645300 1.865700 -0.645028 0.586424 -0.489945 1.687500 -1.650500
19 1.620000 -0.493200 1.835100 0.000270 0.754273 -0.656561 1.781300 -1.607900
larry.png
19 1.620000 -0.493200 1.835100 0.000270 0.754273 -0.656561 1.781300 -1.607900
19 1.620000 -0.605700 1.757700 -0.000053 -0.118692 -0.992931 1.775300 -1.592000
19 1.224000 -0.738900 1.784700 -0.194523 0.121846 -0.973301 1.695000 -1.628500
larry.png
21 1.438200 -0.726300 -0.000000 -0.572241 0.322053 -0.754203 0.476900 -1.021900
21 1.800900 -0.726300 -0.000000 0.442382 0.248283 -0.861774 0.476900 -1.021900
21 1.403100 -1.162800 -0.000000 -0.239136 0.019230 -0.970796 0.438600 -1.021900
larry.png
21 1.800900 -0.726300 -0.000000 0.442382 0.248283 -0.861774 0.476900 -1.021900
21 1.836000 -1.162800 -0.000000 0.437927 0.035215 -0.898321 0.438600 -1.021900
21 1.403100 -1.162800 -0.000000 -0.239136 0.019230 -0.970796 0.438600 -1.021900
larry.png
19 2.081700 -0.645300 1.865700 0.645262 0.586229 -0.489869 0.515200 -1.791400
19 2.240100 -1.107900 1.959300 0.969579 -0.091756 -0.226931 0.600400 -1.816800
19 2.151000 -1.125000 1.863000 0.391417 -0.133120 -0.910534 0.592300 -1.836800
larry.png
19 2.081700 -0.645300 1.865700 0.645262 0.586229 -0.489869 0.515200 -1.791400
19 2.151000 -1.125000 1.863000 0.391417 -0.133120 -0.910534 0.592300 -1.836800
19 2.015100 -0.738900 1.784700 0.194697 0.121787 -0.973273 0.522900 -1.815800
larry.png
19 1.620000 -0.791100 1.858500 -0.000334 -0.477657 -0.878547 1.596100 -1.911700
19 1.620000 -0.605700 1.757700 -0.000053 -0.118692 -0.992931 1.611300 -1.906000
19 1.890000 -0.981000 1.897200 -0.211719 -0.286952 -0.934256 1.580600 -1.913800
larry.png
19 1.620000 -0.605700 1.757700 -0.000053 -0.118692 -0.992931 1.611300 -1.906000
19 2.015100 -0.738900 1.784700 0.194697 0.121787 -0.973273 1.600400 -1.907500
19 1.890000 -0.981000 1.897200 -0.211719 -0.286952 -0.934256 1.580600 -1.913800
larry.png
19 1.620000 -0.912600 1.493100 0.000860 0.975036 -0.222045 0.466200 -1.229700
19 1.620000 -0.791100 1.858500 0.000786 0.948916 -0.315526 0.476800 -1.279800
19 1.890000 -0.981000 1.897200 0.701881 0.459041 -0.544650 0.460200 -1.285100
larry.png
19 1.620000 -0.912600 1.493100 0.000860 0.975036 -0.222045 0.466200 -1.229700
19 1.890000 -0.981000 1.897200 0.701881 0.459041 -0.544650 0.460200 -1.285100
19 1.863000 -1.085400 1.514700 0.976806 0.192800 -0.093152 0.451100 -1.232600
larry.png
19 1.383300 -1.097100 1.386900 -0.915823 0.389102 -0.099337 0.450000 -1.215000
19 1.620000 -0.912600 1.493100 0.000860 0.975036 -0.222045 0.466200 -1.229700
19 1.620000 -0.927900 1.374300 0.000918 0.995119 -0.098679 0.464800 -1.213400
larry.png
19 1.349100 -0.981000 1.897200 -0.701110 0.459840 -0.544970 0.460200 -1.285100
19 1.620000 -0.791100 1.858500 0.000786 0.948916 -0.315526 0.476800 -1.279800
19 1.620000 -0.912600 1.493100 0.000860 0.975036 -0.222045 0.466200 -1.229700
larry.png
19 1.349100 -0.981000 1.897200 -0.701110 0.459840 -0.544970 0.460200 -1.285100
19 1.620000 -0.912600 1.493100 0.000860 0.975036 -0.222045 0.466200 -1.229700
19 1.376100 -1.085400 1.514700 -0.976706 0.193271 -0.093230 0.451100 -1.232600
larry.png
19 1.383300 -1.097100 1.386900 -0.915823 0.389102 -0.099337 0.450000 -1.215000
19 1.376100 -1.085400 1.514700 -0.976706 0.193271 -0.093230 0.451100 -1.232600
19 1.620000 -0.912600 1.493100 0.000860 0.975036 -0.222045 0.466200 -1.229700
larry.png
19 1.863000 -1.085400 1.514700 0.976806 0.192800 -0.093152 0.451100 -1.232600
19 1.890000 -0.981000 1.897200 0.819385 0.535025 -0.205806 0.460200 -1.285100
19 1.847700 -1.269900 1.955700 0.908601 -0.416798 0.026914 0.434900 -1.293100
larry.png
19 1.863000 -1.085400 1.514700 0.976806 0.192800 -0.093152 0.451100 -1.232600
19 1.847700 -1.269900 1.955700 0.908601 -0.416798 0.026914 0.434900 -1.293100
19 1.827000 -1.342800 1.553400 0.736130 -0.675516 0.042316 0.428500 -1.237900
larry.png
19 1.620000 -1.403100 1.982700 -0.000126 0.021497 -0.999769 1.546100 -1.918600
19 1.224000 -1.513800 1.941300 -0.169481 -0.308294 -0.936072 1.537000 -1.916300
19 1.391400 -1.269900 1.955700 0.203729 -0.082230 -0.975568 1.557000 -1.917100
larry.png
19 1.620000 -1.403100 1.982700 -0.000126 0.021497 -0.999769 1.546100 -1.918600
19 1.620000 -1.647900 1.968300 0.000149 -0.649661 -0.760224 1.526000 -1.917800
19 1.224000 -1.513800 1.941300 -0.169481 -0.308294 -0.936072 1.537000 -1.916300
larry.png
19 1.620000 -1.403100 1.982700 0.000909 -0.988925 0.148410 0.423200 -1.296800
19 1.391400 -1.269900 1.955700 -0.908385 -0.417262 0.027008 0.434900 -1.293100
19 1.412100 -1.342800 1.553400 -0.735241 -0.676477 0.042424 0.428500 -1.237900
larry.png
19 1.620000 -1.403100 1.982700 0.000909 -0.988925 0.148410 0.423200 -1.296800
19 1.412100 -1.342800 1.553400 -0.735241 -0.676477 0.042424 0.428500 -1.237900
19 1.620000 -1.466100 1.562400 0.000955 -0.996265 0.086344 0.417700 -1.239100
larry.png
19 1.821600 -1.348200 1.407600 0.832487 -0.548155 -0.080574 0.428000 -1.218000
19 1.827000 -1.342800 1.553400 0.736130 -0.675516 0.042316 0.428500 -1.237900
19 1.620000 -1.469700 1.413000 0.000974 -0.999362 -0.035709 0.417400 -1.218600
larry.png
19 1.827000 -1.342800 1.553400 0.736130 -0.675516 0.042316 0.428500 -1.237900
19 1.620000 -1.466100 1.562400 0.000955 -0.996265 0.086344 0.417700 -1.239100
19 1.620000 -1.469700 1.413000 0.000974 -0.999362 -0.035709 0.417400 -1.218600
larry.png
19 1.620000 -1.403100 1.982700 0.000909 -0.988925 0.148410 0.423200 -1.296800
19 1.620000 -1.466100 1.562400 0.000955 -0.996265 0.086344 0.417700 -1.239100
19 1.827000 -1.342800 1.553400 0.736130 -0.675516 0.042316 0.428500 -1.237900
larry.png
19 1.620000 -1.403100 1.982700 0.000909 -0.988925 0.148410 0.423200 -1.296800
19 1.827000 -1.342800 1.553400 0.736130 -0.675516 0.042316 0.428500 -1.237900
19 1.847700 -1.269900 1.955700 0.908601 -0.416798 0.026914 0.434900 -1.293100
larry.png
19 1.417500 -1.348200 1.407600 -0.831935 -0.548984 -0.080623 0.428000 -1.218000
19 1.376100 -1.085400 1.514700 -0.976706 0.193271 -0.093230 0.451100 -1.232600
19 1.383300 -1.097100 1.386900 -0.915823 0.389102 -0.099337 0.450000 -1.215000
larry.png
19 1.391400 -1.269900 1.955700 -0.908385 -0.417262 0.027008 0.434900 -1.293100
19 1.349100 -0.981000 1.897200 -0.818707 0.535962 -0.206069 0.460200 -1.285100
19 1.376100 -1.085400 1.514700 -0.976706 0.193271 -0.093230 0.451100 -1.232600
larry.png
19 1.417500 -1.348200 1.407600 -0.831935 -0.548984 -0.080623 0.428000 -1.218000
19 1.412100 -1.342800 1.553400 -0.735241 -0.676477 0.042424 0.428500 -1.237900
19 1.376100 -1.085400 1.514700 -0.976706 0.193271 -0.093230 0.451100 -1.232600
larry.png
19 1.391400 -1.269900 1.955700 -0.908385 -0.417262 0.027008 0.434900 -1.293100
19 1.376100 -1.085400 1.514700 -0.976706 0.193271 -0.093230 0.451100 -1.232600
19 1.412100 -1.342800 1.553400 -0.735241 -0.676477 0.042424 0.428500 -1.237900
larry.png
19 1.620000 -0.912600 1.493100 0.000860 0.975036 -0.222045 0.466200 -1.229700
19 1.863000 -1.085400 1.514700 0.976806 0.192800 -0.093152 0.451100 -1.232600
19 1.855800 -1.097100 1.386900 0.916177 0.388282 -0.099280 0.450000 -1.215000
larry.png
19 1.620000 -0.927900 1.374300 0.000918 0.995119 -0.098679 0.464800 -1.213400
19 1.855800 -1.097100 1.386900 0.916177 0.388282 -0.099280 0.450000 -1.215000
20 1.844100 -1.098900 1.265400 0.914596 0.402870 -0.034774 0.449900 -1.198400
larry.png
19 1.620000 -0.927900 1.374300 0.000918 0.995119 -0.098679 0.464800 -1.213400
19 1.620000 -0.912600 1.493100 0.000860 0.975036 -0.222045 0.466200 -1.229700
19 1.855800 -1.097100 1.386900 0.916177 0.388282 -0.099280 0.450000 -1.215000
larry.png
20 1.620000 -0.937800 1.257300 0.001083 0.982686 0.185276 0.464000 -1.197200
19 1.620000 -0.927900 1.374300 0.000918 0.995119 -0.098679 0.464800 -1.213400
20 1.844100 -1.098900 1.265400 0.914596 0.402870 -0.034774 0.449900 -1.198400
larry.png
19 1.863000 -1.085400 1.514700 0.976806 0.192800 -0.093152 0.451100 -1.232600
19 1.827000 -1.342800 1.553400 0.736130 -0.675516 0.042316 0.428500 -1.237900
19 1.821600 -1.348200 1.407600 0.832487 -0.548155 -0.080574 0.428000 -1.218000
larry.png
19 1.855800 -1.097100 1.386900 0.916177 0.388282 -0.099280 0.450000 -1.215000
19 1.863000 -1.085400 1.514700 0.976806 0.192800 -0.093152 0.451100 -1.232600
19 1.821600 -1.348200 1.407600 0.832487 -0.548155 -0.080574 0.428000 -1.218000
larry.png
19 1.855800 -1.097100 1.386900 0.916177 0.388282 -0.099280 0.450000 -1.215000
19 1.821600 -1.348200 1.407600 0.832487 -0.548155 -0.080574 0.428000 -1.218000
20 1.811700 -1.331100 1.280700 0.830672 -0.515259 -0.210933 0.429500 -1.200400
larry.png
20 1.844100 -1.098900 1.265400 0.914596 0.402870 -0.034774 0.449900 -1.198400
19 1.855800 -1.097100 1.386900 0.916177 0.388282 -0.099280 0.450000 -1.215000
20 1.811700 -1.331100 1.280700 0.830672 -0.515259 -0.210933 0.429500 -1.200400
larry.png
20 1.844100 -1.098900 1.265400 0.914596 0.402870 -0.034774 0.449900 -1.198400
20 1.811700 -1.331100 1.280700 0.830672 -0.515259 -0.210933 0.429500 -1.200400
20 1.771200 -0.971100 0.449100 0.894485 -0.389459 0.219588 0.455400 -1.086300
larry.png
19 1.620000 -1.469700 1.413000 0.000974 -0.999362 -0.035709 0.417400 -1.218600
19 1.620000 -1.466100 1.562400 0.000955 -0.996265 0.086344 0.417700 -1.239100
19 1.412100 -1.342800 1.553400 -0.735241 -0.676477 0.042424 0.428500 -1.237900
larry.png
19 1.620000 -1.469700 1.413000 0.000974 -0.999362 -0.035709 0.417400 -1.218600
19 1.412100 -1.342800 1.553400 -0.735241 -0.676477 0.042424 0.428500 -1.237900
19 1.417500 -1.348200 1.407600 -0.831935 -0.548984 -0.080623 0.428000 -1.218000
larry.png
20 1.620000 -1.450800 1.284300 0.001010 -0.969701 -0.244293 0.419000 -1.200900
19 1.620000 -1.469700 1.413000 0.000974 -0.999362 -0.035709 0.417400 -1.218600
19 1.417500 -1.348200 1.407600 -0.831935 -0.548984 -0.080623 0.428000 -1.218000
larry.png
20 1.620000 -1.450800 1.284300 0.001010 -0.969701 -0.244293 0.419000 -1.200900
19 1.417500 -1.348200 1.407600 -0.831935 -0.548984 -0.080623 0.428000 -1.218000
20 1.427400 -1.331100 1.280700 -0.830043 -0.516157 -0.211211 0.429500 -1.200400
larry.png
20 1.811700 -1.331100 1.280700 0.830672 -0.515259 -0.210933 0.429500 -1.200400
20 1.620000 -1.450800 1.284300 0.001010 -0.969701 -0.244293 0.419000 -1.200900
20 1.620000 -1.086300 0.449100 0.098827 -0.981851 -0.161870 0.445300 -1.086300
larry.png
20 1.811700 -1.331100 1.280700 0.830672 -0.515259 -0.210933 0.429500 -1.200400
20 1.620000 -1.086300 0.449100 0.098827 -0.981851 -0.161870 0.445300 -1.086300
20 1.771200 -0.971100 0.449100 0.894485 -0.389459 0.219588 0.455400 -1.086300
larry.png
21 1.809900 -0.743400 0.177300 0.887314 0.445262 0.120067 0.475400 -1.046400
21 1.620000 -0.585900 0.177300 0.001178 0.994882 0.101035 0.489200 -1.046400
20 1.620000 -0.671400 0.449100 0.001245 0.959858 0.280484 0.481700 -1.086300
larry.png
20 1.620000 -0.937800 1.257300 0.001083 0.982686 0.185276 0.464000 -1.197200
20 1.844100 -1.098900 1.265400 0.914596 0.402870 -0.034774 0.449900 -1.198400
20 1.781100 -0.786600 0.449100 0.884062 0.432472 0.177207 0.471600 -1.086300
larry.png
21 1.809900 -0.743400 0.177300 0.887314 0.445262 0.120067 0.475400 -1.046400
20 1.620000 -0.671400 0.449100 0.001245 0.959858 0.280484 0.481700 -1.086300
20 1.781100 -0.786600 0.449100 0.884062 0.432472 0.177207 0.471600 -1.086300
larry.png
20 1.781100 -0.786600 0.449100 0.884062 0.432472 0.177207 0.471600 -1.086300
20 1.620000 -0.671400 0.449100 0.001245 0.959858 0.280484 0.481700 -1.086300
20 1.620000 -0.937800 1.257300 0.001083 0.982686 0.185276 0.464000 -1.197200
larry.png
21 1.620000 -0.585900 0.177300 0.001178 0.994882 0.101035 0.489200 -1.046400
21 1.809900 -0.743400 0.177300 0.887314 0.445262 0.120067 0.475400 -1.046400
21 1.800900 -0.726300 -0.000000 0.801317 0.598047 -0.015179 0.476900 -1.021900
larry.png
21 1.620000 -0.585900 0.177300 0.001178 0.994882 0.101035 0.489200 -1.046400
21 1.800900 -0.726300 -0.000000 0.539696 0.402792 -0.739248 0.476900 -1.021900
21 1.620000 -0.594900 -0.000000 0.000981 0.831254 -0.555891 0.488400 -1.021900
larry.png
21 1.438200 -0.726300 -0.000000 -0.800345 0.599349 -0.015127 0.476900 -1.021900
21 1.429200 -0.743400 0.177300 -0.886760 0.446311 0.120259 0.475400 -1.046400
21 1.620000 -0.585900 0.177300 0.001178 0.994882 0.101035 0.489200 -1.046400
larry.png
21 1.620000 -0.585900 0.177300 0.001178 0.994882 0.101035 0.489200 -1.046400
21 1.620000 -0.594900 -0.000000 0.000981 0.831254 -0.555891 0.488400 -1.021900
21 1.438200 -0.726300 -0.000000 -0.644299 0.482493 -0.593362 0.476900 -1.021900
larry.png
20 1.771200 -0.971100 0.449100 0.894485 -0.389459 0.219588 0.455400 -1.086300
20 1.781100 -0.786600 0.449100 0.884062 0.432472 0.177207 0.471600 -1.086300
20 1.844100 -1.098900 1.265400 0.914596 0.402870 -0.034774 0.449900 -1.198400
larry.png
21 1.809900 -1.221300 0.216000 0.930980 -0.159684 0.328294 0.434800 -1.049700
21 1.809900 -0.743400 0.177300 0.887314 0.445262 0.120067 0.475400 -1.046400
20 1.781100 -0.786600 0.449100 0.884062 0.432472 0.177207 0.471600 -1.086300
larry.png
21 1.809900 -1.221300 0.216000 0.930980 -0.159684 0.328294 0.434800 -1.049700
20 1.781100 -0.786600 0.449100 0.884062 0.432472 0.177207 0.471600 -1.086300
20 1.771200 -0.971100 0.449100 0.894485 -0.389459 0.219588 0.455400 -1.086300
larry.png
21 1.809900 -0.743400 0.177300 0.887314 0.445262 0.120067 0.475400 -1.046400
21 1.809900 -1.221300 0.216000 0.930980 -0.159684 0.328294 0.434800 -1.049700
21 1.836000 -1.162800 -0.000000 0.998397 -0.014114 0.054802 0.438600 -1.021900
larry.png
21 1.809900 -0.743400 0.177300 0.887314 0.445262 0.120067 0.475400 -1.046400
21 1.836000 -1.162800 -0.000000 0.850923 -0.012029 -0.525153 0.438600 -1.021900
21 1.800900 -0.726300 -0.000000 0.539696 0.402792 -0.739248 0.476900 -1.021900
larry.png
21 1.620000 -1.350900 0.297900 0.000965 -0.455056 0.890462 0.422100 -1.062800
21 1.429200 -1.221300 0.216000 -0.930784 -0.159904 0.328741 0.434800 -1.049700
22 1.477800 -1.570500 0.153900 -0.572670 -0.562684 0.596184 0.402800 -1.043100
larry.png
22 1.477800 -1.570500 0.153900 -0.572670 -0.562684 0.596184 0.402800 -1.043100
22 1.465200 -1.627200 -0.000000 -0.887863 -0.410832 0.207162 0.397800 -1.021900
22 1.620000 -1.711800 -0.000000 0.001116 -0.907165 0.420774 0.390400 -1.021900
larry.png
21 1.620000 -1.350900 0.297900 0.000965 -0.455056 0.890462 0.422100 -1.062800
22 1.477800 -1.570500 0.153900 -0.572670 -0.562684 0.596184 0.402800 -1.043100
22 1.620000 -1.629900 0.159300 0.000912 -0.696678 0.717383 0.397600 -1.043900
larry.png
22 1.620000 -1.629900 0.159300 0.000912 -0.696678 0.717383 0.397600 -1.043900
22 1.477800 -1.570500 0.153900 -0.572670 -0.562684 0.596184 0.402800 -1.043100
22 1.620000 -1.711800 -0.000000 0.001116 -0.907165 0.420774 0.390400 -1.021900
larry.png
21 1.620000 -1.350900 0.297900 0.000965 -0.455056 0.890462 0.422100 -1.062800
22 1.620000 -1.629900 0.159300 0.000912 -0.696678 0.717383 0.397600 -1.043900
22 1.761300 -1.570500 0.153900 0.574077 -0.562020 0.595457 0.402800 -1.043100
larry.png
22 1.620000 -1.711800 -0.000000 0.001116 -0.907165 0.420774 0.390400 -1.021900
22 1.773900 -1.627200 -0.000000 0.888178 -0.410244 0.206979 0.397800 -1.021900
22 1.761300 -1.570500 0.153900 0.574077 -0.562020 0.595457 0.402800 -1.043100
larry.png
22 1.620000 -1.629900 0.159300 0.000912 -0.696678 0.717383 0.397600 -1.043900
22 1.620000 -1.711800 -0.000000 0.001116 -0.907165 0.420774 0.390400 -1.021900
22 1.761300 -1.570500 0.153900 0.574077 -0.562020 0.595457 0.402800 -1.043100
larry.png
22 1.761300 -1.570500 0.153900 0.574077 -0.562020 0.595457 0.402800 -1.043100
21 1.809900 -1.221300 0.216000 0.930980 -0.159684 0.328294 0.434800 -1.049700
21 1.620000 -1.350900 0.297900 0.000965 -0.455056 0.890462 0.422100 -1.062800
larry.png
21 1.403100 -1.162800 -0.000000 -0.998397 -0.014113 0.054803 0.438600 -1.021900
21 1.429200 -1.221300 0.216000 -0.930784 -0.159904 0.328741 0.434800 -1.049700
21 1.429200 -0.743400 0.177300 -0.886760 0.446311 0.120259 0.475400 -1.046400
larry.png
21 1.429200 -0.743400 0.177300 -0.886760 0.446311 0.120259 0.475400 -1.046400
21 1.438200 -0.726300 -0.000000 -0.644299 0.482493 -0.593362 0.476900 -1.021900
21 1.403100 -1.162800 -0.000000 -0.612881 -0.008664 -0.790128 0.438600 -1.021900
larry.png
21 1.429200 -1.221300 0.216000 -0.930784 -0.159904 0.328741 0.434800 -1.049700
21 1.620000 -1.350900 0.297900 0.000965 -0.455056 0.890462 0.422100 -1.062800
20 1.467900 -0.971100 0.449100 -0.894014 -0.390337 0.219946 0.455400 -1.086300
larry.png
21 1.429200 -1.221300 0.216000 -0.930784 -0.159904 0.328741 0.434800 -1.049700
21 1.403100 -1.162800 -0.000000 -0.998397 -0.014113 0.054803 0.438600 -1.021900
22 1.465200 -1.627200 -0.000000 -0.887863 -0.410832 0.207162 0.397800 -1.021900
larry.png
21 1.429200 -1.221300 0.216000 -0.930784 -0.159904 0.328741 0.434800 -1.049700
22 1.465200 -1.627200 -0.000000 -0.887863 -0.410832 0.207162 0.397800 -1.021900
22 1.477800 -1.570500 0.153900 -0.572670 -0.562684 0.596184 0.402800 -1.043100
larry.png
21 1.403100 -1.162800 -0.000000 -0.239136 0.019230 -0.970796 0.438600 -1.021900
21 1.836000 -1.162800 -0.000000 0.437927 0.035215 -0.898321 0.438600 -1.021900
22 1.773900 -1.627200 -0.000000 0.000000 0.000000 -1.000000 0.397800 -1.021900
larry.png
21 1.403100 -1.162800 -0.000000 -0.239136 0.019230 -0.970796 0.438600 -1.021900
22 1.773900 -1.627200 -0.000000 0.000000 0.000000 -1.000000 0.397800 -1.021900
22 1.465200 -1.627200 -0.000000 0.000000 0.000000 -1.000000 0.397800 -1.021900
larry.png
22 1.620000 -1.711800 -0.000000 0.000000 0.000000 -1.000000 0.390400 -1.021900
22 1.465200 -1.627200 -0.000000 0.000000 0.000000 -1.000000 0.397800 -1.021900
22 1.773900 -1.627200 -0.000000 0.000000 0.000000 -1.000000 0.397800 -1.021900
larry.png
22 1.773900 -1.627200 -0.000000 0.888178 -0.410244 0.206979 0.397800 -1.021900
21 1.836000 -1.162800 -0.000000 0.998397 -0.014114 0.054802 0.438600 -1.021900
21 1.809900 -1.221300 0.216000 0.930980 -0.159684 0.328294 0.434800 -1.049700
larry.png
21 1.809900 -1.221300 0.216000 0.930980 -0.159684 0.328294 0.434800 -1.049700
22 1.761300 -1.570500 0.153900 0.574077 -0.562020 0.595457 0.402800 -1.043100
22 1.773900 -1.627200 -0.000000 0.888178 -0.410244 0.206979 0.397800 -1.021900
larry.png
19 1.620000 -0.403200 2.393100 0.000321 0.988761 -0.149507 1.830200 -1.726000
19 1.620000 -0.493200 1.835100 0.000270 0.754273 -0.656561 1.781300 -1.607900
19 1.157400 -0.645300 1.865700 -0.645028 0.586424 -0.489945 1.687500 -1.650500
larry.png
19 1.620000 -0.403200 2.393100 0.000321 0.988761 -0.149507 1.830200 -1.726000
19 1.157400 -0.645300 1.865700 -0.645028 0.586424 -0.489945 1.687500 -1.650500
19 1.207800 -0.543600 2.421000 -0.728324 0.683902 -0.042697 1.746700 -1.764100
larry.png
19 1.620000 -1.488600 2.612700 0.000319 -0.926935 0.375222 0.814300 -1.739900
19 1.620000 -1.709100 2.080800 0.000315 -0.994995 0.099923 0.786600 -1.869000
19 2.031300 -1.350900 2.584800 0.662466 -0.676494 0.321705 0.724300 -1.714600
larry.png
19 1.620000 -1.709100 2.080800 0.000315 -0.994995 0.099923 0.786600 -1.869000
19 2.081700 -1.552500 2.049300 0.593901 -0.772319 -0.225401 0.692700 -1.842600
19 2.031300 -1.350900 2.584800 0.662466 -0.676494 0.321705 0.724300 -1.714600
larry.png
19 1.207800 -1.350900 2.584800 -0.662370 -0.676626 0.321625 0.690000 -2.828100
19 1.620000 -1.709100 2.080800 0.000315 -0.994995 0.099923 0.516700 -2.922800
19 1.620000 -1.488600 2.612700 0.000319 -0.926935 0.375222 0.659700 -2.942400
larry.png
19 1.207800 -1.350900 2.584800 -0.662370 -0.676626 0.321625 0.690000 -2.828100
19 1.157400 -1.552500 2.049300 -0.593612 -0.772544 -0.225389 0.548400 -2.803400
19 1.620000 -1.709100 2.080800 0.000315 -0.994995 0.099923 0.516700 -2.922800
larry.png
19 2.081700 -0.645300 1.865700 0.645262 0.586229 -0.489869 1.608000 -1.912100
19 1.620000 -0.493200 1.835100 0.000270 0.754273 -0.656561 1.620500 -1.910300
19 1.620000 -0.403200 2.393100 0.000321 0.988761 -0.149507 1.627900 -1.941800
larry.png
19 2.031300 -0.543600 2.421000 0.728356 0.683878 -0.042532 1.616400 -1.943400
19 2.081700 -0.645300 1.865700 0.645262 0.586229 -0.489869 1.608000 -1.912100
19 1.620000 -0.403200 2.393100 0.000321 0.988761 -0.149507 1.627900 -1.941800
larry.png
19 2.240100 -1.107900 1.959300 0.969579 -0.091756 -0.226931 0.600400 -1.816800
19 2.081700 -0.645300 1.865700 0.645262 0.586229 -0.489869 0.515200 -1.791400
19 2.031300 -0.543600 2.421000 0.728356 0.683878 -0.042532 0.556800 -1.667800
larry.png
19 2.164500 -0.955800 2.504700 0.990919 0.023441 0.132399 0.642200 -1.691700
19 2.240100 -1.107900 1.959300 0.969579 -0.091756 -0.226931 0.600400 -1.816800
19 2.031300 -0.543600 2.421000 0.728356 0.683878 -0.042532 0.556800 -1.667800
larry.png
19 2.031300 -1.350900 2.584800 0.662466 -0.676494 0.321705 0.724300 -1.714600
19 2.164500 -0.955800 2.504700 0.990919 0.023441 0.132399 0.642200 -1.691700
1 2.007000 -1.026900 3.270600 0.874956 -0.390007 0.286959 0.732100 -1.575600
larry.png
19 2.031300 -1.350900 2.584800 0.662466 -0.676494 0.321705 0.724300 -1.714600
19 2.240100 -1.107900 1.959300 0.969579 -0.091756 -0.226931 0.600400 -1.816800
19 2.164500 -0.955800 2.504700 0.990919 0.023441 0.132399 0.642200 -1.691700
larry.png
19 2.031300 -1.350900 2.584800 0.662466 -0.676494 0.321705 0.724300 -1.714600
19 2.081700 -1.552500 2.049300 0.593901 -0.772319 -0.225401 0.692700 -1.842600
19 2.240100 -1.107900 1.959300 0.969579 -0.091756 -0.226931 0.600400 -1.816800
larry.png
19 0.999000 -1.107900 1.959300 -0.969579 -0.091756 -0.226931 0.581300 -2.684400
19 1.157400 -1.552500 2.049300 -0.593612 -0.772544 -0.225389 0.548400 -2.803400
19 1.207800 -1.350900 2.584800 -0.662370 -0.676626 0.321625 0.690000 -2.828100
larry.png
19 1.074600 -0.955800 2.504700 -0.990919 0.023441 0.132399 0.719300 -2.722300
19 0.999000 -1.107900 1.959300 -0.969579 -0.091756 -0.226931 0.581300 -2.684400
19 1.207800 -1.350900 2.584800 -0.662370 -0.676626 0.321625 0.690000 -2.828100
larry.png
19 1.207800 -0.543600 2.421000 -0.728324 0.683902 -0.042697 1.616400 -1.943400
19 0.999000 -1.107900 1.959300 -0.969579 -0.091756 -0.226931 1.570200 -1.917300
19 1.074600 -0.955800 2.504700 -0.990919 0.023441 0.132399 1.582700 -1.948100
larry.png
19 1.207800 -0.543600 2.421000 -0.728324 0.683902 -0.042697 1.616400 -1.943400
19 1.157400 -0.645300 1.865700 -0.645028 0.586424 -0.489945 1.608000 -1.912100
19 0.999000 -1.107900 1.959300 -0.969579 -0.091756 -0.226931 1.570200 -1.917300
larry.png
20 1.620000 -1.086300 0.449100 -0.096130 -0.982141 -0.161736 0.445300 -1.086300
20 1.620000 -1.450800 1.284300 0.001010 -0.969701 -0.244293 0.419000 -1.200900
20 1.427400 -1.331100 1.280700 -0.830043 -0.516157 -0.211211 0.429500 -1.200400
larry.png
20 1.467900 -0.971100 0.449100 -0.894014 -0.390337 0.219946 0.455400 -1.086300
20 1.620000 -1.086300 0.449100 -0.096130 -0.982141 -0.161736 0.445300 -1.086300
20 1.427400 -1.331100 1.280700 -0.830043 -0.516157 -0.211211 0.429500 -1.200400
larry.png
20 1.620000 -1.086300 0.449100 0.373041 -0.868788 0.325649 0.445300 -1.086300
21 1.620000 -1.350900 0.297900 0.000965 -0.455056 0.890462 0.422100 -1.062800
20 1.771200 -0.971100 0.449100 0.894485 -0.389459 0.219588 0.455400 -1.086300
larry.png
21 1.620000 -1.350900 0.297900 0.000965 -0.455056 0.890462 0.422100 -1.062800
20 1.620000 -1.086300 0.449100 -0.370490 -0.869953 0.325451 0.445300 -1.086300
20 1.467900 -0.971100 0.449100 -0.894014 -0.390337 0.219946 0.455400 -1.086300
larry.png
23 -1.620000 -1.647900 1.968300 -0.000149 -0.649661 -0.760224 1.526000 -1.917800
23 -1.620000 -1.709100 2.080800 -0.000065 -0.994995 0.099923 1.521000 -1.924200
23 -2.081700 -1.552500 2.049300 -0.593901 -0.772319 -0.225401 1.533800 -1.922400
larry.png
23 -1.620000 -1.647900 1.968300 -0.000149 -0.649661 -0.760224 1.526000 -1.917800
23 -2.081700 -1.552500 2.049300 -0.593901 -0.772319 -0.225401 1.533800 -1.922400
23 -2.015100 -1.513800 1.941300 -0.169475 -0.308279 -0.936078 1.537000 -1.916300
larry.png
25 -1.619100 -0.594900 -0.000000 0.001054 0.831256 -0.555889 0.488400 -1.021900
25 -1.438200 -0.726300 -0.000000 0.442712 0.248484 -0.861546 0.476900 -1.021900
25 -1.800900 -0.726300 -0.000000 -0.571767 0.321764 -0.754686 0.476900 -1.021900
larry.png
23 -0.999000 -1.107900 1.959300 0.969579 -0.091756 -0.226931 0.789200 -1.864700
23 -1.157400 -1.552500 2.049300 0.593612 -0.772544 -0.225388 0.868600 -1.815600
23 -1.224000 -1.513800 1.941300 0.169482 -0.308294 -0.936072 0.868200 -1.841400
larry.png
23 -0.999000 -1.107900 1.959300 0.969579 -0.091756 -0.226931 0.789200 -1.864700
23 -1.224000 -1.513800 1.941300 0.169482 -0.308294 -0.936072 0.868200 -1.841400
23 -1.088100 -1.125000 1.863000 0.391416 -0.133120 -0.910534 0.798700 -1.884100
larry.png
23 -2.015100 -1.513800 1.941300 -0.169475 -0.308279 -0.936078 1.537000 -1.916300
23 -2.081700 -1.552500 2.049300 -0.593901 -0.772319 -0.225401 1.533800 -1.922400
23 -2.240100 -1.107900 1.959300 -0.969579 -0.091756 -0.226931 1.570200 -1.917300
larry.png
23 -2.240100 -1.107900 1.959300 -0.969579 -0.091756 -0.226931 1.570200 -1.917300
23 -2.151000 -1.125000 1.863000 -0.391417 -0.133120 -0.910534 1.568800 -1.911900
23 -2.015100 -1.513800 1.941300 -0.169475 -0.308279 -0.936078 1.537000 -1.916300
larry.png
23 -2.151000 -1.125000 1.863000 -0.391417 -0.133120 -0.910534 1.568800 -1.911900
23 -2.240100 -1.107900 1.959300 -0.969579 -0.091756 -0.226931 1.570200 -1.917300
23 -2.081700 -0.645300 1.865700 -0.645191 0.586339 -0.489832 1.608000 -1.912100
larry.png
23 -2.151000 -1.125000 1.863000 -0.391417 -0.133120 -0.910534 1.568800 -1.911900
23 -2.081700 -0.645300 1.865700 -0.645191 0.586339 -0.489832 1.608000 -1.912100
23 -2.015100 -0.738900 1.784700 -0.194698 0.121788 -0.973273 1.600400 -1.907500
larry.png
23 -1.890000 -0.981000 1.897200 0.211719 -0.286952 -0.934256 1.580600 -1.913800
23 -2.015100 -0.738900 1.784700 -0.194698 0.121788 -0.973273 1.600400 -1.907500
23 -1.620000 -0.605700 1.757700 0.000053 -0.118692 -0.992931 1.611300 -1.906000
larry.png
23 -1.088100 -1.125000 1.863000 0.391416 -0.133120 -0.910534 -0.299200 -1.511100
23 -1.349100 -0.981000 1.897200 -0.211560 -0.286980 -0.934283 -0.261300 -1.513700
23 -1.224000 -0.738900 1.784700 0.194523 0.121846 -0.973301 -0.261600 -1.551200
larry.png
23 -1.224000 -1.513800 1.941300 0.169482 -0.308294 -0.936072 0.868200 -1.841400
23 -1.620000 -1.647900 1.968300 -0.000149 -0.649661 -0.760224 0.946200 -1.791800
23 -1.620000 -1.403100 1.982700 0.000126 0.021497 -0.999769 0.954500 -1.843800
larry.png
23 -1.620000 -1.403100 1.982700 0.000126 0.021497 -0.999769 0.954500 -1.843800
23 -1.391400 -1.269900 1.955700 -0.203729 -0.082230 -0.975568 0.876500 -1.893400
23 -1.224000 -1.513800 1.941300 0.169482 -0.308294 -0.936072 0.868200 -1.841400
larry.png
23 -1.890000 -0.981000 1.897200 0.211719 -0.286952 -0.934256 1.580600 -1.913800
23 -2.151000 -1.125000 1.863000 -0.391417 -0.133120 -0.910534 1.568800 -1.911900
23 -2.015100 -0.738900 1.784700 -0.194698 0.121788 -0.973273 1.600400 -1.907500
larry.png
23 -2.015100 -1.513800 1.941300 -0.169475 -0.308279 -0.936078 1.537000 -1.916300
23 -2.151000 -1.125000 1.863000 -0.391417 -0.133120 -0.910534 1.568800 -1.911900
23 -1.890000 -0.981000 1.897200 -0.021626 0.026167 -0.999424 1.580600 -1.913800
larry.png
23 -1.890000 -0.981000 1.897200 0.211719 -0.286952 -0.934256 1.580600 -1.913800
23 -1.847700 -1.269900 1.955700 0.203876 -0.082334 -0.975528 1.557000 -1.917100
23 -2.015100 -1.513800 1.941300 -0.169475 -0.308279 -0.936078 1.537000 -1.916300
larry.png
24 -1.844100 -1.098900 1.265400 -0.914345 0.403369 -0.035581 0.449900 -1.198400
23 -1.855800 -1.097100 1.386900 -0.916177 0.388282 -0.099280 0.450000 -1.215000
23 -1.620000 -0.927900 1.374300 -0.000255 0.995119 -0.098678 0.464800 -1.213400
larry.png
24 -1.619100 -0.937800 1.257300 0.000267 0.982686 0.185279 0.464000 -1.197200
24 -1.844100 -1.098900 1.265400 -0.914345 0.403369 -0.035581 0.449900 -1.198400
23 -1.620000 -0.927900 1.374300 -0.000255 0.995119 -0.098678 0.464800 -1.213400
larry.png
23 -1.417500 -1.348200 1.407600 0.831936 -0.548984 -0.080622 0.428000 -1.218000
23 -1.620000 -1.469700 1.413000 -0.000974 -0.999362 -0.035708 0.417400 -1.218600
24 -1.620000 -1.450800 1.284300 -0.001010 -0.969701 -0.244292 0.419000 -1.200900
larry.png
24 -1.620000 -1.450800 1.284300 -0.001010 -0.969701 -0.244292 0.419000 -1.200900
24 -1.427400 -1.331100 1.280700 0.830043 -0.516157 -0.211210 0.429500 -1.200400
23 -1.417500 -1.348200 1.407600 0.831936 -0.548984 -0.080622 0.428000 -1.218000
larry.png
24 -1.811700 -1.331100 1.280700 -0.830672 -0.515259 -0.210932 0.429500 -1.200400
24 -1.821600 -1.348200 1.407600 -0.832487 -0.548155 -0.080574 0.428000 -1.218000
23 -1.855800 -1.097100 1.386900 -0.916177 0.388282 -0.099280 0.450000 -1.215000
larry.png
24 -1.844100 -1.098900 1.265400 -0.914345 0.403369 -0.035581 0.449900 -1.198400
24 -1.811700 -1.331100 1.280700 -0.830672 -0.515259 -0.210932 0.429500 -1.200400
23 -1.855800 -1.097100 1.386900 -0.916177 0.388282 -0.099280 0.450000 -1.215000
larry.png
24 -1.620000 -0.671400 0.449100 -0.001207 0.959858 0.280484 0.481700 -1.086300
25 -1.620000 -0.585900 0.177300 -0.000331 0.994883 0.101037 0.489200 -1.046400
25 -1.809900 -0.743400 0.177300 -0.887314 0.445262 0.120067 0.475400 -1.046400
larry.png
24 -1.620000 -0.671400 0.449100 -0.001207 0.959858 0.280484 0.481700 -1.086300
25 -1.809900 -0.743400 0.177300 -0.887314 0.445262 0.120067 0.475400 -1.046400
24 -1.781100 -0.786600 0.449100 -0.883902 0.432703 0.177441 0.471600 -1.086300
larry.png
24 -1.781100 -0.786600 0.449100 -0.883902 0.432703 0.177441 0.471600 -1.086300
24 -1.844100 -1.098900 1.265400 -0.914345 0.403369 -0.035581 0.449900 -1.198400
24 -1.619100 -0.937800 1.257300 0.000267 0.982686 0.185279 0.464000 -1.197200
larry.png
24 -1.619100 -0.937800 1.257300 0.000267 0.982686 0.185279 0.464000 -1.197200
24 -1.620000 -0.671400 0.449100 -0.001207 0.959858 0.280484 0.481700 -1.086300
24 -1.781100 -0.786600 0.449100 -0.883902 0.432703 0.177441 0.471600 -1.086300
larry.png
24 -1.781100 -0.786600 0.449100 -0.883902 0.432703 0.177441 0.471600 -1.086300
25 -1.809900 -0.743400 0.177300 -0.887314 0.445262 0.120067 0.475400 -1.046400
25 -1.809900 -1.221300 0.216000 -0.930784 -0.159904 0.328741 0.434800 -1.049700
larry.png
24 -1.844100 -1.098900 1.265400 -0.914345 0.403369 -0.035581 0.449900 -1.198400
24 -1.781100 -0.786600 0.449100 -0.883902 0.432703 0.177441 0.471600 -1.086300
24 -1.771200 -0.971100 0.449100 -0.894303 -0.389853 0.219628 0.455400 -1.086300
larry.png
24 -1.781100 -0.786600 0.449100 -0.883902 0.432703 0.177441 0.471600 -1.086300
25 -1.809900 -1.221300 0.216000 -0.930784 -0.159904 0.328741 0.434800 -1.049700
24 -1.771200 -0.971100 0.449100 -0.894303 -0.389853 0.219628 0.455400 -1.086300
larry.png
24 -1.771200 -0.971100 0.449100 -0.894303 -0.389853 0.219628 0.455400 -1.086300
24 -1.811700 -1.331100 1.280700 -0.830672 -0.515259 -0.210932 0.429500 -1.200400
24 -1.844100 -1.098900 1.265400 -0.914345 0.403369 -0.035581 0.449900 -1.198400
larry.png
25 -1.619100 -1.350900 0.297900 0.000276 -0.455057 0.890462 0.422100 -1.062800
25 -1.429200 -1.221300 0.216000 0.930980 -0.159684 0.328294 0.434800 -1.049700
24 -1.467900 -0.971100 0.449100 0.894196 -0.389944 0.219904 0.455400 -1.086300
larry.png
23 -1.157400 -1.552500 2.049300 0.593612 -0.772544 -0.225388 0.868600 -1.815600
23 -1.620000 -1.709100 2.080800 -0.000065 -0.994995 0.099923 0.950900 -1.763200
23 -1.620000 -1.647900 1.968300 -0.000149 -0.649661 -0.760224 0.946200 -1.791800
larry.png
23 -1.157400 -1.552500 2.049300 0.593612 -0.772544 -0.225388 0.868600 -1.815600
23 -1.620000 -1.647900 1.968300 -0.000149 -0.649661 -0.760224 0.946200 -1.791800
23 -1.224000 -1.513800 1.941300 0.169482 -0.308294 -0.936072 0.868200 -1.841400
larry.png
23 -1.620000 -0.493200 1.835100 -0.000268 0.754273 -0.656561 1.620500 -1.910300
23 -1.157400 -0.645300 1.865700 0.645099 0.586314 -0.489982 1.608000 -1.912100
23 -1.224000 -0.738900 1.784700 0.194523 0.121846 -0.973301 1.600400 -1.907500
larry.png
23 -1.620000 -0.493200 1.835100 -0.000268 0.754273 -0.656561 1.620500 -1.910300
23 -1.224000 -0.738900 1.784700 0.194523 0.121846 -0.973301 1.600400 -1.907500
23 -1.620000 -0.605700 1.757700 0.000053 -0.118692 -0.992931 1.611300 -1.906000
larry.png
23 -2.015100 -0.738900 1.784700 -0.194698 0.121788 -0.973273 1.785700 -1.574900
23 -2.081700 -0.645300 1.865700 -0.645191 0.586339 -0.489832 1.762400 -1.576200
23 -1.620000 -0.493200 1.835100 -0.000268 0.754273 -0.656561 1.843500 -1.653400
larry.png
23 -1.620000 -0.493200 1.835100 -0.000268 0.754273 -0.656561 1.843500 -1.653400
23 -1.620000 -0.605700 1.757700 0.000053 -0.118692 -0.992931 1.856100 -1.641900
23 -2.015100 -0.738900 1.784700 -0.194698 0.121788 -0.973273 1.785700 -1.574900
larry.png
25 -1.438200 -0.726300 -0.000000 0.442712 0.248484 -0.861546 0.476900 -1.021900
25 -1.403100 -1.162800 -0.000000 0.437927 0.035215 -0.898321 0.438600 -1.021900
25 -1.836000 -1.162800 -0.000000 -0.239136 0.019229 -0.970796 0.438600 -1.021900
larry.png
25 -1.800900 -0.726300 -0.000000 -0.571767 0.321764 -0.754686 0.476900 -1.021900
25 -1.438200 -0.726300 -0.000000 0.442712 0.248484 -0.861546 0.476900 -1.021900
25 -1.836000 -1.162800 -0.000000 -0.239136 0.019229 -0.970796 0.438600 -1.021900
larry.png
23 -1.157400 -0.645300 1.865700 0.645099 0.586314 -0.489982 -0.267500 -1.576100
23 -0.999000 -1.107900 1.959300 0.969579 -0.091756 -0.226931 -0.330500 -1.510000
23 -1.088100 -1.125000 1.863000 0.391416 -0.133120 -0.910534 -0.299200 -1.511100
larry.png
23 -1.157400 -0.645300 1.865700 0.645099 0.586314 -0.489982 -0.267500 -1.576100
23 -1.088100 -1.125000 1.863000 0.391416 -0.133120 -0.910534 -0.299200 -1.511100
23 -1.224000 -0.738900 1.784700 0.194523 0.121846 -0.973301 -0.261600 -1.551200
larry.png
23 -1.620000 -0.605700 1.757700 0.000053 -0.118692 -0.992931 1.611300 -1.906000
23 -1.224000 -0.738900 1.784700 0.194523 0.121846 -0.973301 1.600400 -1.907500
23 -1.349100 -0.981000 1.897200 -0.211560 -0.286980 -0.934283 1.580600 -1.913800
larry.png
23 -1.620000 -0.791100 1.858500 0.000334 -0.477657 -0.878547 1.596100 -1.911700
23 -1.620000 -0.605700 1.757700 0.000053 -0.118692 -0.992931 1.611300 -1.906000
23 -1.349100 -0.981000 1.897200 -0.211560 -0.286980 -0.934283 1.580600 -1.913800
larry.png
23 -1.620000 -0.912600 1.493100 -0.000860 0.975036 -0.222045 0.466200 -1.229700
23 -1.620000 -0.791100 1.858500 -0.000786 0.948916 -0.315527 0.476800 -1.279800
23 -1.349100 -0.981000 1.897200 0.701110 0.459840 -0.544970 0.460200 -1.285100
larry.png
23 -1.620000 -0.912600 1.493100 -0.000860 0.975036 -0.222045 0.466200 -1.229700
23 -1.349100 -0.981000 1.897200 0.701110 0.459840 -0.544970 0.460200 -1.285100
23 -1.376100 -1.085400 1.514700 0.976706 0.193271 -0.093229 0.451100 -1.232600
larry.png
23 -1.855800 -1.097100 1.386900 -0.916177 0.388282 -0.099280 0.450000 -1.215000
23 -1.620000 -0.912600 1.493100 -0.000860 0.975036 -0.222045 0.466200 -1.229700
23 -1.620000 -0.927900 1.374300 -0.000255 0.995119 -0.098678 0.464800 -1.213400
larry.png
23 -1.890000 -0.981000 1.897200 -0.701881 0.459041 -0.544650 0.460200 -1.285100
23 -1.620000 -0.791100 1.858500 -0.000786 0.948916 -0.315527 0.476800 -1.279800
23 -1.620000 -0.912600 1.493100 -0.000860 0.975036 -0.222045 0.466200 -1.229700
larry.png
23 -1.890000 -0.981000 1.897200 -0.701881 0.459041 -0.544650 0.460200 -1.285100
23 -1.620000 -0.912600 1.493100 -0.000860 0.975036 -0.222045 0.466200 -1.229700
23 -1.863000 -1.085400 1.514700 -0.976806 0.192800 -0.093152 0.451100 -1.232600
larry.png
23 -1.855800 -1.097100 1.386900 -0.916177 0.388282 -0.099280 0.450000 -1.215000
23 -1.863000 -1.085400 1.514700 -0.976806 0.192800 -0.093152 0.451100 -1.232600
23 -1.620000 -0.912600 1.493100 -0.000860 0.975036 -0.222045 0.466200 -1.229700
larry.png
23 -1.349100 -0.981000 1.897200 0.021253 0.026500 -0.999423 0.824000 -1.926900
23 -1.088100 -1.125000 1.863000 0.391416 -0.133120 -0.910534 0.798700 -1.884100
23 -1.224000 -1.513800 1.941300 0.169482 -0.308294 -0.936072 0.868200 -1.841400
larry.png
23 -1.349100 -0.981000 1.897200 -0.211560 -0.286980 -0.934283 0.824000 -1.926900
23 -1.224000 -1.513800 1.941300 0.169482 -0.308294 -0.936072 0.868200 -1.841400
23 -1.391400 -1.269900 1.955700 -0.203729 -0.082230 -0.975568 0.876500 -1.893400
larry.png
23 -1.376100 -1.085400 1.514700 0.976706 0.193271 -0.093229 0.451100 -1.232600
23 -1.349100 -0.981000 1.897200 0.818707 0.535962 -0.206069 0.460200 -1.285100
23 -1.391400 -1.269900 1.955700 0.908385 -0.417262 0.027008 0.434900 -1.293100
larry.png
23 -1.376100 -1.085400 1.514700 0.976706 0.193271 -0.093229 0.451100 -1.232600
23 -1.391400 -1.269900 1.955700 0.908385 -0.417262 0.027008 0.434900 -1.293100
23 -1.412100 -1.342800 1.553400 0.735241 -0.676477 0.042424 0.428500 -1.237900
larry.png
23 -1.620000 -1.403100 1.982700 0.000126 0.021497 -0.999769 1.546100 -1.918600
23 -2.015100 -1.513800 1.941300 -0.169475 -0.308279 -0.936078 1.537000 -1.916300
23 -1.847700 -1.269900 1.955700 0.203876 -0.082334 -0.975528 1.557000 -1.917100
larry.png
23 -1.620000 -1.403100 1.982700 0.000126 0.021497 -0.999769 1.546100 -1.918600
23 -1.620000 -1.647900 1.968300 -0.000149 -0.649661 -0.760224 1.526000 -1.917800
23 -2.015100 -1.513800 1.941300 -0.169475 -0.308279 -0.936078 1.537000 -1.916300
larry.png
23 -1.620000 -1.403100 1.982700 -0.000909 -0.988925 0.148410 0.423200 -1.296800
23 -1.847700 -1.269900 1.955700 -0.908601 -0.416798 0.026914 0.434900 -1.293100
23 -1.827000 -1.342800 1.553400 -0.736130 -0.675516 0.042316 0.428500 -1.237900
larry.png
23 -1.620000 -1.403100 1.982700 -0.000909 -0.988925 0.148410 0.423200 -1.296800
23 -1.827000 -1.342800 1.553400 -0.736130 -0.675516 0.042316 0.428500 -1.237900
23 -1.620000 -1.466100 1.562400 -0.000955 -0.996265 0.086345 0.417700 -1.239100
larry.png
23 -1.417500 -1.348200 1.407600 0.831936 -0.548984 -0.080622 0.428000 -1.218000
23 -1.412100 -1.342800 1.553400 0.735241 -0.676477 0.042424 0.428500 -1.237900
23 -1.620000 -1.469700 1.413000 -0.000974 -0.999362 -0.035708 0.417400 -1.218600
larry.png
23 -1.412100 -1.342800 1.553400 0.735241 -0.676477 0.042424 0.428500 -1.237900
23 -1.620000 -1.466100 1.562400 -0.000955 -0.996265 0.086345 0.417700 -1.239100
23 -1.620000 -1.469700 1.413000 -0.000974 -0.999362 -0.035708 0.417400 -1.218600
larry.png
23 -1.620000 -1.403100 1.982700 -0.000909 -0.988925 0.148410 0.423200 -1.296800
23 -1.620000 -1.466100 1.562400 -0.000955 -0.996265 0.086345 0.417700 -1.239100
23 -1.412100 -1.342800 1.553400 0.735241 -0.676477 0.042424 0.428500 -1.237900
larry.png
23 -1.620000 -1.403100 1.982700 -0.000909 -0.988925 0.148410 0.423200 -1.296800
23 -1.412100 -1.342800 1.553400 0.735241 -0.676477 0.042424 0.428500 -1.237900
23 -1.391400 -1.269900 1.955700 0.908385 -0.417262 0.027008 0.434900 -1.293100
larry.png
24 -1.821600 -1.348200 1.407600 -0.832487 -0.548155 -0.080574 0.428000 -1.218000
23 -1.863000 -1.085400 1.514700 -0.976806 0.192800 -0.093152 0.451100 -1.232600
23 -1.855800 -1.097100 1.386900 -0.916177 0.388282 -0.099280 0.450000 -1.215000
larry.png
24 -1.821600 -1.348200 1.407600 -0.832487 -0.548155 -0.080574 0.428000 -1.218000
23 -1.827000 -1.342800 1.553400 -0.736130 -0.675516 0.042316 0.428500 -1.237900
23 -1.863000 -1.085400 1.514700 -0.976806 0.192800 -0.093152 0.451100 -1.232600
larry.png
23 -1.847700 -1.269900 1.955700 -0.908601 -0.416798 0.026914 0.434900 -1.293100
23 -1.863000 -1.085400 1.514700 -0.976806 0.192800 -0.093152 0.451100 -1.232600
23 -1.827000 -1.342800 1.553400 -0.736130 -0.675516 0.042316 0.428500 -1.237900
larry.png
23 -1.620000 -0.912600 1.493100 -0.000860 0.975036 -0.222045 0.466200 -1.229700
23 -1.376100 -1.085400 1.514700 0.976706 0.193271 -0.093229 0.451100 -1.232600
23 -1.383300 -1.097100 1.386900 0.915823 0.389102 -0.099338 0.450000 -1.215000
larry.png
23 -1.620000 -0.927900 1.374300 -0.000255 0.995119 -0.098678 0.464800 -1.213400
23 -1.620000 -0.912600 1.493100 -0.000860 0.975036 -0.222045 0.466200 -1.229700
23 -1.383300 -1.097100 1.386900 0.915823 0.389102 -0.099338 0.450000 -1.215000
larry.png
23 -1.620000 -0.927900 1.374300 -0.000255 0.995119 -0.098678 0.464800 -1.213400
23 -1.383300 -1.097100 1.386900 0.915823 0.389102 -0.099338 0.450000 -1.215000
24 -1.395000 -1.098900 1.265400 0.914480 0.403210 -0.033884 0.449900 -1.198400
larry.png
24 -1.619100 -0.937800 1.257300 0.000267 0.982686 0.185279 0.464000 -1.197200
23 -1.620000 -0.927900 1.374300 -0.000255 0.995119 -0.098678 0.464800 -1.213400
24 -1.395000 -1.098900 1.265400 0.914480 0.403210 -0.033884 0.449900 -1.198400
larry.png
23 -1.376100 -1.085400 1.514700 0.976706 0.193271 -0.093229 0.451100 -1.232600
23 -1.412100 -1.342800 1.553400 0.735241 -0.676477 0.042424 0.428500 -1.237900
23 -1.417500 -1.348200 1.407600 0.831936 -0.548984 -0.080622 0.428000 -1.218000
larry.png
23 -1.383300 -1.097100 1.386900 0.915823 0.389102 -0.099338 0.450000 -1.215000
23 -1.417500 -1.348200 1.407600 0.831936 -0.548984 -0.080622 0.428000 -1.218000
24 -1.427400 -1.331100 1.280700 0.830043 -0.516157 -0.211210 0.429500 -1.200400
larry.png
23 -1.383300 -1.097100 1.386900 0.915823 0.389102 -0.099338 0.450000 -1.215000
23 -1.376100 -1.085400 1.514700 0.976706 0.193271 -0.093229 0.451100 -1.232600
23 -1.417500 -1.348200 1.407600 0.831936 -0.548984 -0.080622 0.428000 -1.218000
larry.png
24 -1.395000 -1.098900 1.265400 0.914480 0.403210 -0.033884 0.449900 -1.198400
24 -1.427400 -1.331100 1.280700 0.830043 -0.516157 -0.211210 0.429500 -1.200400
24 -1.467900 -0.971100 0.449100 0.894196 -0.389944 0.219904 0.455400 -1.086300
larry.png
24 -1.395000 -1.098900 1.265400 0.914480 0.403210 -0.033884 0.449900 -1.198400
23 -1.383300 -1.097100 1.386900 0.915823 0.389102 -0.099338 0.450000 -1.215000
24 -1.427400 -1.331100 1.280700 0.830043 -0.516157 -0.211210 0.429500 -1.200400
larry.png
23 -1.620000 -1.469700 1.413000 -0.000974 -0.999362 -0.035708 0.417400 -1.218600
23 -1.620000 -1.466100 1.562400 -0.000955 -0.996265 0.086345 0.417700 -1.239100
23 -1.827000 -1.342800 1.553400 -0.736130 -0.675516 0.042316 0.428500 -1.237900
larry.png
23 -1.620000 -1.469700 1.413000 -0.000974 -0.999362 -0.035708 0.417400 -1.218600
23 -1.827000 -1.342800 1.553400 -0.736130 -0.675516 0.042316 0.428500 -1.237900
24 -1.821600 -1.348200 1.407600 -0.832487 -0.548155 -0.080574 0.428000 -1.218000
larry.png
24 -1.620000 -1.450800 1.284300 -0.001010 -0.969701 -0.244292 0.419000 -1.200900
23 -1.620000 -1.469700 1.413000 -0.000974 -0.999362 -0.035708 0.417400 -1.218600
24 -1.821600 -1.348200 1.407600 -0.832487 -0.548155 -0.080574 0.428000 -1.218000
larry.png
24 -1.620000 -1.450800 1.284300 -0.001010 -0.969701 -0.244292 0.419000 -1.200900
24 -1.821600 -1.348200 1.407600 -0.832487 -0.548155 -0.080574 0.428000 -1.218000
24 -1.811700 -1.331100 1.280700 -0.830672 -0.515259 -0.210932 0.429500 -1.200400
larry.png
24 -1.427400 -1.331100 1.280700 0.830043 -0.516157 -0.211210 0.429500 -1.200400
24 -1.620000 -1.450800 1.284300 -0.001010 -0.969701 -0.244292 0.419000 -1.200900
24 -1.620000 -1.086300 0.449100 0.095990 -0.982180 -0.161582 0.445300 -1.086300
larry.png
24 -1.427400 -1.331100 1.280700 0.830043 -0.516157 -0.211210 0.429500 -1.200400
24 -1.620000 -1.086300 0.449100 0.095990 -0.982180 -0.161582 0.445300 -1.086300
24 -1.467900 -0.971100 0.449100 0.894196 -0.389944 0.219904 0.455400 -1.086300
larry.png
25 -1.429200 -0.743400 0.177300 0.886760 0.446311 0.120259 0.475400 -1.046400
25 -1.620000 -0.585900 0.177300 -0.000331 0.994883 0.101037 0.489200 -1.046400
24 -1.620000 -0.671400 0.449100 -0.001207 0.959858 0.280484 0.481700 -1.086300
larry.png
24 -1.619100 -0.937800 1.257300 0.000267 0.982686 0.185279 0.464000 -1.197200
24 -1.395000 -1.098900 1.265400 0.914480 0.403210 -0.033884 0.449900 -1.198400
24 -1.458000 -0.786600 0.449100 0.883674 0.433240 0.177266 0.471600 -1.086300
larry.png
25 -1.429200 -0.743400 0.177300 0.886760 0.446311 0.120259 0.475400 -1.046400
24 -1.620000 -0.671400 0.449100 -0.001207 0.959858 0.280484 0.481700 -1.086300
24 -1.458000 -0.786600 0.449100 0.883674 0.433240 0.177266 0.471600 -1.086300
larry.png
24 -1.458000 -0.786600 0.449100 0.883674 0.433240 0.177266 0.471600 -1.086300
24 -1.620000 -0.671400 0.449100 -0.001207 0.959858 0.280484 0.481700 -1.086300
24 -1.619100 -0.937800 1.257300 0.000267 0.982686 0.185279 0.464000 -1.197200
larry.png
25 -1.620000 -0.585900 0.177300 -0.000331 0.994883 0.101037 0.489200 -1.046400
25 -1.429200 -0.743400 0.177300 0.886760 0.446311 0.120259 0.475400 -1.046400
25 -1.438200 -0.726300 -0.000000 0.800836 0.598719 -0.014023 0.476900 -1.021900
larry.png
25 -1.620000 -0.585900 0.177300 -0.000331 0.994883 0.101037 0.489200 -1.046400
25 -1.438200 -0.726300 -0.000000 0.539627 0.403435 -0.738947 0.476900 -1.021900
25 -1.619100 -0.594900 -0.000000 0.001054 0.831256 -0.555889 0.488400 -1.021900
larry.png
25 -1.800900 -0.726300 -0.000000 -0.800826 0.598676 -0.016279 0.476900 -1.021900
25 -1.809900 -0.743400 0.177300 -0.887314 0.445262 0.120067 0.475400 -1.046400
25 -1.620000 -0.585900 0.177300 -0.000331 0.994883 0.101037 0.489200 -1.046400
larry.png
25 -1.620000 -0.585900 0.177300 -0.000331 0.994883 0.101037 0.489200 -1.046400
25 -1.619100 -0.594900 -0.000000 0.001054 0.831256 -0.555889 0.488400 -1.021900
25 -1.800900 -0.726300 -0.000000 -0.644378 0.481720 -0.593904 0.476900 -1.021900
larry.png
25 -1.429200 -1.221300 0.216000 0.930980 -0.159684 0.328294 0.434800 -1.049700
25 -1.429200 -0.743400 0.177300 0.886760 0.446311 0.120259 0.475400 -1.046400
24 -1.458000 -0.786600 0.449100 0.883674 0.433240 0.177266 0.471600 -1.086300
larry.png
24 -1.467900 -0.971100 0.449100 0.894196 -0.389944 0.219904 0.455400 -1.086300
24 -1.458000 -0.786600 0.449100 0.883674 0.433240 0.177266 0.471600 -1.086300
24 -1.395000 -1.098900 1.265400 0.914480 0.403210 -0.033884 0.449900 -1.198400
larry.png
25 -1.429200 -1.221300 0.216000 0.930980 -0.159684 0.328294 0.434800 -1.049700
24 -1.458000 -0.786600 0.449100 0.883674 0.433240 0.177266 0.471600 -1.086300
24 -1.467900 -0.971100 0.449100 0.894196 -0.389944 0.219904 0.455400 -1.086300
larry.png
25 -1.429200 -0.743400 0.177300 0.886760 0.446311 0.120259 0.475400 -1.046400
25 -1.429200 -1.221300 0.216000 0.930980 -0.159684 0.328294 0.434800 -1.049700
25 -1.403100 -1.162800 -0.000000 0.998397 -0.014114 0.054803 0.438600 -1.021900
larry.png
25 -1.429200 -0.743400 0.177300 0.886760 0.446311 0.120259 0.475400 -1.046400
25 -1.403100 -1.162800 -0.000000 0.850923 -0.012029 -0.525152 0.438600 -1.021900
25 -1.438200 -0.726300 -0.000000 0.539627 0.403435 -0.738947 0.476900 -1.021900
larry.png
26 -1.761300 -1.570500 0.153900 -0.572670 -0.562684 0.596184 0.402800 -1.043100
26 -1.773900 -1.627200 -0.000000 -0.887863 -0.410832 0.207162 0.397800 -1.021900
26 -1.619100 -1.711800 -0.000000 0.001116 -0.907165 0.420775 0.390400 -1.021900
larry.png
25 -1.619100 -1.350900 0.297900 0.000276 -0.455057 0.890462 0.422100 -1.062800
25 -1.809900 -1.221300 0.216000 -0.930784 -0.159904 0.328741 0.434800 -1.049700
26 -1.761300 -1.570500 0.153900 -0.572670 -0.562684 0.596184 0.402800 -1.043100
larry.png
26 -1.619100 -1.629900 0.159300 0.000912 -0.696678 0.717383 0.397600 -1.043900
26 -1.761300 -1.570500 0.153900 -0.572670 -0.562684 0.596184 0.402800 -1.043100
26 -1.619100 -1.711800 -0.000000 0.001116 -0.907165 0.420775 0.390400 -1.021900
larry.png
25 -1.619100 -1.350900 0.297900 0.000276 -0.455057 0.890462 0.422100 -1.062800
26 -1.761300 -1.570500 0.153900 -0.572670 -0.562684 0.596184 0.402800 -1.043100
26 -1.619100 -1.629900 0.159300 0.000912 -0.696678 0.717383 0.397600 -1.043900
larry.png
26 -1.619100 -1.629900 0.159300 0.000912 -0.696678 0.717383 0.397600 -1.043900
26 -1.619100 -1.711800 -0.000000 0.001116 -0.907165 0.420775 0.390400 -1.021900
26 -1.477800 -1.570500 0.153900 0.574076 -0.562020 0.595457 0.402800 -1.043100
larry.png
25 -1.619100 -1.350900 0.297900 0.000276 -0.455057 0.890462 0.422100 -1.062800
26 -1.619100 -1.629900 0.159300 0.000912 -0.696678 0.717383 0.397600 -1.043900
26 -1.477800 -1.570500 0.153900 0.574076 -0.562020 0.595457 0.402800 -1.043100
larry.png
26 -1.619100 -1.711800 -0.000000 0.001116 -0.907165 0.420775 0.390400 -1.021900
26 -1.465200 -1.627200 -0.000000 0.888177 -0.410245 0.206980 0.397800 -1.021900
26 -1.477800 -1.570500 0.153900 0.574076 -0.562020 0.595457 0.402800 -1.043100
larry.png
26 -1.477800 -1.570500 0.153900 0.574076 -0.562020 0.595457 0.402800 -1.043100
25 -1.429200 -1.221300 0.216000 0.930980 -0.159684 0.328294 0.434800 -1.049700
25 -1.619100 -1.350900 0.297900 0.000276 -0.455057 0.890462 0.422100 -1.062800
larry.png
25 -1.836000 -1.162800 -0.000000 -0.998397 -0.014113 0.054802 0.438600 -1.021900
25 -1.809900 -1.221300 0.216000 -0.930784 -0.159904 0.328741 0.434800 -1.049700
25 -1.809900 -0.743400 0.177300 -0.887314 0.445262 0.120067 0.475400 -1.046400
larry.png
25 -1.809900 -0.743400 0.177300 -0.887314 0.445262 0.120067 0.475400 -1.046400
25 -1.800900 -0.726300 -0.000000 -0.644378 0.481720 -0.593904 0.476900 -1.021900
25 -1.836000 -1.162800 -0.000000 -0.612881 -0.008664 -0.790128 0.438600 -1.021900
larry.png
25 -1.809900 -1.221300 0.216000 -0.930784 -0.159904 0.328741 0.434800 -1.049700
25 -1.619100 -1.350900 0.297900 0.000276 -0.455057 0.890462 0.422100 -1.062800
24 -1.771200 -0.971100 0.449100 -0.894303 -0.389853 0.219628 0.455400 -1.086300
larry.png
25 -1.809900 -1.221300 0.216000 -0.930784 -0.159904 0.328741 0.434800 -1.049700
25 -1.836000 -1.162800 -0.000000 -0.998397 -0.014113 0.054802 0.438600 -1.021900
26 -1.773900 -1.627200 -0.000000 -0.887863 -0.410832 0.207162 0.397800 -1.021900
larry.png
25 -1.809900 -1.221300 0.216000 -0.930784 -0.159904 0.328741 0.434800 -1.049700
26 -1.773900 -1.627200 -0.000000 -0.887863 -0.410832 0.207162 0.397800 -1.021900
26 -1.761300 -1.570500 0.153900 -0.572670 -0.562684 0.596184 0.402800 -1.043100
larry.png
25 -1.836000 -1.162800 -0.000000 -0.239136 0.019229 -0.970796 0.438600 -1.021900
25 -1.403100 -1.162800 -0.000000 0.437927 0.035215 -0.898321 0.438600 -1.021900
26 -1.465200 -1.627200 -0.000000 -0.000000 0.000000 -1.000000 0.397800 -1.021900
larry.png
25 -1.836000 -1.162800 -0.000000 -0.239136 0.019229 -0.970796 0.438600 -1.021900
26 -1.465200 -1.627200 -0.000000 -0.000000 0.000000 -1.000000 0.397800 -1.021900
26 -1.773900 -1.627200 -0.000000 -0.000000 0.000000 -1.000000 0.397800 -1.021900
larry.png
26 -1.619100 -1.711800 -0.000000 -0.000000 0.000000 -1.000000 0.390400 -1.021900
26 -1.773900 -1.627200 -0.000000 -0.000000 0.000000 -1.000000 0.397800 -1.021900
26 -1.465200 -1.627200 -0.000000 -0.000000 0.000000 -1.000000 0.397800 -1.021900
larry.png
26 -1.465200 -1.627200 -0.000000 0.888177 -0.410245 0.206980 0.397800 -1.021900
25 -1.403100 -1.162800 -0.000000 0.998397 -0.014114 0.054803 0.438600 -1.021900
25 -1.429200 -1.221300 0.216000 0.930980 -0.159684 0.328294 0.434800 -1.049700
larry.png
25 -1.429200 -1.221300 0.216000 0.930980 -0.159684 0.328294 0.434800 -1.049700
26 -1.477800 -1.570500 0.153900 0.574076 -0.562020 0.595457 0.402800 -1.043100
26 -1.465200 -1.627200 -0.000000 0.888177 -0.410245 0.206980 0.397800 -1.021900
larry.png
23 -1.619100 -0.403200 2.393100 0.000127 0.988761 -0.149507 1.752500 -1.743100
23 -2.081700 -0.645300 1.865700 -0.645191 0.586339 -0.489832 1.762400 -1.576200
23 -2.031300 -0.543600 2.421000 -0.728324 0.683901 -0.042697 1.679500 -1.673800
larry.png
23 -1.619100 -0.403200 2.393100 0.000127 0.988761 -0.149507 1.752500 -1.743100
23 -1.620000 -0.493200 1.835100 -0.000268 0.754273 -0.656561 1.843500 -1.653400
23 -2.081700 -0.645300 1.865700 -0.645191 0.586339 -0.489832 1.762400 -1.576200
larry.png
23 -1.620000 -1.709100 2.080800 -0.000065 -0.994995 0.099923 0.950900 -1.763200
23 -1.157400 -1.552500 2.049300 0.593612 -0.772544 -0.225388 0.868600 -1.815600
23 -1.207800 -1.350900 2.584800 0.662408 -0.676578 0.321648 0.817200 -1.697800
larry.png
23 -1.619100 -1.488600 2.612700 0.000334 -0.926935 0.375222 0.894800 -1.646400
23 -1.620000 -1.709100 2.080800 -0.000065 -0.994995 0.099923 0.950900 -1.763200
23 -1.207800 -1.350900 2.584800 0.662408 -0.676578 0.321648 0.817200 -1.697800
larry.png
23 -2.031300 -1.350900 2.584800 -0.662429 -0.676542 0.321682 0.715900 -2.726000
23 -2.081700 -1.552500 2.049300 -0.593901 -0.772319 -0.225401 0.804400 -2.612800
23 -1.620000 -1.709100 2.080800 -0.000065 -0.994995 0.099923 0.714100 -2.528500
larry.png
23 -2.031300 -1.350900 2.584800 -0.662429 -0.676542 0.321682 0.715900 -2.726000
23 -1.620000 -1.709100 2.080800 -0.000065 -0.994995 0.099923 0.714100 -2.528500
23 -1.619100 -1.488600 2.612700 0.000334 -0.926935 0.375222 0.629400 -2.645500
larry.png
23 -1.157400 -0.645300 1.865700 0.645099 0.586314 -0.489982 1.608000 -1.912100
23 -1.620000 -0.493200 1.835100 -0.000268 0.754273 -0.656561 1.620500 -1.910300
23 -1.619100 -0.403200 2.393100 0.000127 0.988761 -0.149507 1.627900 -1.941800
larry.png
23 -1.207800 -0.543600 2.421000 0.728355 0.683878 -0.042532 1.616400 -1.943400
23 -1.157400 -0.645300 1.865700 0.645099 0.586314 -0.489982 1.608000 -1.912100
23 -1.619100 -0.403200 2.393100 0.000127 0.988761 -0.149507 1.627900 -1.941800
larry.png
23 -0.999000 -1.107900 1.959300 0.969579 -0.091756 -0.226931 -0.330500 -1.510000
23 -1.157400 -0.645300 1.865700 0.645099 0.586314 -0.489982 -0.267500 -1.576100
23 -1.207800 -0.543600 2.421000 0.728355 0.683878 -0.042532 -0.366300 -1.661200
larry.png
23 -1.074600 -0.955800 2.504700 0.990919 0.023441 0.132399 -0.437700 -1.578400
23 -0.999000 -1.107900 1.959300 0.969579 -0.091756 -0.226931 -0.330500 -1.510000
23 -1.207800 -0.543600 2.421000 0.728355 0.683878 -0.042532 -0.366300 -1.661200
larry.png
23 -1.207800 -1.350900 2.584800 0.662408 -0.676578 0.321648 0.817200 -1.697800
23 -1.074600 -0.955800 2.504700 0.990919 0.023441 0.132399 0.742900 -1.746300
1 -1.232100 -1.026900 3.270600 0.874956 -0.390008 0.286959 0.695900 -1.608200
larry.png
23 -1.207800 -1.350900 2.584800 0.662408 -0.676578 0.321648 0.817200 -1.697800
23 -0.999000 -1.107900 1.959300 0.969579 -0.091756 -0.226931 0.789200 -1.864700
23 -1.074600 -0.955800 2.504700 0.990919 0.023441 0.132399 0.742900 -1.746300
larry.png
23 -1.207800 -1.350900 2.584800 0.662408 -0.676578 0.321648 0.817200 -1.697800
23 -1.157400 -1.552500 2.049300 0.593612 -0.772544 -0.225388 0.868600 -1.815600
23 -0.999000 -1.107900 1.959300 0.969579 -0.091756 -0.226931 0.789200 -1.864700
larry.png
23 -2.164500 -0.955800 2.504700 -0.990919 0.023441 0.132399 0.795500 -2.801700
23 -2.240100 -1.107900 1.959300 -0.969579 -0.091756 -0.226931 0.893900 -2.697800
23 -2.031300 -1.350900 2.584800 -0.662429 -0.676542 0.321682 0.715900 -2.726000
larry.png
23 -2.240100 -1.107900 1.959300 -0.969579 -0.091756 -0.226931 0.893900 -2.697800
23 -2.081700 -1.552500 2.049300 -0.593901 -0.772319 -0.225401 0.804400 -2.612800
23 -2.031300 -1.350900 2.584800 -0.662429 -0.676542 0.321682 0.715900 -2.726000
larry.png
23 -2.031300 -0.543600 2.421000 -0.728324 0.683901 -0.042697 1.616400 -1.943400
23 -2.081700 -0.645300 1.865700 -0.645191 0.586339 -0.489832 1.608000 -1.912100
23 -2.240100 -1.107900 1.959300 -0.969579 -0.091756 -0.226931 1.570200 -1.917300
larry.png
23 -2.031300 -0.543600 2.421000 -0.728324 0.683901 -0.042697 1.616400 -1.943400
23 -2.240100 -1.107900 1.959300 -0.969579 -0.091756 -0.226931 1.570200 -1.917300
23 -2.164500 -0.955800 2.504700 -0.990919 0.023441 0.132399 1.582700 -1.948100
larry.png
24 -1.620000 -1.086300 0.449100 -0.098968 -0.981811 -0.162025 0.445300 -1.086300
24 -1.620000 -1.450800 1.284300 -0.001010 -0.969701 -0.244292 0.419000 -1.200900
24 -1.811700 -1.331100 1.280700 -0.830672 -0.515259 -0.210932 0.429500 -1.200400
larry.png
24 -1.771200 -0.971100 0.449100 -0.894303 -0.389853 0.219628 0.455400 -1.086300
24 -1.620000 -1.086300 0.449100 -0.098968 -0.981811 -0.162025 0.445300 -1.086300
24 -1.811700 -1.331100 1.280700 -0.830672 -0.515259 -0.210932 0.429500 -1.200400
larry.png
24 -1.620000 -1.086300 0.449100 0.370124 -0.870091 0.325499 0.445300 -1.086300
25 -1.619100 -1.350900 0.297900 0.000276 -0.455057 0.890462 0.422100 -1.062800
24 -1.467900 -0.971100 0.449100 0.894196 -0.389944 0.219904 0.455400 -1.086300
larry.png
25 -1.619100 -1.350900 0.297900 0.000276 -0.455057 0.890462 0.422100 -1.062800
24 -1.620000 -1.086300 0.449100 -0.373405 -0.868653 0.325594 0.445300 -1.086300
24 -1.771200 -0.971100 0.449100 -0.894303 -0.389853 0.219628 0.455400 -1.086300
larry.png
15 -6.528600 0.027898 13.113000 -0.008117 0.835759 -0.549036 -0.870100 -2.296900
15 -8.065800 0.087298 13.076100 0.130048 0.914149 -0.383951 -0.865700 -2.296900
15 -8.065800 0.087298 13.340700 0.101939 0.917599 0.384214 -0.865700 -2.301700
larry.png
15 -6.528600 0.027898 13.304700 -0.016356 0.875390 0.483140 -0.870100 -2.301700
15 -8.065800 0.087298 13.340700 0.101939 0.917599 0.384214 -0.865700 -2.301700
15 -8.065800 -0.127802 13.473900 0.132760 0.090501 0.987008 -0.865700 -2.304200
larry.png
16 -9.315900 0.042298 12.251699 0.439379 0.550587 -0.709789 -0.813900 -2.280600
16 -8.489700 0.171898 13.024799 0.522839 0.692184 -0.497515 -0.829500 -2.295600
16 -8.489700 -0.127802 12.816900 0.565181 0.011750 -0.824883 -0.829500 -2.291500
larry.png
16 -9.315900 0.042298 12.251699 0.439379 0.550587 -0.709789 -0.813900 -2.280600
16 -8.489700 -0.127802 12.816900 0.565181 0.011750 -0.824883 -0.829500 -2.291500
16 -9.119699 -0.126902 12.285000 0.852462 0.046989 -0.520673 -0.817500 -2.281200
larry.png
16 -9.315900 0.805498 13.433399 0.419607 0.740136 0.525479 -0.813900 -2.303700
16 -8.489700 0.171898 13.392900 0.515687 0.758731 0.397988 -0.829500 -2.303000
16 -9.143100 0.769498 13.246200 0.839065 0.541579 0.051602 -0.817000 -2.300100
larry.png
16 -8.301600 0.125998 13.052700 0.231511 0.849577 -0.473943 -0.861400 -2.296800
16 -8.489700 0.171898 13.024799 0.522839 0.692184 -0.497515 -0.829500 -2.295600
16 -8.489700 0.171898 13.392900 0.515687 0.758731 0.397988 -0.829500 -2.303000
larry.png
15 -8.065800 0.087298 13.076100 0.130048 0.914149 -0.383951 -0.865700 -2.296900
16 -8.301600 0.125998 13.052700 0.231511 0.849577 -0.473943 -0.861400 -2.296800
16 -8.301600 0.125998 13.364100 0.240683 0.813627 0.529229 -0.861400 -2.301900
larry.png
16 -8.301600 0.125998 13.364100 0.240683 0.813627 0.529229 -0.861400 -2.301900
16 -8.301600 0.125998 13.052700 0.231511 0.849577 -0.473943 -0.861400 -2.296800
16 -8.489700 0.171898 13.392900 0.515687 0.758731 0.397988 -0.829500 -2.303000
larry.png
15 -8.065800 0.087298 13.076100 0.130048 0.914149 -0.383951 -0.865700 -2.296900
16 -8.301600 0.125998 13.364100 0.240683 0.813627 0.529229 -0.861400 -2.301900
15 -8.065800 0.087298 13.340700 0.101939 0.917599 0.384214 -0.865700 -2.301700
larry.png
15 -8.065800 0.087298 13.340700 0.101939 0.917599 0.384214 -0.865700 -2.301700
16 -8.301600 0.125998 13.364100 0.240683 0.813627 0.529229 -0.861400 -2.301900
15 -8.065800 -0.127802 13.473900 0.132760 0.090501 0.987008 -0.865700 -2.304200
larry.png
16 -8.301600 0.125998 13.364100 0.240683 0.813627 0.529229 -0.861400 -2.301900
16 -8.489700 0.171898 13.392900 0.515687 0.758731 0.397988 -0.829500 -2.303000
16 -8.489700 -0.127802 13.599900 0.514798 -0.001628 0.857310 -0.829500 -2.307200
larry.png
16 -8.301600 0.125998 13.364100 0.240683 0.813627 0.529229 -0.861400 -2.301900
16 -8.301600 -0.127802 13.521601 0.293397 0.000779 0.955990 -0.861400 -2.304400
15 -8.065800 -0.127802 13.473900 0.132760 0.090501 0.987008 -0.865700 -2.304200
larry.png
16 -8.301600 -0.127802 13.521601 0.293397 0.000779 0.955990 -0.861400 -2.304400
16 -8.301600 0.125998 13.364100 0.240683 0.813627 0.529229 -0.861400 -2.301900
16 -8.489700 -0.127802 13.599900 0.514798 -0.001628 0.857310 -0.829500 -2.307200
larry.png
16 -8.301600 -0.127802 12.895201 0.290277 0.000739 -0.956942 -0.861400 -2.294300
16 -8.489700 -0.127802 12.816900 0.565181 0.011750 -0.824883 -0.829500 -2.291500
16 -8.489700 0.171898 13.024799 0.522839 0.692184 -0.497515 -0.829500 -2.295600
larry.png
16 -8.301600 -0.127802 12.895201 0.290277 0.000739 -0.956942 -0.861400 -2.294300
16 -8.489700 0.171898 13.024799 0.522839 0.692184 -0.497515 -0.829500 -2.295600
16 -8.301600 0.125998 13.052700 0.231511 0.849577 -0.473943 -0.861400 -2.296800
larry.png
15 -8.065800 -0.127802 12.942900 0.122836 0.000985 -0.992426 -0.865700 -2.294500
15 -8.065800 0.087298 13.076100 0.130048 0.914149 -0.383951 -0.865700 -2.296900
15 -6.528600 0.027898 13.113000 -0.008117 0.835759 -0.549036 -0.870100 -2.296900
larry.png
15 -8.065800 -0.127802 12.942900 0.122836 0.000985 -0.992426 -0.865700 -2.294500
16 -8.301600 0.125998 13.052700 0.231511 0.849577 -0.473943 -0.861400 -2.296800
15 -8.065800 0.087298 13.076100 0.130048 0.914149 -0.383951 -0.865700 -2.296900
larry.png
15 -8.065800 -0.127802 12.942900 0.122836 0.000985 -0.992426 -0.865700 -2.294500
16 -8.301600 -0.127802 12.895201 0.290277 0.000739 -0.956942 -0.861400 -2.294300
16 -8.301600 0.125998 13.052700 0.231511 0.849577 -0.473943 -0.861400 -2.296800
larry.png
16 -9.050400 -0.134102 14.081400 0.879451 -0.021484 0.475505 -0.818700 -2.316400
16 -8.489700 -0.127802 13.599900 0.514798 -0.001628 0.857310 -0.829500 -2.307200
16 -9.303300 0.130498 14.143499 0.465153 0.539122 0.702125 -0.814100 -2.317600
larry.png
16 -8.489700 -0.127802 13.599900 0.514798 -0.001628 0.857310 -0.829500 -2.307200
16 -8.489700 0.171898 13.392900 0.515687 0.758731 0.397988 -0.829500 -2.303000
16 -9.303300 0.130498 14.143499 0.465153 0.539122 0.702125 -0.814100 -2.317600
larry.png
17 -13.530600 0.861298 12.212100 -0.200903 0.489083 -0.848785 -0.736200 -2.279400
17 -13.050000 0.896398 11.810699 -0.658773 0.704187 -0.264837 -0.745100 -2.271300
17 -13.427099 -0.127802 11.946600 -0.917465 0.000186 -0.397817 -0.738100 -2.274000
larry.png
17 -12.066300 0.955798 14.853601 0.565098 0.628651 0.534287 -0.763300 -2.332300
16 -11.757600 -0.127802 14.908500 0.495143 0.003271 0.868805 -0.769000 -2.333400
16 -11.757600 1.062898 14.511600 0.385688 0.701035 0.599829 -0.769000 -2.325500
larry.png
17 -12.440701 1.028698 15.297300 0.626197 0.483112 0.611948 -0.756400 -2.341200
17 -12.066300 0.955798 14.853601 0.565098 0.628651 0.534287 -0.763300 -2.332300
17 -12.950100 1.748698 14.277600 0.281657 0.948596 0.144340 -0.747000 -2.320800
larry.png
16 -11.757600 -0.127802 14.908500 0.495143 0.003271 0.868805 -0.769000 -2.333400
17 -12.066300 0.955798 14.853601 0.565098 0.628651 0.534287 -0.763300 -2.332300
17 -12.440701 1.028698 15.297300 0.626197 0.483112 0.611948 -0.756400 -2.341200
larry.png
17 -12.066300 0.955798 14.853601 0.565098 0.628651 0.534287 -0.763300 -2.332300
16 -11.757600 1.062898 14.511600 0.385688 0.701035 0.599829 -0.769000 -2.325500
17 -12.159900 1.579498 13.766400 0.287099 0.938011 0.194190 -0.761600 -2.310500
larry.png
17 -13.427099 -0.127802 11.946600 -0.968454 0.047697 -0.244586 -0.738100 -2.274000
17 -13.050000 0.896398 11.810699 -0.658773 0.704187 -0.264837 -0.745100 -2.271300
18 -13.205701 0.673198 11.432700 -0.457257 0.708412 0.537651 -0.742200 -2.263700
larry.png
17 -12.701699 1.524598 12.960899 -0.055806 0.953127 -0.297378 -0.751600 -2.294400
18 -12.555900 1.108798 11.475900 0.245773 0.827821 -0.504290 -0.754300 -2.264600
17 -13.050000 0.896398 11.810699 -0.658773 0.704187 -0.264837 -0.745100 -2.271300
larry.png
16 -11.757600 1.167298 11.926800 0.220615 0.775893 -0.591033 -0.769000 -2.273600
18 -12.555900 1.108798 11.475900 0.245773 0.827821 -0.504290 -0.754300 -2.264600
17 -12.701699 1.524598 12.960899 -0.055806 0.953127 -0.297378 -0.751600 -2.294400
larry.png
16 -11.757600 1.504798 13.212001 0.164573 0.986354 0.004534 -0.769000 -2.299400
16 -11.757600 1.062898 14.511600 0.385688 0.701035 0.599829 -0.769000 -2.325500
16 -10.890000 1.016998 14.355901 -0.071898 0.726720 0.683161 -0.785500 -2.321800
larry.png
16 -11.757600 -0.127802 11.571300 0.363933 0.000547 -0.931425 -0.769000 -2.266500
18 -12.555900 1.108798 11.475900 0.245773 0.827821 -0.504290 -0.754300 -2.264600
16 -11.757600 1.167298 11.926800 0.220615 0.775893 -0.591033 -0.769000 -2.273600
larry.png
15 -6.528600 -0.284402 13.304700 -0.016868 -0.875808 0.482366 -0.870100 -2.301700
15 -8.065800 -0.343802 13.340700 0.116347 -0.867645 0.483380 -0.865700 -2.301700
15 -8.065800 -0.343802 13.076100 0.102057 -0.917323 -0.384842 -0.865700 -2.296900
larry.png
15 -6.528600 -0.127802 13.403700 -0.018074 0.002690 0.999833 -0.870100 -2.304200
15 -8.065800 -0.127802 13.473900 0.132760 0.090501 0.987008 -0.865700 -2.304200
15 -8.065800 -0.343802 13.340700 0.116347 -0.867645 0.483380 -0.865700 -2.301700
larry.png
16 -8.489700 -0.127802 12.816900 0.565181 0.011750 -0.824883 -0.829500 -2.291500
16 -8.489700 -0.428402 13.024799 0.523486 -0.691145 -0.498278 -0.829500 -2.295600
16 -9.315900 -0.343802 12.266100 0.450426 -0.522805 -0.723734 -0.813900 -2.280900
larry.png
16 -8.489700 -0.428402 13.024799 0.523486 -0.691145 -0.498278 -0.829500 -2.295600
16 -8.489700 -0.428402 13.392900 0.515781 -0.759065 0.397229 -0.829500 -2.303000
16 -9.180000 -1.058402 13.238101 0.860969 -0.506170 0.050243 -0.816400 -2.299900
larry.png
16 -8.489700 -0.428402 13.392900 0.515781 -0.759065 0.397229 -0.829500 -2.303000
16 -8.489700 -0.428402 13.024799 0.523486 -0.691145 -0.498278 -0.829500 -2.295600
16 -8.301600 -0.382502 13.052700 0.224250 -0.886030 -0.405786 -0.861400 -2.296800
larry.png
15 -8.065800 -0.343802 13.340700 0.116347 -0.867645 0.483380 -0.865700 -2.301700
16 -8.301600 -0.382502 13.052700 0.224250 -0.886030 -0.405786 -0.861400 -2.296800
15 -8.065800 -0.343802 13.076100 0.102057 -0.917323 -0.384842 -0.865700 -2.296900
larry.png
16 -8.489700 -0.428402 13.392900 0.515781 -0.759065 0.397229 -0.829500 -2.303000
16 -8.301600 -0.382502 13.052700 0.224250 -0.886030 -0.405786 -0.861400 -2.296800
16 -8.301600 -0.382502 13.364100 0.247158 -0.752558 0.610385 -0.861400 -2.301900
larry.png
15 -8.065800 -0.343802 13.340700 0.116347 -0.867645 0.483380 -0.865700 -2.301700
16 -8.301600 -0.382502 13.364100 0.247158 -0.752558 0.610385 -0.861400 -2.301900
16 -8.301600 -0.382502 13.052700 0.224250 -0.886030 -0.405786 -0.861400 -2.296800
larry.png
15 -8.065800 -0.127802 13.473900 0.132760 0.090501 0.987008 -0.865700 -2.304200
16 -8.301600 -0.382502 13.364100 0.247158 -0.752558 0.610385 -0.861400 -2.301900
15 -8.065800 -0.343802 13.340700 0.116347 -0.867645 0.483380 -0.865700 -2.301700
larry.png
16 -8.489700 -0.127802 13.599900 0.514798 -0.001628 0.857310 -0.829500 -2.307200
16 -8.489700 -0.428402 13.392900 0.515781 -0.759065 0.397229 -0.829500 -2.303000
16 -8.301600 -0.382502 13.364100 0.247158 -0.752558 0.610385 -0.861400 -2.301900
larry.png
15 -8.065800 -0.127802 13.473900 0.132760 0.090501 0.987008 -0.865700 -2.304200
16 -8.301600 -0.127802 13.521601 0.293397 0.000779 0.955990 -0.861400 -2.304400
16 -8.301600 -0.382502 13.364100 0.247158 -0.752558 0.610385 -0.861400 -2.301900
larry.png
16 -8.489700 -0.127802 13.599900 0.514798 -0.001628 0.857310 -0.829500 -2.307200
16 -8.301600 -0.382502 13.364100 0.247158 -0.752558 0.610385 -0.861400 -2.301900
16 -8.301600 -0.127802 13.521601 0.293397 0.000779 0.955990 -0.861400 -2.304400
larry.png
16 -8.489700 -0.428402 13.024799 0.523486 -0.691145 -0.498278 -0.829500 -2.295600
16 -8.489700 -0.127802 12.816900 0.565181 0.011750 -0.824883 -0.829500 -2.291500
16 -8.301600 -0.127802 12.895201 0.290277 0.000739 -0.956942 -0.861400 -2.294300
larry.png
16 -8.489700 -0.428402 13.024799 0.523486 -0.691145 -0.498278 -0.829500 -2.295600
16 -8.301600 -0.127802 12.895201 0.290277 0.000739 -0.956942 -0.861400 -2.294300
16 -8.301600 -0.382502 13.052700 0.224250 -0.886030 -0.405786 -0.861400 -2.296800
larry.png
15 -8.065800 -0.343802 13.076100 0.102057 -0.917323 -0.384842 -0.865700 -2.296900
16 -8.301600 -0.382502 13.052700 0.224250 -0.886030 -0.405786 -0.861400 -2.296800
15 -8.065800 -0.127802 12.942900 0.122836 0.000985 -0.992426 -0.865700 -2.294500
larry.png
16 -8.301600 -0.382502 13.052700 0.224250 -0.886030 -0.405786 -0.861400 -2.296800
16 -8.301600 -0.127802 12.895201 0.290277 0.000739 -0.956942 -0.861400 -2.294300
15 -8.065800 -0.127802 12.942900 0.122836 0.000985 -0.992426 -0.865700 -2.294500
larry.png
15 -6.528600 -0.284402 13.113000 -0.016344 -0.875484 -0.482971 -0.870100 -2.296900
15 -8.065800 -0.343802 13.076100 0.102057 -0.917323 -0.384842 -0.865700 -2.296900
15 -8.065800 -0.127802 12.942900 0.122836 0.000985 -0.992426 -0.865700 -2.294500
larry.png
15 -6.528600 -0.284402 13.113000 -0.016344 -0.875484 -0.482971 -0.870100 -2.296900
15 -8.065800 -0.127802 12.942900 0.122836 0.000985 -0.992426 -0.865700 -2.294500
15 -6.528600 -0.127802 13.013100 -0.031252 -0.124490 -0.991729 -0.870100 -2.294500
larry.png
16 -9.304200 -0.364502 14.160601 0.454023 -0.543318 0.706165 -0.814100 -2.318000
16 -8.489700 -0.428402 13.392900 0.515781 -0.759065 0.397229 -0.829500 -2.303000
16 -8.489700 -0.127802 13.599900 0.514798 -0.001628 0.857310 -0.829500 -2.307200
larry.png
16 -9.304200 -0.364502 14.160601 0.454023 -0.543318 0.706165 -0.814100 -2.318000
16 -8.489700 -0.127802 13.599900 0.514798 -0.001628 0.857310 -0.829500 -2.307200
16 -9.050400 -0.134102 14.081400 0.879451 -0.021484 0.475505 -0.818700 -2.316400
larry.png
16 -10.834200 -1.292402 12.048301 0.030550 -0.568161 -0.822350 -0.786500 -2.276600
16 -11.757600 -1.423802 11.926800 0.220933 -0.775805 -0.591029 -0.769000 -2.273600
16 -11.757600 -0.127802 11.571300 0.363933 0.000547 -0.931425 -0.769000 -2.266500
larry.png
17 -13.427099 -0.127802 11.946600 -0.917465 0.000186 -0.397817 -0.738100 -2.274000
17 -13.050000 -1.152902 11.810699 -0.658820 -0.704151 -0.264818 -0.745100 -2.271300
17 -13.530600 -1.117802 12.212100 -0.200893 -0.489014 -0.848827 -0.736200 -2.279400
larry.png
18 -12.360600 -0.127801 10.542600 0.686466 0.000156 -0.727162 -0.757900 -2.245900
18 -12.762000 -1.244702 10.985400 0.091406 -0.873145 -0.478815 -0.750400 -2.254800
18 -13.539600 -1.017901 10.318500 0.201194 -0.591046 -0.781143 -0.736100 -2.241400
larry.png
17 -12.950100 -2.005202 14.277600 0.281657 -0.948596 0.144339 -0.747000 -2.320800
16 -12.066300 -1.212302 14.853601 0.565135 -0.628593 0.534316 -0.763300 -2.332300
17 -12.440701 -1.285202 15.297300 0.626237 -0.482991 0.612003 -0.756400 -2.341200
larry.png
17 -12.440701 -1.285202 15.297300 0.626237 -0.482991 0.612003 -0.756400 -2.341200
16 -12.066300 -1.212302 14.853601 0.565135 -0.628593 0.534316 -0.763300 -2.332300
16 -11.757600 -0.127802 14.908500 0.495143 0.003271 0.868805 -0.769000 -2.333400
larry.png
16 -11.757600 -1.319402 14.511600 0.379812 -0.702546 0.601807 -0.769000 -2.325500
16 -11.757600 -0.127802 14.908500 0.495143 0.003271 0.868805 -0.769000 -2.333400
16 -12.066300 -1.212302 14.853601 0.565135 -0.628593 0.534316 -0.763300 -2.332300
larry.png
16 -11.757600 -1.319402 14.511600 0.379812 -0.702546 0.601807 -0.769000 -2.325500
16 -12.159900 -1.836002 13.766400 0.287099 -0.938011 0.194190 -0.761600 -2.310500
16 -11.757600 -1.761302 13.212001 0.160439 -0.987037 0.004210 -0.769000 -2.299400
larry.png
17 -12.950100 -2.005202 14.277600 0.281657 -0.948596 0.144339 -0.747000 -2.320800
16 -12.159900 -1.836002 13.766400 0.287099 -0.938011 0.194190 -0.761600 -2.310500
16 -12.066300 -1.212302 14.853601 0.565135 -0.628593 0.534316 -0.763300 -2.332300
larry.png
16 -12.555900 -1.365301 11.475900 0.245867 -0.827748 -0.504363 -0.754300 -2.264600
18 -12.762000 -1.244702 10.985400 0.260201 -0.916870 -0.302729 -0.750400 -2.254800
18 -12.360600 -0.127801 10.542600 0.686466 0.000156 -0.727162 -0.757900 -2.245900
larry.png
18 -13.205701 -0.929702 11.432700 -0.457313 -0.708288 0.537766 -0.742200 -2.263700
18 -12.762000 -1.244702 10.985400 -0.115475 -0.967826 -0.223557 -0.750400 -2.254800
17 -13.050000 -1.152902 11.810699 -0.658820 -0.704151 -0.264818 -0.745100 -2.271300
larry.png
18 -13.205701 -0.929702 11.432700 -0.457313 -0.708288 0.537766 -0.742200 -2.263700
17 -13.050000 -1.152902 11.810699 -0.658820 -0.704151 -0.264818 -0.745100 -2.271300
17 -13.427099 -0.127802 11.946600 -0.968469 -0.047331 -0.244598 -0.738100 -2.274000
larry.png
16 -11.757600 -1.761302 13.212001 0.160439 -0.987037 0.004210 -0.769000 -2.299400
16 -12.159900 -1.836002 13.766400 0.287099 -0.938011 0.194190 -0.761600 -2.310500
17 -12.701699 -1.781102 12.960899 -0.055806 -0.953127 -0.297378 -0.751600 -2.294400
larry.png
17 -12.950100 -2.005202 14.277600 0.281657 -0.948596 0.144339 -0.747000 -2.320800
17 -12.701699 -1.781102 12.960899 -0.055806 -0.953127 -0.297378 -0.751600 -2.294400
16 -12.159900 -1.836002 13.766400 0.287099 -0.938011 0.194190 -0.761600 -2.310500
larry.png
16 -11.757600 -1.761302 13.212001 0.160439 -0.987037 0.004210 -0.769000 -2.299400
17 -12.701699 -1.781102 12.960899 -0.055806 -0.953127 -0.297378 -0.751600 -2.294400
16 -11.757600 -1.423802 11.926800 0.220933 -0.775805 -0.591029 -0.769000 -2.273600
larry.png
17 -14.130899 -1.854902 12.870900 0.009802 -0.804010 -0.594535 -0.725100 -2.292600
17 -12.950100 -2.005202 14.277600 0.281657 -0.948596 0.144339 -0.747000 -2.320800
17 -14.265901 -2.258102 14.208300 0.064169 -0.985994 0.153944 -0.722600 -2.319400
larry.png
15 -6.528600 0.027898 13.304700 -0.016356 0.875390 0.483140 -0.870100 -2.301700
15 -4.156200 0.186298 13.401000 0.158738 0.862839 0.479907 -0.909600 -2.303200
15 -4.156200 0.186298 13.015800 0.112207 0.918979 -0.378004 -0.909600 -2.295500
larry.png
15 -6.528600 -0.127802 13.403700 -0.018074 0.002690 0.999833 -0.870100 -2.304200
15 -4.156200 -0.127802 13.599900 0.204337 -0.090621 0.974697 -0.909600 -2.307200
15 -4.156200 0.186298 13.401000 0.158738 0.862839 0.479907 -0.909600 -2.303200
larry.png
15 -6.528600 -0.127802 13.403700 -0.018074 0.002690 0.999833 -0.870100 -2.304200
15 -4.156200 0.186298 13.401000 0.158738 0.862839 0.479907 -0.909600 -2.303200
15 -6.528600 0.027898 13.304700 -0.016356 0.875390 0.483140 -0.870100 -2.301700
larry.png
15 -6.528600 0.027898 13.113000 -0.008117 0.835759 -0.549036 -0.870100 -2.296900
15 -4.156200 -0.127802 12.816900 0.205236 0.092851 -0.974298 -0.909600 -2.291500
15 -6.528600 -0.127802 13.013100 -0.031252 -0.124490 -0.991729 -0.870100 -2.294500
larry.png
15 -6.528600 -0.284402 13.113000 -0.016344 -0.875484 -0.482971 -0.870100 -2.296900
15 -4.156200 -0.442802 13.401000 0.112281 -0.918787 0.378450 -0.909600 -2.303200
15 -6.528600 -0.284402 13.304700 -0.016868 -0.875808 0.482366 -0.870100 -2.301700
larry.png
15 -6.528600 -0.284402 13.113000 -0.016344 -0.875484 -0.482971 -0.870100 -2.296900
15 -4.156200 -0.442802 13.015800 0.158633 -0.862768 -0.480069 -0.909600 -2.295500
15 -4.156200 -0.442802 13.401000 0.112281 -0.918787 0.378450 -0.909600 -2.303200
larry.png
15 -6.528600 -0.284402 13.304700 -0.016868 -0.875808 0.482366 -0.870100 -2.301700
15 -4.156200 -0.442802 13.401000 0.112281 -0.918787 0.378450 -0.909600 -2.303200
15 -4.156200 -0.127802 13.599900 0.204337 -0.090621 0.974697 -0.909600 -2.307200
larry.png
15 -6.528600 -0.284402 13.304700 -0.016868 -0.875808 0.482366 -0.870100 -2.301700
15 -4.156200 -0.127802 13.599900 0.204337 -0.090621 0.974697 -0.909600 -2.307200
15 -6.528600 -0.127802 13.403700 -0.018074 0.002690 0.999833 -0.870100 -2.304200
larry.png
15 -6.528600 -0.127802 13.013100 -0.031252 -0.124490 -0.991729 -0.870100 -2.294500
15 -4.156200 -0.442802 13.015800 0.158633 -0.862768 -0.480069 -0.909600 -2.295500
15 -6.528600 -0.284402 13.113000 -0.016344 -0.875484 -0.482971 -0.870100 -2.296900
larry.png
15 -6.528600 -0.127802 13.013100 -0.031252 -0.124490 -0.991729 -0.870100 -2.294500
15 -4.156200 -0.127802 12.816900 0.205236 0.092851 -0.974298 -0.909600 -2.291500
15 -4.156200 -0.442802 13.015800 0.158633 -0.862768 -0.480069 -0.909600 -2.295500
larry.png
2 -3.768300 -0.127802 13.208400 1.000000 0.000569 -0.000380 -0.916800 -2.299300
15 -3.859200 0.080098 13.080600 0.629045 0.682234 -0.372638 -0.915100 -2.296800
2 -3.859200 0.080098 13.336200 0.670613 0.594502 0.443673 -0.915100 -2.301900
larry.png
2 -3.768300 -0.127802 13.208400 1.000000 0.000569 -0.000380 -0.916800 -2.299300
15 -3.859200 -0.127802 12.949200 0.752963 0.000727 -0.658063 -0.915100 -2.294100
15 -3.859200 0.080098 13.080600 0.629045 0.682234 -0.372638 -0.915100 -2.296800
larry.png
2 -3.768300 -0.127802 13.208400 1.000000 0.000569 -0.000380 -0.916800 -2.299300
15 -3.859200 -0.336602 13.080600 0.671624 -0.592672 -0.444591 -0.915100 -2.296800
15 -3.859200 -0.127802 12.949200 0.752963 0.000727 -0.658063 -0.915100 -2.294100
larry.png
15 -3.859200 0.080098 13.080600 0.629045 0.682234 -0.372638 -0.915100 -2.296800
15 -4.156200 0.186298 13.401000 0.158738 0.862839 0.479907 -0.909600 -2.303200
2 -3.859200 0.080098 13.336200 0.670613 0.594502 0.443673 -0.915100 -2.301900
larry.png
2 -3.859200 0.080098 13.336200 0.670613 0.594502 0.443673 -0.915100 -2.301900
15 -4.156200 0.186298 13.401000 0.158738 0.862839 0.479907 -0.909600 -2.303200
15 -4.156200 -0.127802 13.599900 0.204337 -0.090621 0.974697 -0.909600 -2.307200
larry.png
2 -3.859200 0.080098 13.336200 0.670613 0.594502 0.443673 -0.915100 -2.301900
15 -4.156200 -0.127802 13.599900 0.204337 -0.090621 0.974697 -0.909600 -2.307200
2 -3.859200 -0.127802 13.468500 0.752833 0.000730 0.658211 -0.915100 -2.304500
larry.png
15 -3.859200 -0.127802 12.949200 0.752963 0.000727 -0.658063 -0.915100 -2.294100
15 -4.156200 -0.127802 12.816900 0.205236 0.092851 -0.974298 -0.909600 -2.291500
15 -3.859200 0.080098 13.080600 0.629045 0.682234 -0.372638 -0.915100 -2.296800
larry.png
2 -3.859200 -0.336602 13.336200 0.628971 -0.682243 0.372746 -0.915100 -2.301900
15 -4.156200 -0.442802 13.401000 0.112281 -0.918787 0.378450 -0.909600 -2.303200
15 -4.156200 -0.442802 13.015800 0.158633 -0.862768 -0.480069 -0.909600 -2.295500
larry.png
2 -3.859200 -0.336602 13.336200 0.628971 -0.682243 0.372746 -0.915100 -2.301900
15 -4.156200 -0.442802 13.015800 0.158633 -0.862768 -0.480069 -0.909600 -2.295500
15 -3.859200 -0.336602 13.080600 0.671624 -0.592672 -0.444591 -0.915100 -2.296800
larry.png
15 -4.156200 -0.127802 13.599900 0.204337 -0.090621 0.974697 -0.909600 -2.307200
15 -4.156200 -0.442802 13.401000 0.112281 -0.918787 0.378450 -0.909600 -2.303200
2 -3.859200 -0.336602 13.336200 0.628971 -0.682243 0.372746 -0.915100 -2.301900
larry.png
2 -3.859200 -0.127802 13.468500 0.752833 0.000730 0.658211 -0.915100 -2.304500
15 -4.156200 -0.127802 13.599900 0.204337 -0.090621 0.974697 -0.909600 -2.307200
2 -3.859200 -0.336602 13.336200 0.628971 -0.682243 0.372746 -0.915100 -2.301900
larry.png
15 -3.859200 -0.336602 13.080600 0.671624 -0.592672 -0.444591 -0.915100 -2.296800
15 -4.156200 -0.442802 13.015800 0.158633 -0.862768 -0.480069 -0.909600 -2.295500
15 -4.156200 -0.127802 12.816900 0.205236 0.092851 -0.974298 -0.909600 -2.291500
larry.png
15 -3.859200 -0.336602 13.080600 0.671624 -0.592672 -0.444591 -0.915100 -2.296800
15 -4.156200 -0.127802 12.816900 0.205236 0.092851 -0.974298 -0.909600 -2.291500
15 -3.859200 -0.127802 12.949200 0.752963 0.000727 -0.658063 -0.915100 -2.294100
larry.png
16 -9.143100 0.769498 13.246200 0.839065 0.541579 0.051602 -0.817000 -2.300100
16 -8.489700 0.171898 13.392900 0.515687 0.758731 0.397988 -0.829500 -2.303000
16 -8.489700 0.171898 13.024799 0.522839 0.692184 -0.497515 -0.829500 -2.295600
larry.png
11 8.052299 -0.127802 12.926701 -0.128717 0.000909 -0.991681 -0.865700 -2.294500
11 8.288100 -0.127802 12.876300 -0.222626 0.000718 -0.974904 -0.861400 -2.294300
11 8.288100 -0.398702 13.042800 -0.186488 -0.858041 -0.478526 -0.861400 -2.296800
larry.png
11 8.052299 0.099898 13.348800 -0.123508 0.867737 0.481433 -0.865700 -2.301700
11 8.288100 0.142198 13.042800 -0.187963 0.893293 -0.408285 -0.861400 -2.296800
11 8.052299 0.099898 13.068000 -0.107310 0.917255 -0.383572 -0.865700 -2.296900
larry.png
12 8.489700 0.171898 13.392900 -0.483720 0.776038 0.404698 -0.829500 -2.303000
11 8.288100 0.142198 13.042800 -0.187963 0.893293 -0.408285 -0.861400 -2.296800
12 8.288100 0.142198 13.374000 -0.202141 0.760880 0.616604 -0.861400 -2.301900
larry.png
12 8.489700 0.171898 13.024799 -0.491948 0.705863 -0.509651 -0.829500 -2.295600
11 8.288100 -0.127802 12.876300 -0.222626 0.000718 -0.974904 -0.861400 -2.294300
11 8.288100 0.142198 13.042800 -0.187963 0.893293 -0.408285 -0.861400 -2.296800
larry.png
11 8.052299 0.099898 13.068000 -0.107310 0.917255 -0.383572 -0.865700 -2.296900
11 8.288100 0.142198 13.042800 -0.187963 0.893293 -0.408285 -0.861400 -2.296800
11 8.052299 -0.127802 12.926701 -0.128717 0.000909 -0.991681 -0.865700 -2.294500
larry.png
11 8.288100 0.142198 13.042800 -0.187963 0.893293 -0.408285 -0.861400 -2.296800
11 8.288100 -0.127802 12.876300 -0.222626 0.000718 -0.974904 -0.861400 -2.294300
11 8.052299 -0.127802 12.926701 -0.128717 0.000909 -0.991681 -0.865700 -2.294500
larry.png
1 0.000000 0.731700 2.324700 -0.000000 0.107957 -0.994156 -0.107600 -1.693100
1 1.238400 0.706500 2.469600 0.407351 0.118442 -0.905559 -0.227100 -1.791000
1 1.145700 -0.476100 2.367900 0.277343 -0.040936 -0.959899 -0.338300 -1.635900
larry.png
1 1.145700 -0.476100 2.367900 0.277343 -0.040936 -0.959899 -0.338300 -1.635900
1 0.000000 -0.396900 2.218500 -0.000000 -0.094384 -0.995536 -0.212400 -1.564500
1 0.000000 0.731700 2.324700 -0.000000 0.107957 -0.994156 -0.107600 -1.693100
larry.png
1 1.145700 -0.476100 2.367900 0.277343 -0.040936 -0.959899 -0.410700 -0.615800
1 1.131300 -1.659600 2.619000 0.301494 -0.371960 -0.877922 -0.411000 -0.624700
1 0.000000 -0.396900 2.218500 -0.000000 -0.094384 -0.995536 -0.429800 -0.610500
larry.png
1 2.027700 -0.900000 2.912400 0.718002 -0.099682 -0.688866 -0.487700 -1.727800
1 1.145700 -0.476100 2.367900 0.277343 -0.040936 -0.959899 -0.338300 -1.635900
1 1.238400 0.706500 2.469600 0.407351 0.118442 -0.905559 -0.227100 -1.791000
larry.png
2 1.008000 -2.169002 14.356799 0.248490 -0.614385 0.748855 1.275900 -2.315900
2 0.000000 -2.515502 14.356799 0.000000 -0.924314 0.381632 1.260100 -2.315900
2 0.000000 -3.091502 13.763700 0.000000 -0.414530 0.910036 1.260100 -2.314000
larry.png
1 1.987200 0.672300 3.240000 0.920645 0.267221 -0.284614 -0.381700 -1.910400
1 1.238400 0.706500 2.469600 0.407351 0.118442 -0.905559 -0.227100 -1.791000
1 1.276200 1.755000 2.649600 0.454675 0.519939 -0.723142 -0.140500 -1.896000
larry.png
1 0.000000 1.751400 2.483100 0.000000 0.344819 -0.938669 -0.031200 -1.798500
1 1.238400 0.706500 2.469600 0.407351 0.118442 -0.905559 -0.227100 -1.791000
1 0.000000 0.731700 2.324700 -0.000000 0.107957 -0.994156 -0.107600 -1.693100
larry.png
1 -1.145700 -0.476100 2.367900 -0.277343 -0.040936 -0.959899 -0.442100 -0.635700
1 -1.238400 0.706500 2.469600 -0.407351 0.118442 -0.905559 -0.444300 -0.628700
1 0.000000 0.731700 2.324700 -0.000000 0.107957 -0.994156 -0.415500 -0.628600
larry.png
1 0.000000 0.731700 2.324700 -0.000000 0.107957 -0.994156 -0.415500 -0.628600
1 0.000000 -0.396900 2.218500 -0.000000 -0.094384 -0.995536 -0.415500 -0.635200
1 -1.145700 -0.476100 2.367900 -0.277343 -0.040936 -0.959899 -0.442100 -0.635700
larry.png
1 0.000000 -0.396900 2.218500 -0.000000 -0.094384 -0.995536 1.781200 -1.718700
1 -1.131300 -1.659600 2.619000 -0.301494 -0.371960 -0.877922 1.650500 -1.862900
1 -1.145700 -0.476100 2.367900 -0.277343 -0.040936 -0.959899 1.648700 -1.727500
larry.png
1 -1.238400 0.706500 2.469600 -0.407351 0.118442 -0.905559 -1.282700 -1.779700
1 -1.145700 -0.476100 2.367900 -0.277343 -0.040936 -0.959899 -1.159300 -1.736400
1 -2.027700 -0.900000 2.912400 -0.718002 -0.099682 -0.688866 -1.164000 -1.657400
larry.png
2 0.000000 -3.091502 13.763700 0.000000 -0.414530 0.910036 1.260100 -2.314000
2 0.000000 -2.515502 14.356799 0.000000 -0.924314 0.381632 1.260100 -2.315900
2 -1.008000 -2.169002 14.356799 -0.248490 -0.614385 0.748855 1.244400 -2.315900
larry.png
2 -0.768600 -2.996102 14.001300 0.125357 -0.307098 0.943386 1.248100 -2.316400
2 -1.008000 -2.169002 14.356799 -0.248490 -0.614385 0.748855 1.244400 -2.315900
2 -1.984500 -2.516402 14.170500 0.006235 -0.283398 0.958982 1.229100 -2.317300
larry.png
2 0.000000 -3.091502 13.763700 0.000000 -0.414530 0.910036 1.260100 -2.314000
2 -1.008000 -2.169002 14.356799 -0.248490 -0.614385 0.748855 1.244400 -2.315900
2 -0.768600 -2.996102 14.001300 0.125357 -0.307098 0.943386 1.248100 -2.316400
larry.png
4 -0.743400 -2.226602 14.731200 -0.482293 -0.867202 -0.123909 1.248500 -2.318500
2 -1.008000 -2.169002 14.356799 -0.248490 -0.614385 0.748855 1.244400 -2.315900
2 0.000000 -2.515502 14.356799 0.000000 -0.924314 0.381632 1.260100 -2.315900
larry.png
2 -1.684800 -1.329302 14.678101 -0.535380 -0.562489 0.630059 1.233800 -2.320000
2 -1.008000 -2.169002 14.356799 -0.248490 -0.614385 0.748855 1.244400 -2.315900
3 -1.210500 -1.611902 14.862599 -0.701255 -0.699182 0.139233 1.241200 -2.322300
larry.png
1 -1.276200 1.755000 2.649600 -0.454675 0.519939 -0.723142 -0.451100 -0.625800
1 -1.238400 0.706500 2.469600 -0.407351 0.118442 -0.905559 -0.447400 -0.619400
1 -1.987200 0.672300 3.240000 -0.920645 0.267221 -0.284614 -0.462900 -0.646700
larry.png
1 0.000000 0.731700 2.324700 -0.000000 0.107957 -0.994156 0.697300 -1.657900
1 -1.238400 0.706500 2.469600 -0.407351 0.118442 -0.905559 0.560400 -1.660700
1 0.000000 1.751400 2.483100 0.000000 0.344819 -0.938669 0.697300 -1.531700
larry.png
16 -10.556100 0.556198 11.937600 0.252569 0.211973 -0.944074 -0.791500 -2.274400
16 -11.757600 -0.127802 11.571300 0.363933 0.000547 -0.931425 -0.769000 -2.266500
16 -10.856700 1.039498 12.044700 -0.051134 0.715262 -0.696983 -0.786100 -2.276500
larry.png
18 -12.555900 1.108798 11.475900 0.245773 0.827821 -0.504290 -0.754300 -2.264600
16 -11.757600 -0.127802 11.571300 0.363933 0.000547 -0.931425 -0.769000 -2.266500
18 -12.360600 -0.127801 10.542600 0.686466 0.000156 -0.727162 -0.757900 -2.245900
larry.png
16 -10.856700 1.039498 12.044700 -0.051134 0.715262 -0.696983 -0.786100 -2.276500
16 -11.757600 1.167298 11.926800 0.220615 0.775893 -0.591033 -0.769000 -2.273600
16 -11.757600 1.504798 13.212001 0.164573 0.986354 0.004534 -0.769000 -2.299400
larry.png
16 -11.757600 1.504798 13.212001 0.164573 0.986354 0.004534 -0.769000 -2.299400
16 -11.757600 1.167298 11.926800 0.220615 0.775893 -0.591033 -0.769000 -2.273600
17 -12.701699 1.524598 12.960899 -0.055806 0.953127 -0.297378 -0.751600 -2.294400
larry.png
16 -10.567801 1.089898 13.946400 0.256739 0.945538 0.200108 -0.791300 -2.313800
16 -11.757600 1.504798 13.212001 0.164573 0.986354 0.004534 -0.769000 -2.299400
16 -10.890000 1.016998 14.355901 -0.071898 0.726720 0.683161 -0.785500 -2.321800
larry.png
16 -11.757600 -0.127802 11.571300 0.363933 0.000547 -0.931425 -0.769000 -2.266500
16 -11.757600 1.167298 11.926800 0.220615 0.775893 -0.591033 -0.769000 -2.273600
16 -10.856700 1.039498 12.044700 -0.051134 0.715262 -0.696983 -0.786100 -2.276500
larry.png
16 -10.834200 -1.292402 12.048301 0.030550 -0.568161 -0.822350 -0.786500 -2.276600
16 -11.757600 -0.127802 11.571300 0.363933 0.000547 -0.931425 -0.769000 -2.266500
16 -10.556100 -0.912602 11.973600 0.255527 -0.171204 -0.951523 -0.791500 -2.275100
larry.png
16 -11.757600 -1.423802 11.926800 0.220933 -0.775805 -0.591029 -0.769000 -2.273600
16 -12.555900 -1.365301 11.475900 0.245867 -0.827748 -0.504363 -0.754300 -2.264600
16 -11.757600 -0.127802 11.571300 0.363933 0.000547 -0.931425 -0.769000 -2.266500
larry.png
18 -12.360600 -0.127801 10.542600 0.686466 0.000156 -0.727162 -0.757900 -2.245900
16 -11.757600 -0.127802 11.571300 0.363933 0.000547 -0.931425 -0.769000 -2.266500
16 -12.555900 -1.365301 11.475900 0.245867 -0.827748 -0.504363 -0.754300 -2.264600
larry.png
18 -12.762000 -1.244702 10.985400 0.073253 -0.952682 -0.295010 -0.750400 -2.254800
16 -12.555900 -1.365301 11.475900 0.245867 -0.827748 -0.504363 -0.754300 -2.264600
17 -13.050000 -1.152902 11.810699 -0.658820 -0.704151 -0.264818 -0.745100 -2.271300
larry.png
17 -13.050000 -1.152902 11.810699 -0.658820 -0.704151 -0.264818 -0.745100 -2.271300
16 -12.555900 -1.365301 11.475900 0.245867 -0.827748 -0.504363 -0.754300 -2.264600
17 -12.701699 -1.781102 12.960899 -0.055806 -0.953127 -0.297378 -0.751600 -2.294400
larry.png
17 -12.701699 -1.781102 12.960899 -0.055806 -0.953127 -0.297378 -0.751600 -2.294400
16 -12.555900 -1.365301 11.475900 0.245867 -0.827748 -0.504363 -0.754300 -2.264600
16 -11.757600 -1.423802 11.926800 0.220933 -0.775805 -0.591029 -0.769000 -2.273600
larry.png
13 12.440701 -1.285202 15.297300 -0.626237 -0.482991 0.612003 -0.756400 -2.341200
13 12.184200 -0.127802 15.491700 -0.712187 0.000100 0.701990 -0.761100 -2.345100
13 11.757600 -0.127802 14.908500 -0.495142 -0.003046 0.868807 -0.769000 -2.333400
larry.png
13 11.757600 -0.127802 14.908500 -0.495142 -0.003046 0.868807 -0.769000 -2.333400
13 12.184200 -0.127802 15.491700 -0.712187 0.000100 0.701990 -0.761100 -2.345100
13 12.440701 1.028698 15.297300 -0.626197 0.483112 0.611948 -0.756400 -2.341200
larry.png
13 12.440701 1.028698 15.297300 -0.626197 0.483112 0.611948 -0.756400 -2.341200
13 12.184200 -0.127802 15.491700 -0.712187 0.000100 0.701990 -0.761100 -2.345100
13 13.089600 -0.127802 16.174799 -0.430697 0.000099 0.902497 -0.744400 -2.358800
end
